response_id,tap_id,tap_type_id,tap_class,month,responder_email,responder_name,responder_department,responder_authority,responded_at,minutes_to_respond,outcome,answer,deflected_to,rationale,quality_score,rated_worth_asking,durable,reversed_at
RSP000001,TAP000001,denial_reason_classification,tactical,2026-02,rpatel@northharbor.health,Rohan Patel,Revenue Cycle,ic,2026-02-08T16:04:00,54,answered,Timely filing,,,0.92,false,true,
RSP000002,TAP000002,denial_reason_classification,tactical,2026-02,ysong@northharbor.health,Yuna Song,Revenue Cycle,lead,2026-02-03T10:06:00,7,answered,Authorization or referral,,,0.88,,true,
RSP000003,TAP000003,denial_reason_classification,tactical,2026-02,mdiallo@northharbor.health,Mariam Diallo,Revenue Cycle,ic,2026-02-12T14:52:00,59,answered,Timely filing,,,0.68,true,true,
RSP000004,TAP000004,denial_reason_classification,tactical,2026-02,ysong@northharbor.health,Yuna Song,Revenue Cycle,lead,2026-02-22T12:12:00,16,answered,Eligibility or coverage,,,1.0,,true,
RSP000005,TAP000005,denial_reason_classification,tactical,2026-02,rpatel@northharbor.health,Rohan Patel,Revenue Cycle,ic,2026-02-02T16:23:00,47,answered,Authorization or referral,,,0.75,,true,
RSP000006,TAP000006,denial_reason_classification,tactical,2026-02,nabara@northharbor.health,Nkechi Abara,Revenue Cycle,ic,2026-02-04T14:54:00,18,answered,Coding or documentation,,,0.94,,true,
RSP000007,TAP000007,denial_reason_classification,tactical,2026-02,rpatel@northharbor.health,Rohan Patel,Revenue Cycle,ic,2026-02-10T13:50:00,20,answered,Not sure -- route to a coder,,see thread,0.5,,false,2026-03-05T13:50:00
RSP000008,TAP000009,denial_reason_classification,tactical,2026-02,kobrien@northharbor.health,Kate O'Brien,Revenue Cycle,ic,2026-02-10T19:23:00,9,answered,Authorization or referral,,,0.8,,false,
RSP000009,TAP000010,denial_reason_classification,tactical,2026-02,rpatel@northharbor.health,Rohan Patel,Revenue Cycle,ic,2026-02-14T13:22:00,92,answered,Clinical / medical necessity,,,0.78,,true,
RSP000010,TAP000011,denial_reason_classification,tactical,2026-02,nabara@northharbor.health,Nkechi Abara,Revenue Cycle,ic,2026-02-27T17:58:00,24,answered,Clinical / medical necessity,,,0.79,,true,
RSP000011,TAP000012,denial_reason_classification,tactical,2026-02,ysong@northharbor.health,Yuna Song,Revenue Cycle,lead,2026-02-01T15:06:00,126,answered,Authorization or referral,,,0.8,true,true,
RSP000012,TAP000013,denial_reason_classification,tactical,2026-02,mdiallo@northharbor.health,Mariam Diallo,Revenue Cycle,ic,2026-02-26T18:48:00,36,answered,Authorization or referral,,,0.79,true,true,
RSP000013,TAP000014,denial_reason_classification,tactical,2026-02,mdiallo@northharbor.health,Mariam Diallo,Revenue Cycle,ic,2026-02-16T15:20:00,17,answered,Clinical / medical necessity,,,0.97,true,true,
RSP000014,TAP000015,denial_reason_classification,tactical,2026-02,thoffman@northharbor.health,Tobias Hoffman,Revenue Cycle,ic,2026-02-28T16:02:00,22,answered,Clinical / medical necessity,,,0.59,,true,
RSP000015,TAP000016,denial_reason_classification,tactical,2026-02,kobrien@northharbor.health,Kate O'Brien,Revenue Cycle,ic,2026-02-04T13:24:00,9,answered,Coding or documentation,,,0.63,true,true,
RSP000016,TAP000017,denial_reason_classification,tactical,2026-02,nabara@northharbor.health,Nkechi Abara,Revenue Cycle,ic,2026-02-06T11:51:00,59,answered,Not sure -- route to a coder,,see thread,0.48,true,false,
RSP000017,TAP000018,denial_reason_classification,tactical,2026-02,mdiallo@northharbor.health,Mariam Diallo,Revenue Cycle,ic,2026-02-17T12:02:00,54,answered,Authorization or referral,,,0.78,true,true,
RSP000018,TAP000020,denial_reason_classification,tactical,2026-02,kobrien@northharbor.health,Kate O'Brien,Revenue Cycle,ic,2026-02-18T19:48:00,7,answered,Timely filing,,,0.74,true,true,
RSP000019,TAP000021,denial_reason_classification,tactical,2026-02,rpatel@northharbor.health,Rohan Patel,Revenue Cycle,ic,2026-02-05T10:00:00,24,deflected,,thoffman@northharbor.health,,1.0,,false,
RSP000020,TAP000022,denial_reason_classification,tactical,2026-02,mdiallo@northharbor.health,Mariam Diallo,Revenue Cycle,ic,2026-02-07T17:42:00,154,answered,Clinical / medical necessity,,,0.78,false,true,
RSP000021,TAP000023,denial_reason_classification,tactical,2026-02,nabara@northharbor.health,Nkechi Abara,Revenue Cycle,ic,2026-02-06T15:36:00,18,answered,Eligibility or coverage,,,0.85,,true,
RSP000022,TAP000024,denial_reason_classification,tactical,2026-02,ysong@northharbor.health,Yuna Song,Revenue Cycle,lead,2026-02-09T19:05:00,40,answered,Not sure -- route to a coder,,see thread,0.43,false,false,2026-03-25T19:05:00
RSP000023,TAP000025,denial_reason_classification,tactical,2026-02,ysong@northharbor.health,Yuna Song,Revenue Cycle,lead,2026-02-05T15:13:00,104,answered,Clinical / medical necessity,,,0.83,true,true,
RSP000024,TAP000027,denial_reason_classification,tactical,2026-02,mdiallo@northharbor.health,Mariam Diallo,Revenue Cycle,ic,2026-02-19T10:00:00,13,answered,Clinical / medical necessity,,,0.65,true,true,
RSP000025,TAP000029,denial_reason_classification,tactical,2026-02,thoffman@northharbor.health,Tobias Hoffman,Revenue Cycle,ic,2026-02-05T17:03:00,31,answered,Clinical / medical necessity,,,0.61,,true,
RSP000026,TAP000030,denial_reason_classification,tactical,2026-02,thoffman@northharbor.health,Tobias Hoffman,Revenue Cycle,ic,2026-02-15T16:56:00,43,answered,Clinical / medical necessity,,,0.9,true,true,
RSP000027,TAP000031,denial_reason_classification,tactical,2026-02,thoffman@northharbor.health,Tobias Hoffman,Revenue Cycle,ic,2026-02-12T13:03:00,66,answered,Coding or documentation,,,0.66,,true,
RSP000028,TAP000032,denial_reason_classification,tactical,2026-02,ysong@northharbor.health,Yuna Song,Revenue Cycle,lead,2026-02-22T17:28:00,36,answered,Eligibility or coverage,,,0.74,,true,
RSP000029,TAP000033,denial_reason_classification,tactical,2026-02,nabara@northharbor.health,Nkechi Abara,Revenue Cycle,ic,2026-02-24T13:39:00,113,answered,Timely filing,,,0.58,true,false,
RSP000030,TAP000035,denial_reason_classification,tactical,2026-02,mdiallo@northharbor.health,Mariam Diallo,Revenue Cycle,ic,2026-02-06T15:27:00,95,answered,Coding or documentation,,,0.83,true,false,
RSP000031,TAP000036,denial_reason_classification,tactical,2026-02,nabara@northharbor.health,Nkechi Abara,Revenue Cycle,ic,2026-02-05T18:05:00,43,answered,Timely filing,,,0.73,true,true,
RSP000032,TAP000037,denial_reason_classification,tactical,2026-02,nabara@northharbor.health,Nkechi Abara,Revenue Cycle,ic,2026-02-06T09:56:00,27,answered,Timely filing,,,0.69,true,true,
RSP000033,TAP000038,denial_reason_classification,tactical,2026-02,kobrien@northharbor.health,Kate O'Brien,Revenue Cycle,ic,2026-02-26T18:10:00,141,answered,Timely filing,,,0.72,true,true,
RSP000034,TAP000039,denial_reason_classification,tactical,2026-02,lbrennan@northharbor.health,Liam Brennan,Revenue Cycle,manager,2026-02-25T19:08:00,18,answered,Timely filing,,,0.65,false,true,
RSP000035,TAP000040,denial_reason_classification,tactical,2026-02,ysong@northharbor.health,Yuna Song,Revenue Cycle,lead,2026-02-05T13:45:00,24,answered,Authorization or referral,,,1.0,true,true,
RSP000036,TAP000041,denial_reason_classification,tactical,2026-02,nabara@northharbor.health,Nkechi Abara,Revenue Cycle,ic,2026-02-06T18:11:00,22,answered,Not sure -- route to a coder,,see thread,0.67,,false,
RSP000037,TAP000042,denial_reason_classification,tactical,2026-02,rpatel@northharbor.health,Rohan Patel,Revenue Cycle,ic,2026-02-08T14:28:00,26,deflected,,mdiallo@northharbor.health,,0.73,,false,
RSP000038,TAP000044,charge_capture_variance,tactical,2026-02,thoffman@northharbor.health,Tobias Hoffman,Revenue Cycle,ic,2026-02-23T20:35:00,238,answered,Not sure,,see thread,0.53,false,false,
RSP000039,TAP000046,charge_capture_variance,tactical,2026-02,rpatel@northharbor.health,Rohan Patel,Revenue Cycle,ic,2026-02-15T14:01:00,140,deflected,,mdiallo@northharbor.health,,0.86,false,false,
RSP000040,TAP000047,charge_capture_variance,tactical,2026-02,kobrien@northharbor.health,Kate O'Brien,Revenue Cycle,ic,2026-02-14T19:07:00,177,answered,Data problem,,,0.86,true,true,
RSP000041,TAP000048,charge_capture_variance,tactical,2026-02,ysong@northharbor.health,Yuna Song,Revenue Cycle,lead,2026-02-22T23:21:00,389,deflected,,mdiallo@northharbor.health,,1.0,,false,
RSP000042,TAP000049,charge_capture_variance,tactical,2026-02,mdiallo@northharbor.health,Mariam Diallo,Revenue Cycle,ic,2026-02-03T14:23:00,196,answered,Data problem,,,0.91,,true,
RSP000043,TAP000050,charge_capture_variance,tactical,2026-02,ysong@northharbor.health,Yuna Song,Revenue Cycle,lead,2026-02-17T14:07:00,83,answered,Real -- fee schedule change,,,0.94,,true,
RSP000044,TAP000051,charge_capture_variance,tactical,2026-02,kobrien@northharbor.health,Kate O'Brien,Revenue Cycle,ic,2026-02-18T10:32:00,185,answered,Data problem,,,0.7,false,false,
RSP000045,TAP000055,charge_capture_variance,tactical,2026-02,rpatel@northharbor.health,Rohan Patel,Revenue Cycle,ic,2026-02-07T15:04:00,85,deflected,,thoffman@northharbor.health,,0.94,true,false,
RSP000046,TAP000058,charge_capture_variance,tactical,2026-02,thoffman@northharbor.health,Tobias Hoffman,Revenue Cycle,ic,2026-02-19T14:13:00,120,answered,Real -- fee schedule change,,,0.94,true,true,
RSP000047,TAP000059,charge_capture_variance,tactical,2026-02,mdiallo@northharbor.health,Mariam Diallo,Revenue Cycle,ic,2026-02-20T03:46:00,839,answered,Data problem,,,0.89,true,true,
RSP000048,TAP000061,charge_capture_variance,tactical,2026-02,kobrien@northharbor.health,Kate O'Brien,Revenue Cycle,ic,2026-02-24T23:07:00,434,answered,Real -- fee schedule change,,,0.61,true,true,
RSP000049,TAP000063,charge_capture_variance,tactical,2026-02,mdiallo@northharbor.health,Mariam Diallo,Revenue Cycle,ic,2026-02-11T00:30:00,467,answered,Not sure,,see thread,0.39,false,false,2026-03-05T00:30:00
RSP000050,TAP000065,charge_capture_variance,tactical,2026-02,thoffman@northharbor.health,Tobias Hoffman,Revenue Cycle,ic,2026-02-09T13:51:00,200,answered,Real -- fee schedule change,,,1.0,false,true,
RSP000051,TAP000066,charge_capture_variance,tactical,2026-02,mdiallo@northharbor.health,Mariam Diallo,Revenue Cycle,ic,2026-02-07T22:09:00,257,answered,Real -- fee schedule change,,,0.74,true,true,
RSP000052,TAP000068,charge_capture_variance,tactical,2026-02,rpatel@northharbor.health,Rohan Patel,Revenue Cycle,ic,2026-02-27T19:13:00,130,deflected,,nabara@northharbor.health,,0.74,,false,
RSP000053,TAP000070,charge_capture_variance,tactical,2026-02,kobrien@northharbor.health,Kate O'Brien,Revenue Cycle,ic,2026-02-18T19:17:00,188,answered,Real -- operational change,,,0.85,true,true,
RSP000054,TAP000072,charge_capture_variance,tactical,2026-02,mdiallo@northharbor.health,Mariam Diallo,Revenue Cycle,ic,2026-02-15T22:38:00,200,answered,Real -- fee schedule change,,,0.73,false,true,
RSP000055,TAP000073,charge_capture_variance,tactical,2026-02,kobrien@northharbor.health,Kate O'Brien,Revenue Cycle,ic,2026-02-07T10:50:00,163,answered,Data problem,,,0.73,false,true,
RSP000056,TAP000074,charge_capture_variance,tactical,2026-02,kobrien@northharbor.health,Kate O'Brien,Revenue Cycle,ic,2026-03-01T10:31:00,1098,answered,Data problem,,,0.99,,true,
RSP000057,TAP000076,charge_capture_variance,tactical,2026-02,thoffman@northharbor.health,Tobias Hoffman,Revenue Cycle,ic,2026-02-17T18:44:00,482,answered,Real -- operational change,,,0.66,,false,2026-02-24T18:44:00
RSP000058,TAP000077,charge_capture_variance,tactical,2026-02,nabara@northharbor.health,Nkechi Abara,Revenue Cycle,ic,2026-02-06T21:44:00,440,deflected,,rpatel@northharbor.health,,0.98,true,false,
RSP000059,TAP000078,charge_capture_variance,tactical,2026-02,ysong@northharbor.health,Yuna Song,Revenue Cycle,lead,2026-02-03T18:18:00,169,answered,Real -- fee schedule change,,,0.7,false,false,
RSP000060,TAP000080,charge_capture_variance,tactical,2026-02,ysong@northharbor.health,Yuna Song,Revenue Cycle,lead,2026-02-09T14:49:00,169,answered,Not sure,,see thread,0.34,true,false,
RSP000061,TAP000083,charge_capture_variance,tactical,2026-02,thoffman@northharbor.health,Tobias Hoffman,Revenue Cycle,ic,2026-02-04T14:35:00,164,answered,Not sure,,see thread,0.53,,false,
RSP000062,TAP000085,charge_capture_variance,tactical,2026-02,rpatel@northharbor.health,Rohan Patel,Revenue Cycle,ic,2026-02-04T00:21:00,391,answered,Real -- operational change,,,1.0,,true,
RSP000063,TAP000087,charge_capture_variance,tactical,2026-02,mdiallo@northharbor.health,Mariam Diallo,Revenue Cycle,ic,2026-02-24T12:34:00,244,deflected,,kobrien@northharbor.health,,0.88,,false,
RSP000064,TAP000088,charge_capture_variance,tactical,2026-02,ysong@northharbor.health,Yuna Song,Revenue Cycle,lead,2026-02-27T16:12:00,167,answered,Not sure,,see thread,0.55,,false,
RSP000065,TAP000089,charge_capture_variance,tactical,2026-02,thoffman@northharbor.health,Tobias Hoffman,Revenue Cycle,ic,2026-02-28T17:21:00,134,answered,Real -- fee schedule change,,,0.93,false,true,
RSP000066,TAP000090,charge_capture_variance,tactical,2026-02,thoffman@northharbor.health,Tobias Hoffman,Revenue Cycle,ic,2026-02-25T19:24:00,1440,answered,Data problem,,,0.72,,true,
RSP000067,TAP000091,denial_reason_classification,tactical,2026-03,nabara@northharbor.health,Nkechi Abara,Revenue Cycle,ic,2026-03-21T15:39:00,98,answered,Clinical / medical necessity,,,0.53,,false,2026-04-22T15:39:00
RSP000068,TAP000093,denial_reason_classification,tactical,2026-03,kobrien@northharbor.health,Kate O'Brien,Revenue Cycle,ic,2026-03-06T09:05:00,14,answered,Coding or documentation,,,0.9,true,true,
RSP000069,TAP000096,denial_reason_classification,tactical,2026-03,thoffman@northharbor.health,Tobias Hoffman,Revenue Cycle,ic,2026-03-13T19:25:00,76,answered,Timely filing,,,0.79,true,true,
RSP000070,TAP000097,denial_reason_classification,tactical,2026-03,nabara@northharbor.health,Nkechi Abara,Revenue Cycle,ic,2026-03-15T17:50:00,46,answered,Eligibility or coverage,,,0.83,true,true,
RSP000071,TAP000098,denial_reason_classification,tactical,2026-03,nabara@northharbor.health,Nkechi Abara,Revenue Cycle,ic,2026-03-20T10:13:00,12,answered,Eligibility or coverage,,,0.81,,true,
RSP000072,TAP000100,denial_reason_classification,tactical,2026-03,thoffman@northharbor.health,Tobias Hoffman,Revenue Cycle,ic,2026-03-10T13:36:00,46,answered,Eligibility or coverage,,,0.96,,true,
RSP000073,TAP000101,denial_reason_classification,tactical,2026-03,rpatel@northharbor.health,Rohan Patel,Revenue Cycle,ic,2026-03-16T10:29:00,31,answered,Authorization or referral,,,0.84,true,false,
RSP000074,TAP000102,denial_reason_classification,tactical,2026-03,thoffman@northharbor.health,Tobias Hoffman,Revenue Cycle,ic,2026-03-15T18:02:00,28,answered,Eligibility or coverage,,,0.85,,true,
RSP000075,TAP000103,denial_reason_classification,tactical,2026-03,nabara@northharbor.health,Nkechi Abara,Revenue Cycle,ic,2026-03-24T18:04:00,41,answered,Clinical / medical necessity,,,0.67,true,true,
RSP000076,TAP000104,denial_reason_classification,tactical,2026-03,rpatel@northharbor.health,Rohan Patel,Revenue Cycle,ic,2026-03-20T15:19:00,33,answered,Eligibility or coverage,,,0.92,true,true,
RSP000077,TAP000105,denial_reason_classification,tactical,2026-03,rpatel@northharbor.health,Rohan Patel,Revenue Cycle,ic,2026-03-09T15:46:00,3,answered,Eligibility or coverage,,,0.79,true,true,
RSP000078,TAP000106,denial_reason_classification,tactical,2026-03,rpatel@northharbor.health,Rohan Patel,Revenue Cycle,ic,2026-03-08T10:18:00,39,answered,Coding or documentation,,,0.86,true,true,
RSP000079,TAP000107,denial_reason_classification,tactical,2026-03,ysong@northharbor.health,Yuna Song,Revenue Cycle,lead,2026-03-17T15:07:00,31,answered,Timely filing,,,1.0,false,true,
RSP000080,TAP000108,denial_reason_classification,tactical,2026-03,rpatel@northharbor.health,Rohan Patel,Revenue Cycle,ic,2026-03-04T13:15:00,20,answered,Clinical / medical necessity,,,0.71,,true,
RSP000081,TAP000109,denial_reason_classification,tactical,2026-03,rpatel@northharbor.health,Rohan Patel,Revenue Cycle,ic,2026-03-05T17:48:00,12,answered,Timely filing,,,0.9,true,true,
RSP000082,TAP000111,denial_reason_classification,tactical,2026-03,mdiallo@northharbor.health,Mariam Diallo,Revenue Cycle,ic,2026-03-28T16:49:00,86,answered,Clinical / medical necessity,,,0.88,true,true,
RSP000083,TAP000114,denial_reason_classification,tactical,2026-03,thoffman@northharbor.health,Tobias Hoffman,Revenue Cycle,ic,2026-03-14T11:01:00,14,answered,Authorization or referral,,,0.86,,false,
RSP000084,TAP000115,denial_reason_classification,tactical,2026-03,thoffman@northharbor.health,Tobias Hoffman,Revenue Cycle,ic,2026-03-25T16:07:00,30,answered,Coding or documentation,,,0.77,true,true,
RSP000085,TAP000117,denial_reason_classification,tactical,2026-03,rpatel@northharbor.health,Rohan Patel,Revenue Cycle,ic,2026-03-13T19:22:00,12,answered,Authorization or referral,,,0.69,true,true,
RSP000086,TAP000118,denial_reason_classification,tactical,2026-03,kobrien@northharbor.health,Kate O'Brien,Revenue Cycle,ic,2026-03-02T16:04:00,92,answered,Not sure -- route to a coder,,see thread,0.55,true,false,
RSP000087,TAP000120,charge_capture_variance,tactical,2026-03,nabara@northharbor.health,Nkechi Abara,Revenue Cycle,ic,2026-03-24T20:16:00,113,answered,Real -- operational change,,,0.85,,false,
RSP000088,TAP000123,charge_capture_variance,tactical,2026-03,kobrien@northharbor.health,Kate O'Brien,Revenue Cycle,ic,2026-03-28T17:59:00,202,answered,Not sure,,see thread,0.25,,false,2026-04-05T17:59:00
RSP000089,TAP000124,charge_capture_variance,tactical,2026-03,rpatel@northharbor.health,Rohan Patel,Revenue Cycle,ic,2026-03-08T21:26:00,666,answered,Real -- fee schedule change,,,1.0,true,true,
RSP000090,TAP000126,charge_capture_variance,tactical,2026-03,nabara@northharbor.health,Nkechi Abara,Revenue Cycle,ic,2026-03-31T14:48:00,96,answered,Not sure,,see thread,0.23,false,false,
RSP000091,TAP000127,charge_capture_variance,tactical,2026-03,kobrien@northharbor.health,Kate O'Brien,Revenue Cycle,ic,2026-03-23T12:11:00,195,answered,Not sure,,see thread,0.45,true,false,
RSP000092,TAP000128,charge_capture_variance,tactical,2026-03,thoffman@northharbor.health,Tobias Hoffman,Revenue Cycle,ic,2026-03-27T12:56:00,72,answered,Not sure,,see thread,0.45,true,false,2026-04-13T12:56:00
RSP000093,TAP000129,charge_capture_variance,tactical,2026-03,nabara@northharbor.health,Nkechi Abara,Revenue Cycle,ic,2026-03-14T12:31:00,88,answered,Real -- fee schedule change,,,0.77,true,false,2026-04-03T12:31:00
RSP000094,TAP000130,charge_capture_variance,tactical,2026-03,thoffman@northharbor.health,Tobias Hoffman,Revenue Cycle,ic,2026-03-12T23:31:00,300,answered,Real -- fee schedule change,,,0.75,false,true,
RSP000095,TAP000131,charge_capture_variance,tactical,2026-03,ysong@northharbor.health,Yuna Song,Revenue Cycle,lead,2026-03-03T09:32:00,86,answered,Real -- fee schedule change,,,0.79,,true,
RSP000096,TAP000133,charge_capture_variance,tactical,2026-03,kobrien@northharbor.health,Kate O'Brien,Revenue Cycle,ic,2026-03-16T19:09:00,499,answered,Real -- fee schedule change,,,0.77,false,true,
RSP000097,TAP000134,charge_capture_variance,tactical,2026-03,thoffman@northharbor.health,Tobias Hoffman,Revenue Cycle,ic,2026-03-08T20:31:00,140,answered,Not sure,,see thread,0.51,false,false,2026-04-19T20:31:00
RSP000098,TAP000135,charge_capture_variance,tactical,2026-03,thoffman@northharbor.health,Tobias Hoffman,Revenue Cycle,ic,2026-03-19T02:23:00,755,answered,Real -- operational change,,,0.55,,true,
RSP000099,TAP000137,charge_capture_variance,tactical,2026-03,rpatel@northharbor.health,Rohan Patel,Revenue Cycle,ic,2026-03-26T14:18:00,313,answered,Real -- fee schedule change,,,1.0,true,true,
RSP000100,TAP000138,charge_capture_variance,tactical,2026-03,nabara@northharbor.health,Nkechi Abara,Revenue Cycle,ic,2026-03-22T15:41:00,154,answered,Real -- operational change,,,0.89,true,true,
RSP000101,TAP000144,charge_capture_variance,tactical,2026-03,nabara@northharbor.health,Nkechi Abara,Revenue Cycle,ic,2026-03-06T20:59:00,145,answered,Data problem,,,1.0,,true,
RSP000102,TAP000146,charge_capture_variance,tactical,2026-03,mdiallo@northharbor.health,Mariam Diallo,Revenue Cycle,ic,2026-03-01T15:35:00,242,answered,Not sure,,see thread,0.4,false,false,
RSP000103,TAP000153,charge_capture_variance,tactical,2026-03,ysong@northharbor.health,Yuna Song,Revenue Cycle,lead,2026-03-13T06:28:00,1102,deflected,,lbrennan@northharbor.health,,0.86,true,false,
RSP000104,TAP000154,charge_capture_variance,tactical,2026-03,mdiallo@northharbor.health,Mariam Diallo,Revenue Cycle,ic,2026-03-24T14:52:00,103,answered,Not sure,,see thread,0.26,false,false,2026-05-09T14:52:00
RSP000105,TAP000156,charge_capture_variance,tactical,2026-03,rpatel@northharbor.health,Rohan Patel,Revenue Cycle,ic,2026-03-07T21:58:00,700,deflected,,kobrien@northharbor.health,,0.93,,false,
RSP000106,TAP000157,charge_capture_variance,tactical,2026-03,lbrennan@northharbor.health,Liam Brennan,Revenue Cycle,manager,2026-03-28T18:47:00,267,answered,Not sure,,see thread,0.56,false,false,2026-05-02T18:47:00
RSP000107,TAP000158,charge_capture_variance,tactical,2026-03,mdiallo@northharbor.health,Mariam Diallo,Revenue Cycle,ic,2026-03-02T12:35:00,98,answered,Not sure,,see thread,0.77,,false,2026-03-05T12:35:00
RSP000108,TAP000159,charge_capture_variance,tactical,2026-03,kobrien@northharbor.health,Kate O'Brien,Revenue Cycle,ic,2026-03-17T18:14:00,218,answered,Data problem,,,0.74,false,true,
RSP000109,TAP000161,encounter_type_mapping,tactical,2026-03,apereira@northharbor.health,Ana Pereira,Clinical Operations,ic,2026-03-16T13:55:00,89,answered,Inpatient,,,0.83,true,true,
RSP000110,TAP000162,encounter_type_mapping,tactical,2026-03,iharlow@northharbor.health,Ines Harlow,Clinical Operations,ic,2026-03-16T18:46:00,45,answered,Telehealth,,,1.0,,true,
RSP000111,TAP000163,encounter_type_mapping,tactical,2026-03,apereira@northharbor.health,Ana Pereira,Clinical Operations,ic,2026-03-17T21:39:00,168,deflected,,obayo@northharbor.health,,0.69,false,false,
RSP000112,TAP000164,encounter_type_mapping,tactical,2026-03,dschultz@northharbor.health,Dana Schultz,Clinical Operations,ic,2026-03-30T12:59:00,70,answered,Outpatient,,,0.94,true,true,
RSP000113,TAP000165,encounter_type_mapping,tactical,2026-03,apereira@northharbor.health,Ana Pereira,Clinical Operations,ic,2026-03-02T19:11:00,46,deflected,,kmoreau@northharbor.health,,0.58,,false,
RSP000114,TAP000166,encounter_type_mapping,tactical,2026-03,iharlow@northharbor.health,Ines Harlow,Clinical Operations,ic,2026-03-06T14:36:00,175,answered,Inpatient,,,0.56,,true,
RSP000115,TAP000167,encounter_type_mapping,tactical,2026-03,apereira@northharbor.health,Ana Pereira,Clinical Operations,ic,2026-03-16T16:01:00,65,answered,Outpatient,,,0.82,true,true,
RSP000116,TAP000168,encounter_type_mapping,tactical,2026-03,apereira@northharbor.health,Ana Pereira,Clinical Operations,ic,2026-03-06T20:26:00,141,answered,Telehealth,,,0.83,true,true,
RSP000117,TAP000169,encounter_type_mapping,tactical,2026-03,hlindqvist@northharbor.health,Hanna Lindqvist,Clinical Operations,lead,2026-03-23T19:36:00,203,answered,Emergency,,,1.0,true,true,
RSP000118,TAP000170,encounter_type_mapping,tactical,2026-03,dschultz@northharbor.health,Dana Schultz,Clinical Operations,ic,2026-03-17T10:03:00,31,answered,Outpatient,,,0.67,,true,
RSP000119,TAP000171,encounter_type_mapping,tactical,2026-03,dschultz@northharbor.health,Dana Schultz,Clinical Operations,ic,2026-03-20T13:51:00,50,answered,Observation,,,0.98,true,true,
RSP000120,TAP000172,encounter_type_mapping,tactical,2026-03,iharlow@northharbor.health,Ines Harlow,Clinical Operations,ic,2026-03-23T10:13:00,101,answered,Outpatient,,,0.86,true,false,
RSP000121,TAP000173,encounter_type_mapping,tactical,2026-03,obayo@northharbor.health,Olu Bayo,Clinical Operations,ic,2026-03-19T18:37:00,110,answered,Observation,,,0.79,,true,
RSP000122,TAP000174,encounter_type_mapping,tactical,2026-03,apereira@northharbor.health,Ana Pereira,Clinical Operations,ic,2026-03-01T18:44:00,295,answered,Outpatient,,,0.86,false,true,
RSP000123,TAP000175,encounter_type_mapping,tactical,2026-03,obayo@northharbor.health,Olu Bayo,Clinical Operations,ic,2026-03-14T12:16:00,68,answered,Emergency,,,0.76,true,true,
RSP000124,TAP000176,encounter_type_mapping,tactical,2026-03,jmwangi@northharbor.health,James Mwangi,Clinical Operations,ic,2026-03-29T12:28:00,180,answered,Not sure,,see thread,0.2,true,false,2026-04-05T12:28:00
RSP000125,TAP000177,encounter_type_mapping,tactical,2026-03,hlindqvist@northharbor.health,Hanna Lindqvist,Clinical Operations,lead,2026-03-22T17:17:00,16,answered,Not a real encounter -- exclude,,see thread,0.63,true,true,
RSP000126,TAP000178,encounter_type_mapping,tactical,2026-03,jmwangi@northharbor.health,James Mwangi,Clinical Operations,ic,2026-03-22T17:34:00,13,answered,Telehealth,,,0.91,true,true,
RSP000127,TAP000179,denial_reason_classification,tactical,2026-04,nabara@northharbor.health,Nkechi Abara,Revenue Cycle,ic,2026-04-13T16:04:00,21,answered,Not sure -- route to a coder,,see thread,0.17,true,false,2026-04-30T16:04:00
RSP000128,TAP000180,denial_reason_classification,tactical,2026-04,kobrien@northharbor.health,Kate O'Brien,Revenue Cycle,ic,2026-04-02T09:09:00,44,answered,Coding or documentation,,,0.96,,true,
RSP000129,TAP000181,denial_reason_classification,tactical,2026-04,ysong@northharbor.health,Yuna Song,Revenue Cycle,lead,2026-04-04T16:29:00,27,answered,Eligibility or coverage,,,0.82,,true,
RSP000130,TAP000182,denial_reason_classification,tactical,2026-04,kobrien@northharbor.health,Kate O'Brien,Revenue Cycle,ic,2026-04-08T15:40:00,65,answered,Timely filing,,,0.85,true,true,
RSP000131,TAP000183,denial_reason_classification,tactical,2026-04,ysong@northharbor.health,Yuna Song,Revenue Cycle,lead,2026-04-29T13:00:00,13,answered,Authorization or referral,,,0.94,true,true,
RSP000132,TAP000185,denial_reason_classification,tactical,2026-04,nabara@northharbor.health,Nkechi Abara,Revenue Cycle,ic,2026-04-02T09:55:00,31,answered,Eligibility or coverage,,,0.84,true,true,
RSP000133,TAP000186,denial_reason_classification,tactical,2026-04,ysong@northharbor.health,Yuna Song,Revenue Cycle,lead,2026-04-09T13:54:00,53,answered,Clinical / medical necessity,,,0.8,,true,
RSP000134,TAP000187,denial_reason_classification,tactical,2026-04,kobrien@northharbor.health,Kate O'Brien,Revenue Cycle,ic,2026-04-18T17:46:00,51,answered,Timely filing,,,0.82,,false,
RSP000135,TAP000188,denial_reason_classification,tactical,2026-04,rpatel@northharbor.health,Rohan Patel,Revenue Cycle,ic,2026-04-19T12:49:00,19,answered,Not sure -- route to a coder,,see thread,0.56,,false,2026-06-03T12:49:00
RSP000136,TAP000189,denial_reason_classification,tactical,2026-04,kobrien@northharbor.health,Kate O'Brien,Revenue Cycle,ic,2026-04-18T08:49:00,11,answered,Not sure -- route to a coder,,see thread,0.61,,false,
RSP000137,TAP000191,denial_reason_classification,tactical,2026-04,lbrennan@northharbor.health,Liam Brennan,Revenue Cycle,manager,2026-04-08T15:59:00,57,answered,Clinical / medical necessity,,,0.96,,true,
RSP000138,TAP000192,denial_reason_classification,tactical,2026-04,thoffman@northharbor.health,Tobias Hoffman,Revenue Cycle,ic,2026-04-10T16:26:00,27,answered,Coding or documentation,,,0.88,true,true,
RSP000139,TAP000193,denial_reason_classification,tactical,2026-04,thoffman@northharbor.health,Tobias Hoffman,Revenue Cycle,ic,2026-04-17T13:32:00,79,answered,Timely filing,,,1.0,,true,
RSP000140,TAP000194,denial_reason_classification,tactical,2026-04,thoffman@northharbor.health,Tobias Hoffman,Revenue Cycle,ic,2026-04-27T14:42:00,59,answered,Timely filing,,,1.0,true,true,
RSP000141,TAP000196,encounter_type_mapping,tactical,2026-04,hlindqvist@northharbor.health,Hanna Lindqvist,Clinical Operations,lead,2026-04-27T08:58:00,51,answered,Telehealth,,,0.94,true,true,
RSP000142,TAP000197,encounter_type_mapping,tactical,2026-04,jmwangi@northharbor.health,James Mwangi,Clinical Operations,ic,2026-04-15T15:35:00,72,answered,Observation,,,0.82,true,true,
RSP000143,TAP000198,encounter_type_mapping,tactical,2026-04,jmwangi@northharbor.health,James Mwangi,Clinical Operations,ic,2026-04-25T15:42:00,36,answered,Emergency,,,0.8,true,true,
RSP000144,TAP000199,encounter_type_mapping,tactical,2026-04,obayo@northharbor.health,Olu Bayo,Clinical Operations,ic,2026-04-01T11:37:00,31,answered,Not sure,,see thread,0.45,true,false,
RSP000145,TAP000200,encounter_type_mapping,tactical,2026-04,iharlow@northharbor.health,Ines Harlow,Clinical Operations,ic,2026-04-21T12:52:00,16,answered,Observation,,,0.74,true,true,
RSP000146,TAP000201,encounter_type_mapping,tactical,2026-04,iharlow@northharbor.health,Ines Harlow,Clinical Operations,ic,2026-04-24T17:00:00,58,deflected,,hlindqvist@northharbor.health,,0.69,,false,
RSP000147,TAP000204,phi_column_classification,tactical,2026-04,vosei@northharbor.health,Vera Osei,Compliance,manager,2026-04-09T10:51:00,64,answered,PHI -- direct identifier,,,0.84,true,true,
RSP000148,TAP000205,phi_column_classification,tactical,2026-04,bkoval@northharbor.health,Boris Koval,Compliance,ic,2026-04-18T19:20:00,318,answered,De-identified,,,0.91,,true,
RSP000149,TAP000206,phi_column_classification,tactical,2026-04,rsantos@northharbor.health,Rita Santos,Compliance,manager,2026-04-01T18:32:00,58,deflected,,mgrant@northharbor.health,,0.79,,false,
RSP000150,TAP000207,phi_column_classification,tactical,2026-04,rsantos@northharbor.health,Rita Santos,Compliance,manager,2026-04-30T14:09:00,124,answered,Not patient data,,see thread,0.72,true,true,
RSP000151,TAP000210,phi_column_classification,tactical,2026-04,vosei@northharbor.health,Vera Osei,Compliance,manager,2026-04-20T17:54:00,185,answered,PHI -- direct identifier,,,0.66,,true,
RSP000152,TAP000211,phi_column_classification,tactical,2026-04,bkoval@northharbor.health,Boris Koval,Compliance,ic,2026-04-07T23:15:00,575,answered,Not patient data,,see thread,0.89,true,true,
RSP000153,TAP000213,phi_column_classification,tactical,2026-04,bkoval@northharbor.health,Boris Koval,Compliance,ic,2026-04-01T22:57:00,317,answered,De-identified,,,0.74,true,true,
RSP000154,TAP000214,phi_column_classification,tactical,2026-04,bkoval@northharbor.health,Boris Koval,Compliance,ic,2026-04-21T15:05:00,101,answered,PHI -- indirect / limited data set,,,0.87,,true,
RSP000155,TAP000215,phi_column_classification,tactical,2026-04,bkoval@northharbor.health,Boris Koval,Compliance,ic,2026-04-02T11:39:00,18,answered,Not sure -- escalate to privacy,,see thread,0.22,true,false,2026-04-06T11:39:00
RSP000156,TAP000216,phi_column_classification,tactical,2026-04,vosei@northharbor.health,Vera Osei,Compliance,manager,2026-04-20T12:49:00,130,answered,Not patient data,,see thread,0.8,,true,
RSP000157,TAP000217,phi_column_classification,tactical,2026-04,rsantos@northharbor.health,Rita Santos,Compliance,manager,2026-04-16T15:21:00,129,deflected,,bkoval@northharbor.health,,1.0,true,false,
RSP000158,TAP000218,phi_column_classification,tactical,2026-04,bkoval@northharbor.health,Boris Koval,Compliance,ic,2026-04-11T18:22:00,75,answered,Not sure -- escalate to privacy,,see thread,0.67,,false,2026-04-17T18:22:00
RSP000159,TAP000220,phi_column_classification,tactical,2026-04,bkoval@northharbor.health,Boris Koval,Compliance,ic,2026-04-14T06:42:00,811,answered,De-identified,,,0.73,true,true,
RSP000160,TAP000221,phi_column_classification,tactical,2026-04,bkoval@northharbor.health,Boris Koval,Compliance,ic,2026-04-16T18:11:00,103,answered,PHI -- direct identifier,,,0.75,true,true,
RSP000161,TAP000225,phi_column_classification,tactical,2026-04,bkoval@northharbor.health,Boris Koval,Compliance,ic,2026-04-05T13:05:00,172,answered,PHI -- indirect / limited data set,,,0.97,true,true,
RSP000162,TAP000227,phi_column_classification,tactical,2026-04,bkoval@northharbor.health,Boris Koval,Compliance,ic,2026-04-19T16:54:00,193,answered,Not sure -- escalate to privacy,,see thread,0.37,,false,2026-05-18T16:54:00
RSP000163,TAP000228,phi_column_classification,tactical,2026-04,bkoval@northharbor.health,Boris Koval,Compliance,ic,2026-04-21T18:56:00,157,answered,Not sure -- escalate to privacy,,see thread,0.43,,false,2026-05-16T18:56:00
RSP000164,TAP000231,phi_column_classification,tactical,2026-04,bkoval@northharbor.health,Boris Koval,Compliance,ic,2026-04-23T19:21:00,108,deflected,,vosei@northharbor.health,,0.73,true,false,
RSP000165,TAP000232,phi_column_classification,tactical,2026-04,vosei@northharbor.health,Vera Osei,Compliance,manager,2026-04-16T12:10:00,139,answered,PHI -- direct identifier,,,0.94,,true,
RSP000166,TAP000233,phi_column_classification,tactical,2026-04,bkoval@northharbor.health,Boris Koval,Compliance,ic,2026-04-01T21:56:00,215,answered,De-identified,,,0.88,true,false,
RSP000167,TAP000234,phi_column_classification,tactical,2026-04,bkoval@northharbor.health,Boris Koval,Compliance,ic,2026-04-05T22:15:00,488,deflected,,vosei@northharbor.health,,0.58,true,false,
RSP000168,TAP000235,phi_column_classification,tactical,2026-04,vosei@northharbor.health,Vera Osei,Compliance,manager,2026-04-27T20:03:00,228,answered,Not sure -- escalate to privacy,,see thread,0.37,true,false,
RSP000169,TAP000237,phi_column_classification,tactical,2026-04,bkoval@northharbor.health,Boris Koval,Compliance,ic,2026-04-17T19:06:00,255,answered,PHI -- direct identifier,,,0.67,true,true,
RSP000170,TAP000238,phi_column_classification,tactical,2026-04,vosei@northharbor.health,Vera Osei,Compliance,manager,2026-04-05T16:02:00,130,answered,Not sure -- escalate to privacy,,see thread,0.58,true,false,
RSP000171,TAP000239,phi_column_classification,tactical,2026-04,bkoval@northharbor.health,Boris Koval,Compliance,ic,2026-04-25T16:12:00,222,answered,Not sure -- escalate to privacy,,see thread,0.41,false,false,
RSP000172,TAP000240,phi_column_classification,tactical,2026-04,bkoval@northharbor.health,Boris Koval,Compliance,ic,2026-04-28T13:02:00,90,answered,De-identified,,,0.67,true,true,
RSP000173,TAP000241,phi_column_classification,tactical,2026-04,bkoval@northharbor.health,Boris Koval,Compliance,ic,2026-04-21T12:45:00,106,answered,PHI -- direct identifier,,,0.95,true,true,
RSP000174,TAP000243,phi_column_classification,tactical,2026-04,rsantos@northharbor.health,Rita Santos,Compliance,manager,2026-04-15T12:18:00,56,answered,PHI -- direct identifier,,,0.72,,true,
RSP000175,TAP000244,phi_column_classification,tactical,2026-04,rsantos@northharbor.health,Rita Santos,Compliance,manager,2026-04-16T16:50:00,93,answered,PHI -- direct identifier,,,0.63,,true,
RSP000176,TAP000249,phi_column_classification,tactical,2026-04,vosei@northharbor.health,Vera Osei,Compliance,manager,2026-04-25T12:57:00,68,answered,De-identified,,,0.83,,true,
RSP000177,TAP000250,phi_column_classification,tactical,2026-04,bkoval@northharbor.health,Boris Koval,Compliance,ic,2026-04-03T18:09:00,51,answered,Not sure -- escalate to privacy,,see thread,0.45,,false,2026-05-17T18:09:00
RSP000178,TAP000251,phi_column_classification,tactical,2026-04,bkoval@northharbor.health,Boris Koval,Compliance,ic,2026-04-09T03:16:00,540,answered,PHI -- indirect / limited data set,,,0.88,true,false,
RSP000179,TAP000253,phi_column_classification,tactical,2026-04,bkoval@northharbor.health,Boris Koval,Compliance,ic,2026-04-09T15:50:00,266,answered,PHI -- indirect / limited data set,,,1.0,true,true,
RSP000180,TAP000254,phi_column_classification,tactical,2026-04,bkoval@northharbor.health,Boris Koval,Compliance,ic,2026-04-08T12:09:00,60,answered,Not patient data,,see thread,0.86,true,true,
RSP000181,TAP000256,phi_column_classification,tactical,2026-04,bkoval@northharbor.health,Boris Koval,Compliance,ic,2026-04-02T15:17:00,285,answered,Not patient data,,see thread,0.72,false,true,
RSP000182,TAP000257,phi_column_classification,tactical,2026-04,bkoval@northharbor.health,Boris Koval,Compliance,ic,2026-04-13T11:05:00,71,answered,Not patient data,,see thread,0.73,,true,
RSP000183,TAP000258,phi_column_classification,tactical,2026-04,rsantos@northharbor.health,Rita Santos,Compliance,manager,2026-04-26T16:01:00,170,answered,De-identified,,,0.74,true,true,
RSP000184,TAP000259,phi_column_classification,tactical,2026-04,bkoval@northharbor.health,Boris Koval,Compliance,ic,2026-04-30T11:46:00,24,answered,Not patient data,,see thread,0.91,true,true,
RSP000185,TAP000260,phi_column_classification,tactical,2026-04,vosei@northharbor.health,Vera Osei,Compliance,manager,2026-04-10T19:07:00,271,answered,Not sure -- escalate to privacy,,see thread,0.5,true,false,
RSP000186,TAP000261,phi_column_classification,tactical,2026-04,vosei@northharbor.health,Vera Osei,Compliance,manager,2026-04-27T14:33:00,79,answered,Not patient data,,see thread,0.91,false,true,
RSP000187,TAP000264,phi_column_classification,tactical,2026-04,vosei@northharbor.health,Vera Osei,Compliance,manager,2026-04-16T22:11:00,545,answered,PHI -- indirect / limited data set,,,0.81,false,true,
RSP000188,TAP000265,phi_column_classification,tactical,2026-04,bkoval@northharbor.health,Boris Koval,Compliance,ic,2026-04-07T11:18:00,80,answered,Not patient data,,see thread,0.9,false,true,
RSP000189,TAP000266,phi_column_classification,tactical,2026-04,bkoval@northharbor.health,Boris Koval,Compliance,ic,2026-04-08T17:23:00,66,deflected,,rsantos@northharbor.health,,0.67,true,false,
RSP000190,TAP000267,phi_column_classification,tactical,2026-04,bkoval@northharbor.health,Boris Koval,Compliance,ic,2026-04-07T10:49:00,54,deflected,,rsantos@northharbor.health,,0.81,true,false,
RSP000191,TAP000268,phi_column_classification,tactical,2026-04,bkoval@northharbor.health,Boris Koval,Compliance,ic,2026-04-23T10:09:00,84,answered,Not sure -- escalate to privacy,,see thread,0.63,false,false,
RSP000192,TAP000271,phi_column_classification,tactical,2026-04,vosei@northharbor.health,Vera Osei,Compliance,manager,2026-04-10T12:46:00,176,answered,Not sure -- escalate to privacy,,see thread,0.35,false,false,
RSP000193,TAP000272,phi_column_classification,tactical,2026-04,bkoval@northharbor.health,Boris Koval,Compliance,ic,2026-04-28T15:24:00,42,deflected,,rsantos@northharbor.health,,0.69,,false,
RSP000194,TAP000273,phi_column_classification,tactical,2026-04,bkoval@northharbor.health,Boris Koval,Compliance,ic,2026-04-06T11:51:00,67,deflected,,rsantos@northharbor.health,,0.83,true,false,
RSP000195,TAP000274,phi_column_classification,tactical,2026-04,bkoval@northharbor.health,Boris Koval,Compliance,ic,2026-04-20T15:57:00,123,answered,Not patient data,,see thread,0.81,false,false,
RSP000196,TAP000275,phi_column_classification,tactical,2026-04,bkoval@northharbor.health,Boris Koval,Compliance,ic,2026-04-01T11:35:00,173,answered,PHI -- direct identifier,,,1.0,,true,
RSP000197,TAP000276,phi_column_classification,tactical,2026-04,bkoval@northharbor.health,Boris Koval,Compliance,ic,2026-04-30T15:21:00,151,answered,Not patient data,,see thread,0.76,true,true,
RSP000198,TAP000279,phi_column_classification,tactical,2026-04,rsantos@northharbor.health,Rita Santos,Compliance,manager,2026-04-09T16:11:00,165,answered,Not sure -- escalate to privacy,,see thread,0.42,true,false,2026-05-13T16:11:00
RSP000199,TAP000281,phi_column_classification,tactical,2026-04,bkoval@northharbor.health,Boris Koval,Compliance,ic,2026-04-25T20:05:00,82,answered,De-identified,,,0.9,true,true,
RSP000200,TAP000282,phi_column_classification,tactical,2026-04,bkoval@northharbor.health,Boris Koval,Compliance,ic,2026-04-10T16:42:00,37,answered,Not sure -- escalate to privacy,,see thread,0.34,,false,2026-04-20T16:42:00
RSP000201,TAP000283,phi_column_classification,tactical,2026-04,bkoval@northharbor.health,Boris Koval,Compliance,ic,2026-04-23T02:08:00,764,answered,Not sure -- escalate to privacy,,see thread,0.4,,false,
RSP000202,TAP000284,phi_column_classification,tactical,2026-04,rsantos@northharbor.health,Rita Santos,Compliance,manager,2026-04-12T12:45:00,41,deflected,,mgrant@northharbor.health,,1.0,true,false,
RSP000203,TAP000286,phi_column_classification,tactical,2026-04,bkoval@northharbor.health,Boris Koval,Compliance,ic,2026-04-22T11:47:00,134,answered,PHI -- indirect / limited data set,,,1.0,,true,
RSP000204,TAP000287,phi_column_classification,tactical,2026-04,bkoval@northharbor.health,Boris Koval,Compliance,ic,2026-04-21T11:09:00,57,answered,De-identified,,,0.64,true,true,
RSP000205,TAP000288,phi_column_classification,tactical,2026-04,vosei@northharbor.health,Vera Osei,Compliance,manager,2026-04-04T08:52:00,54,answered,PHI -- indirect / limited data set,,,0.65,,true,
RSP000206,TAP000291,phi_column_classification,tactical,2026-04,rsantos@northharbor.health,Rita Santos,Compliance,manager,2026-04-15T17:38:00,325,answered,PHI -- indirect / limited data set,,,0.8,true,false,2026-04-21T17:38:00
RSP000207,TAP000297,phi_column_classification,tactical,2026-04,bkoval@northharbor.health,Boris Koval,Compliance,ic,2026-04-20T15:18:00,344,answered,PHI -- direct identifier,,,0.75,true,true,
RSP000208,TAP000298,phi_column_classification,tactical,2026-04,vosei@northharbor.health,Vera Osei,Compliance,manager,2026-04-23T12:06:00,115,answered,Not patient data,,see thread,0.93,true,true,
RSP000209,TAP000299,phi_column_classification,tactical,2026-04,vosei@northharbor.health,Vera Osei,Compliance,manager,2026-04-28T12:34:00,54,answered,De-identified,,,0.91,,true,
RSP000210,TAP000303,phi_column_classification,tactical,2026-04,bkoval@northharbor.health,Boris Koval,Compliance,ic,2026-04-20T09:25:00,90,answered,PHI -- indirect / limited data set,,,0.97,true,true,
RSP000211,TAP000304,phi_column_classification,tactical,2026-04,rsantos@northharbor.health,Rita Santos,Compliance,manager,2026-04-20T00:04:00,459,answered,De-identified,,,0.94,true,true,
RSP000212,TAP000307,phi_column_classification,tactical,2026-04,bkoval@northharbor.health,Boris Koval,Compliance,ic,2026-04-18T21:20:00,305,answered,Not sure -- escalate to privacy,,see thread,0.33,true,false,
RSP000213,TAP000308,phi_column_classification,tactical,2026-04,rsantos@northharbor.health,Rita Santos,Compliance,manager,2026-04-15T14:15:00,88,answered,De-identified,,,0.78,,true,
RSP000214,TAP000309,phi_column_classification,tactical,2026-04,rsantos@northharbor.health,Rita Santos,Compliance,manager,2026-04-25T10:31:00,96,answered,PHI -- direct identifier,,,0.84,,true,
RSP000215,TAP000310,phi_column_classification,tactical,2026-04,bkoval@northharbor.health,Boris Koval,Compliance,ic,2026-04-03T11:06:00,105,answered,Not sure -- escalate to privacy,,see thread,0.4,,false,
RSP000216,TAP000311,phi_column_classification,tactical,2026-04,bkoval@northharbor.health,Boris Koval,Compliance,ic,2026-04-28T20:33:00,305,answered,De-identified,,,0.79,true,true,
RSP000217,TAP000312,phi_column_classification,tactical,2026-04,bkoval@northharbor.health,Boris Koval,Compliance,ic,2026-04-04T14:55:00,77,answered,De-identified,,,0.86,true,true,
RSP000218,TAP000314,phi_column_classification,tactical,2026-04,bkoval@northharbor.health,Boris Koval,Compliance,ic,2026-04-04T10:36:00,52,answered,PHI -- direct identifier,,,1.0,true,true,
RSP000219,TAP000315,phi_column_classification,tactical,2026-04,rsantos@northharbor.health,Rita Santos,Compliance,manager,2026-04-13T19:20:00,197,answered,De-identified,,,1.0,true,true,
RSP000220,TAP000316,phi_column_classification,tactical,2026-04,bkoval@northharbor.health,Boris Koval,Compliance,ic,2026-04-15T12:08:00,158,answered,PHI -- indirect / limited data set,,,0.72,true,true,
RSP000221,TAP000318,phi_column_classification,tactical,2026-04,bkoval@northharbor.health,Boris Koval,Compliance,ic,2026-04-06T16:09:00,290,answered,PHI -- direct identifier,,,0.81,,true,
RSP000222,TAP000319,phi_column_classification,tactical,2026-04,bkoval@northharbor.health,Boris Koval,Compliance,ic,2026-04-18T12:57:00,160,answered,Not patient data,,see thread,0.71,,true,
RSP000223,TAP000320,phi_column_classification,tactical,2026-04,bkoval@northharbor.health,Boris Koval,Compliance,ic,2026-04-09T14:00:00,323,answered,PHI -- indirect / limited data set,,,0.69,true,true,
RSP000224,TAP000321,phi_column_classification,tactical,2026-04,bkoval@northharbor.health,Boris Koval,Compliance,ic,2026-04-28T13:01:00,139,answered,Not sure -- escalate to privacy,,see thread,0.62,true,false,2026-05-30T13:01:00
RSP000225,TAP000322,phi_column_classification,tactical,2026-04,vosei@northharbor.health,Vera Osei,Compliance,manager,2026-04-03T00:35:00,442,answered,PHI -- direct identifier,,,0.85,true,true,
RSP000226,TAP000324,phi_column_classification,tactical,2026-04,bkoval@northharbor.health,Boris Koval,Compliance,ic,2026-04-05T15:18:00,202,answered,PHI -- indirect / limited data set,,,0.93,,false,
RSP000227,TAP000325,phi_column_classification,tactical,2026-04,vosei@northharbor.health,Vera Osei,Compliance,manager,2026-04-11T14:01:00,69,answered,PHI -- direct identifier,,,0.87,true,true,
RSP000228,TAP000326,phi_column_classification,tactical,2026-04,rsantos@northharbor.health,Rita Santos,Compliance,manager,2026-04-06T05:46:00,1146,answered,Not patient data,,see thread,0.8,true,true,
RSP000229,TAP000327,phi_column_classification,tactical,2026-04,bkoval@northharbor.health,Boris Koval,Compliance,ic,2026-04-06T16:08:00,116,answered,De-identified,,,0.91,,true,
RSP000230,TAP000328,phi_column_classification,tactical,2026-04,bkoval@northharbor.health,Boris Koval,Compliance,ic,2026-04-11T14:59:00,74,answered,Not sure -- escalate to privacy,,see thread,0.47,true,false,2026-05-11T14:59:00
RSP000231,TAP000329,phi_column_classification,tactical,2026-04,bkoval@northharbor.health,Boris Koval,Compliance,ic,2026-04-21T17:10:00,63,deflected,,mgrant@northharbor.health,,0.89,,false,
RSP000232,TAP000330,phi_column_classification,tactical,2026-04,rsantos@northharbor.health,Rita Santos,Compliance,manager,2026-04-23T13:55:00,187,answered,De-identified,,,0.59,true,true,
RSP000233,TAP000331,phi_column_classification,tactical,2026-04,rsantos@northharbor.health,Rita Santos,Compliance,manager,2026-04-20T14:45:00,136,answered,Not patient data,,see thread,0.66,,true,
RSP000234,TAP000332,phi_column_classification,tactical,2026-04,bkoval@northharbor.health,Boris Koval,Compliance,ic,2026-04-14T16:13:00,420,deflected,,vosei@northharbor.health,,0.81,,false,
RSP000235,TAP000333,phi_column_classification,tactical,2026-04,vosei@northharbor.health,Vera Osei,Compliance,manager,2026-04-26T13:11:00,157,answered,PHI -- direct identifier,,,0.75,true,true,
RSP000236,TAP000334,phi_column_classification,tactical,2026-04,bkoval@northharbor.health,Boris Koval,Compliance,ic,2026-04-06T18:32:00,481,answered,Not sure -- escalate to privacy,,see thread,0.37,false,false,
RSP000237,TAP000335,phi_column_classification,tactical,2026-04,bkoval@northharbor.health,Boris Koval,Compliance,ic,2026-04-09T21:14:00,254,answered,De-identified,,,0.92,,true,
RSP000238,TAP000337,phi_column_classification,tactical,2026-04,vosei@northharbor.health,Vera Osei,Compliance,manager,2026-04-30T10:39:00,70,answered,Not sure -- escalate to privacy,,see thread,0.6,true,false,
RSP000239,TAP000338,phi_column_classification,tactical,2026-04,bkoval@northharbor.health,Boris Koval,Compliance,ic,2026-04-27T12:27:00,31,answered,Not patient data,,see thread,0.68,true,true,
RSP000240,TAP000339,phi_column_classification,tactical,2026-04,bkoval@northharbor.health,Boris Koval,Compliance,ic,2026-04-28T11:53:00,211,answered,De-identified,,,1.0,,true,
RSP000241,TAP000341,phi_column_classification,tactical,2026-04,bkoval@northharbor.health,Boris Koval,Compliance,ic,2026-04-21T22:24:00,353,answered,PHI -- direct identifier,,,0.69,,true,
RSP000242,TAP000342,phi_column_classification,tactical,2026-04,bkoval@northharbor.health,Boris Koval,Compliance,ic,2026-04-20T22:51:00,319,answered,PHI -- indirect / limited data set,,,0.92,,true,
RSP000243,TAP000343,phi_column_classification,tactical,2026-04,bkoval@northharbor.health,Boris Koval,Compliance,ic,2026-04-18T12:11:00,36,answered,De-identified,,,0.9,true,true,
RSP000244,TAP000345,phi_column_classification,tactical,2026-04,vosei@northharbor.health,Vera Osei,Compliance,manager,2026-04-04T15:04:00,191,answered,Not patient data,,see thread,0.97,,true,
RSP000245,TAP000346,phi_column_classification,tactical,2026-04,rsantos@northharbor.health,Rita Santos,Compliance,manager,2026-04-15T17:18:00,417,answered,De-identified,,,0.78,true,true,
RSP000246,TAP000347,phi_column_classification,tactical,2026-04,vosei@northharbor.health,Vera Osei,Compliance,manager,2026-04-07T14:31:00,35,answered,De-identified,,,0.69,true,true,
RSP000247,TAP000348,phi_column_classification,tactical,2026-04,bkoval@northharbor.health,Boris Koval,Compliance,ic,2026-04-11T06:15:00,860,answered,PHI -- indirect / limited data set,,,0.73,,false,
RSP000248,TAP000349,phi_column_classification,tactical,2026-04,bkoval@northharbor.health,Boris Koval,Compliance,ic,2026-04-03T17:13:00,59,deflected,,vosei@northharbor.health,,0.98,true,false,
RSP000249,TAP000350,phi_column_classification,tactical,2026-04,bkoval@northharbor.health,Boris Koval,Compliance,ic,2026-04-25T02:08:00,666,answered,De-identified,,,0.81,,true,
RSP000250,TAP000351,phi_column_classification,tactical,2026-04,rsantos@northharbor.health,Rita Santos,Compliance,manager,2026-04-12T19:32:00,223,answered,De-identified,,,0.88,,false,
RSP000251,TAP000352,phi_column_classification,tactical,2026-04,bkoval@northharbor.health,Boris Koval,Compliance,ic,2026-04-19T19:39:00,568,answered,Not patient data,,see thread,0.98,true,true,
RSP000252,TAP000353,phi_column_classification,tactical,2026-04,vosei@northharbor.health,Vera Osei,Compliance,manager,2026-04-01T17:03:00,314,answered,PHI -- direct identifier,,,0.71,,true,
RSP000253,TAP000356,phi_column_classification,tactical,2026-04,bkoval@northharbor.health,Boris Koval,Compliance,ic,2026-04-11T13:37:00,270,answered,Not sure -- escalate to privacy,,see thread,0.5,,false,2026-05-18T13:37:00
RSP000254,TAP000357,phi_column_classification,tactical,2026-04,rsantos@northharbor.health,Rita Santos,Compliance,manager,2026-04-14T20:24:00,367,answered,PHI -- indirect / limited data set,,,0.8,,true,
RSP000255,TAP000358,phi_column_classification,tactical,2026-04,bkoval@northharbor.health,Boris Koval,Compliance,ic,2026-04-17T00:13:00,352,answered,PHI -- direct identifier,,,0.79,,true,
RSP000256,TAP000359,phi_column_classification,tactical,2026-04,rsantos@northharbor.health,Rita Santos,Compliance,manager,2026-04-20T16:55:00,109,answered,Not patient data,,see thread,0.79,true,true,
RSP000257,TAP000360,phi_column_classification,tactical,2026-04,bkoval@northharbor.health,Boris Koval,Compliance,ic,2026-04-15T14:27:00,45,answered,Not sure -- escalate to privacy,,see thread,0.6,true,false,2026-06-07T14:27:00
RSP000258,TAP000361,phi_column_classification,tactical,2026-04,bkoval@northharbor.health,Boris Koval,Compliance,ic,2026-04-18T14:41:00,249,answered,PHI -- direct identifier,,,0.73,true,true,
RSP000259,TAP000362,phi_column_classification,tactical,2026-04,bkoval@northharbor.health,Boris Koval,Compliance,ic,2026-04-21T18:51:00,12,answered,Not patient data,,see thread,0.8,true,false,2026-06-03T18:51:00
RSP000260,TAP000363,phi_column_classification,tactical,2026-04,bkoval@northharbor.health,Boris Koval,Compliance,ic,2026-04-10T17:39:00,442,answered,PHI -- direct identifier,,,0.97,true,true,
RSP000261,TAP000364,phi_column_classification,tactical,2026-04,bkoval@northharbor.health,Boris Koval,Compliance,ic,2026-04-30T17:26:00,134,answered,PHI -- indirect / limited data set,,,0.8,,true,
RSP000262,TAP000366,phi_column_classification,tactical,2026-04,rsantos@northharbor.health,Rita Santos,Compliance,manager,2026-04-11T17:38:00,92,answered,PHI -- indirect / limited data set,,,1.0,true,true,
RSP000263,TAP000367,phi_column_classification,tactical,2026-04,bkoval@northharbor.health,Boris Koval,Compliance,ic,2026-04-11T15:52:00,96,answered,De-identified,,,0.82,true,true,
RSP000264,TAP000368,phi_column_classification,tactical,2026-04,bkoval@northharbor.health,Boris Koval,Compliance,ic,2026-04-20T22:47:00,301,deflected,,vosei@northharbor.health,,0.57,,false,
RSP000265,TAP000369,phi_column_classification,tactical,2026-04,bkoval@northharbor.health,Boris Koval,Compliance,ic,2026-04-11T18:56:00,369,answered,PHI -- direct identifier,,,1.0,true,true,
RSP000266,TAP000370,phi_column_classification,tactical,2026-04,bkoval@northharbor.health,Boris Koval,Compliance,ic,2026-04-19T11:05:00,60,answered,PHI -- indirect / limited data set,,,0.81,,true,
RSP000267,TAP000371,revenue_definition_change,strategic,2026-04,rmarsh@northharbor.health,Robert Marsh,Finance,cxo,2026-04-20T07:02:00,297,answered,"Yes, make it canonical",,,0.74,,true,
RSP000268,TAP000372,revenue_definition_change,strategic,2026-04,rmarsh@northharbor.health,Robert Marsh,Finance,cxo,2026-04-24T08:10:00,517,answered,Not my call -- needs a finance review meeting,,see thread,0.9,true,true,
RSP000269,TAP000373,revenue_definition_change,strategic,2026-04,rmarsh@northharbor.health,Robert Marsh,Finance,cxo,2026-04-26T01:28:00,787,answered,Not my call -- needs a finance review meeting,,see thread,0.89,true,true,
RSP000270,TAP000374,revenue_definition_change,strategic,2026-04,rmarsh@northharbor.health,Robert Marsh,Finance,cxo,2026-05-01T10:08:00,723,answered,"No, revert to the previous definition",,see thread,0.71,true,true,
RSP000271,TAP000375,revenue_definition_change,strategic,2026-04,rmarsh@northharbor.health,Robert Marsh,Finance,cxo,2026-04-05T20:00:00,476,answered,Not my call -- needs a finance review meeting,,see thread,0.8,true,true,
RSP000272,TAP000376,denial_reason_classification,tactical,2026-05,nabara@northharbor.health,Nkechi Abara,Revenue Cycle,ic,2026-05-27T11:54:00,35,answered,Authorization or referral,,,0.94,true,true,
RSP000273,TAP000377,denial_reason_classification,tactical,2026-05,lbrennan@northharbor.health,Liam Brennan,Revenue Cycle,manager,2026-05-25T09:29:00,77,answered,Clinical / medical necessity,,,0.99,true,true,
RSP000274,TAP000378,denial_reason_classification,tactical,2026-05,thoffman@northharbor.health,Tobias Hoffman,Revenue Cycle,ic,2026-05-28T14:06:00,183,answered,Coding or documentation,,,1.0,true,true,
RSP000275,TAP000379,denial_reason_classification,tactical,2026-05,nabara@northharbor.health,Nkechi Abara,Revenue Cycle,ic,2026-05-01T18:15:00,62,answered,Coding or documentation,,,0.64,,true,
RSP000276,TAP000380,denial_reason_classification,tactical,2026-05,thoffman@northharbor.health,Tobias Hoffman,Revenue Cycle,ic,2026-05-05T12:29:00,152,answered,Authorization or referral,,,0.74,,true,
RSP000277,TAP000381,denial_reason_classification,tactical,2026-05,nabara@northharbor.health,Nkechi Abara,Revenue Cycle,ic,2026-05-07T16:22:00,12,answered,Clinical / medical necessity,,,0.82,true,true,
RSP000278,TAP000385,denial_reason_classification,tactical,2026-05,mdiallo@northharbor.health,Mariam Diallo,Revenue Cycle,ic,2026-05-26T16:14:00,23,answered,Not sure -- route to a coder,,see thread,0.4,true,false,
RSP000279,TAP000386,denial_reason_classification,tactical,2026-05,mdiallo@northharbor.health,Mariam Diallo,Revenue Cycle,ic,2026-05-11T13:11:00,7,answered,Authorization or referral,,,0.96,,true,
RSP000280,TAP000387,denial_reason_classification,tactical,2026-05,lbrennan@northharbor.health,Liam Brennan,Revenue Cycle,manager,2026-05-02T15:55:00,37,answered,Coding or documentation,,,0.87,true,true,
RSP000281,TAP000389,encounter_type_mapping,tactical,2026-05,apereira@northharbor.health,Ana Pereira,Clinical Operations,ic,2026-05-16T16:10:00,110,deflected,,jmwangi@northharbor.health,,0.89,false,false,
RSP000282,TAP000390,encounter_type_mapping,tactical,2026-05,iharlow@northharbor.health,Ines Harlow,Clinical Operations,ic,2026-05-16T16:28:00,212,answered,Inpatient,,,0.83,,true,
RSP000283,TAP000391,encounter_type_mapping,tactical,2026-05,dschultz@northharbor.health,Dana Schultz,Clinical Operations,ic,2026-05-17T01:13:00,469,answered,Not sure,,see thread,0.43,,false,2026-06-20T01:13:00
RSP000284,TAP000392,encounter_type_mapping,tactical,2026-05,apereira@northharbor.health,Ana Pereira,Clinical Operations,ic,2026-05-04T15:27:00,58,answered,Telehealth,,,0.94,,true,
RSP000285,TAP000393,phi_column_classification,tactical,2026-05,bkoval@northharbor.health,Boris Koval,Compliance,ic,2026-05-03T20:32:00,324,answered,Not patient data,,see thread,0.72,false,true,
RSP000286,TAP000395,phi_column_classification,tactical,2026-05,rsantos@northharbor.health,Rita Santos,Compliance,manager,2026-05-24T18:51:00,202,answered,Not sure -- escalate to privacy,,see thread,0.31,false,false,2026-06-19T18:51:00
RSP000287,TAP000396,phi_column_classification,tactical,2026-05,bkoval@northharbor.health,Boris Koval,Compliance,ic,2026-05-25T01:45:00,371,deflected,,mgrant@northharbor.health,,0.86,false,false,
RSP000288,TAP000397,phi_column_classification,tactical,2026-05,bkoval@northharbor.health,Boris Koval,Compliance,ic,2026-05-26T17:03:00,292,answered,De-identified,,,0.91,,true,
RSP000289,TAP000398,phi_column_classification,tactical,2026-05,bkoval@northharbor.health,Boris Koval,Compliance,ic,2026-05-29T15:33:00,343,answered,Not patient data,,see thread,0.89,true,true,
RSP000290,TAP000399,phi_column_classification,tactical,2026-05,bkoval@northharbor.health,Boris Koval,Compliance,ic,2026-05-21T18:00:00,92,answered,De-identified,,,0.88,true,true,
RSP000291,TAP000400,phi_column_classification,tactical,2026-05,bkoval@northharbor.health,Boris Koval,Compliance,ic,2026-05-08T13:52:00,118,answered,Not sure -- escalate to privacy,,see thread,0.34,true,false,
RSP000292,TAP000403,phi_column_classification,tactical,2026-05,bkoval@northharbor.health,Boris Koval,Compliance,ic,2026-05-14T02:37:00,1094,answered,Not patient data,,see thread,0.48,false,true,
RSP000293,TAP000405,phi_column_classification,tactical,2026-05,bkoval@northharbor.health,Boris Koval,Compliance,ic,2026-05-28T13:39:00,285,answered,De-identified,,,0.78,true,true,
RSP000294,TAP000406,phi_column_classification,tactical,2026-05,bkoval@northharbor.health,Boris Koval,Compliance,ic,2026-05-08T18:44:00,145,answered,PHI -- indirect / limited data set,,,0.82,true,true,
RSP000295,TAP000407,phi_column_classification,tactical,2026-05,bkoval@northharbor.health,Boris Koval,Compliance,ic,2026-05-20T17:53:00,10,answered,De-identified,,,0.58,true,true,
RSP000296,TAP000409,phi_column_classification,tactical,2026-05,bkoval@northharbor.health,Boris Koval,Compliance,ic,2026-05-23T11:51:00,66,answered,PHI -- direct identifier,,,0.71,true,true,
RSP000297,TAP000410,phi_column_classification,tactical,2026-05,vosei@northharbor.health,Vera Osei,Compliance,manager,2026-05-23T00:03:00,384,answered,Not patient data,,see thread,0.99,true,true,
RSP000298,TAP000412,phi_column_classification,tactical,2026-05,bkoval@northharbor.health,Boris Koval,Compliance,ic,2026-05-13T11:03:00,100,deflected,,rsantos@northharbor.health,,1.0,true,false,
RSP000299,TAP000413,phi_column_classification,tactical,2026-05,bkoval@northharbor.health,Boris Koval,Compliance,ic,2026-05-24T13:42:00,186,answered,Not patient data,,see thread,0.73,,true,
RSP000300,TAP000414,phi_column_classification,tactical,2026-05,bkoval@northharbor.health,Boris Koval,Compliance,ic,2026-05-23T15:25:00,133,answered,Not patient data,,see thread,0.88,true,true,
RSP000301,TAP000415,phi_column_classification,tactical,2026-05,vosei@northharbor.health,Vera Osei,Compliance,manager,2026-05-21T12:39:00,29,answered,Not sure -- escalate to privacy,,see thread,0.4,true,false,
RSP000302,TAP000416,phi_column_classification,tactical,2026-05,bkoval@northharbor.health,Boris Koval,Compliance,ic,2026-05-13T15:05:00,154,answered,PHI -- direct identifier,,,0.78,,true,
RSP000303,TAP000417,phi_column_classification,tactical,2026-05,bkoval@northharbor.health,Boris Koval,Compliance,ic,2026-05-30T00:55:00,509,answered,De-identified,,,1.0,false,true,
RSP000304,TAP000418,phi_column_classification,tactical,2026-05,vosei@northharbor.health,Vera Osei,Compliance,manager,2026-05-05T19:29:00,106,answered,Not sure -- escalate to privacy,,see thread,0.37,true,false,2026-06-06T19:29:00
RSP000305,TAP000420,phi_column_classification,tactical,2026-05,bkoval@northharbor.health,Boris Koval,Compliance,ic,2026-05-07T17:24:00,26,answered,PHI -- direct identifier,,,0.91,,true,
RSP000306,TAP000421,phi_column_classification,tactical,2026-05,rsantos@northharbor.health,Rita Santos,Compliance,manager,2026-05-27T17:34:00,271,answered,PHI -- direct identifier,,,0.65,true,true,
RSP000307,TAP000423,phi_column_classification,tactical,2026-05,rsantos@northharbor.health,Rita Santos,Compliance,manager,2026-05-28T15:01:00,147,answered,Not patient data,,see thread,0.96,,true,
RSP000308,TAP000424,phi_column_classification,tactical,2026-05,rsantos@northharbor.health,Rita Santos,Compliance,manager,2026-05-31T13:52:00,156,answered,De-identified,,,0.56,true,true,
RSP000309,TAP000427,phi_column_classification,tactical,2026-05,bkoval@northharbor.health,Boris Koval,Compliance,ic,2026-05-15T14:36:00,162,answered,De-identified,,,0.81,,true,
RSP000310,TAP000432,phi_column_classification,tactical,2026-05,bkoval@northharbor.health,Boris Koval,Compliance,ic,2026-05-15T15:30:00,252,answered,Not sure -- escalate to privacy,,see thread,0.41,true,false,
RSP000311,TAP000433,phi_column_classification,tactical,2026-05,bkoval@northharbor.health,Boris Koval,Compliance,ic,2026-05-26T12:30:00,96,answered,De-identified,,,0.86,,true,
RSP000312,TAP000434,phi_column_classification,tactical,2026-05,vosei@northharbor.health,Vera Osei,Compliance,manager,2026-05-11T20:12:00,169,answered,PHI -- direct identifier,,,1.0,,true,
RSP000313,TAP000435,phi_column_classification,tactical,2026-05,bkoval@northharbor.health,Boris Koval,Compliance,ic,2026-05-08T14:53:00,135,answered,PHI -- direct identifier,,,0.71,true,true,
RSP000314,TAP000436,phi_column_classification,tactical,2026-05,vosei@northharbor.health,Vera Osei,Compliance,manager,2026-05-15T15:32:00,66,answered,PHI -- indirect / limited data set,,,0.85,,true,
RSP000315,TAP000437,phi_column_classification,tactical,2026-05,bkoval@northharbor.health,Boris Koval,Compliance,ic,2026-05-15T15:02:00,180,answered,De-identified,,,0.91,,true,
RSP000316,TAP000438,phi_column_classification,tactical,2026-05,vosei@northharbor.health,Vera Osei,Compliance,manager,2026-05-22T17:33:00,61,answered,De-identified,,,0.91,true,true,
RSP000317,TAP000439,phi_column_classification,tactical,2026-05,bkoval@northharbor.health,Boris Koval,Compliance,ic,2026-05-14T12:41:00,170,answered,PHI -- indirect / limited data set,,,0.98,true,true,
RSP000318,TAP000440,phi_column_classification,tactical,2026-05,bkoval@northharbor.health,Boris Koval,Compliance,ic,2026-05-27T18:27:00,147,answered,PHI -- indirect / limited data set,,,0.77,,true,
RSP000319,TAP000442,phi_column_classification,tactical,2026-05,bkoval@northharbor.health,Boris Koval,Compliance,ic,2026-05-22T18:24:00,200,answered,Not sure -- escalate to privacy,,see thread,0.16,,false,
RSP000320,TAP000443,phi_column_classification,tactical,2026-05,bkoval@northharbor.health,Boris Koval,Compliance,ic,2026-05-07T16:13:00,155,answered,Not patient data,,see thread,0.8,true,true,
RSP000321,TAP000444,phi_column_classification,tactical,2026-05,bkoval@northharbor.health,Boris Koval,Compliance,ic,2026-05-15T12:11:00,97,answered,PHI -- indirect / limited data set,,,0.68,true,true,
RSP000322,TAP000445,phi_column_classification,tactical,2026-05,bkoval@northharbor.health,Boris Koval,Compliance,ic,2026-05-15T05:22:00,975,answered,PHI -- indirect / limited data set,,,0.99,,true,
RSP000323,TAP000446,phi_column_classification,tactical,2026-05,rsantos@northharbor.health,Rita Santos,Compliance,manager,2026-05-11T20:09:00,293,answered,PHI -- indirect / limited data set,,,0.91,false,false,
RSP000324,TAP000447,phi_column_classification,tactical,2026-05,bkoval@northharbor.health,Boris Koval,Compliance,ic,2026-05-29T14:22:00,17,answered,Not patient data,,see thread,0.73,true,true,
RSP000325,TAP000448,phi_column_classification,tactical,2026-05,bkoval@northharbor.health,Boris Koval,Compliance,ic,2026-05-22T23:36:00,347,answered,De-identified,,,0.9,true,true,
RSP000326,TAP000449,phi_column_classification,tactical,2026-05,bkoval@northharbor.health,Boris Koval,Compliance,ic,2026-05-16T13:51:00,339,answered,PHI -- direct identifier,,,1.0,true,true,
RSP000327,TAP000451,phi_column_classification,tactical,2026-05,vosei@northharbor.health,Vera Osei,Compliance,manager,2026-05-03T13:14:00,148,answered,PHI -- indirect / limited data set,,,0.86,true,true,
RSP000328,TAP000452,phi_column_classification,tactical,2026-05,bkoval@northharbor.health,Boris Koval,Compliance,ic,2026-05-27T10:14:00,62,answered,Not sure -- escalate to privacy,,see thread,0.44,true,false,
RSP000329,TAP000453,phi_column_classification,tactical,2026-05,bkoval@northharbor.health,Boris Koval,Compliance,ic,2026-05-03T02:24:00,743,answered,De-identified,,,0.73,,false,2026-05-25T02:24:00
RSP000330,TAP000454,phi_column_classification,tactical,2026-05,bkoval@northharbor.health,Boris Koval,Compliance,ic,2026-05-30T10:26:00,31,answered,Not sure -- escalate to privacy,,see thread,0.2,true,false,2026-06-11T10:26:00
RSP000331,TAP000455,phi_column_classification,tactical,2026-05,vosei@northharbor.health,Vera Osei,Compliance,manager,2026-05-10T19:32:00,63,answered,Not patient data,,see thread,0.87,false,true,
RSP000332,TAP000457,phi_column_classification,tactical,2026-05,bkoval@northharbor.health,Boris Koval,Compliance,ic,2026-05-15T15:10:00,133,deflected,,rsantos@northharbor.health,,0.91,true,false,
RSP000333,TAP000458,phi_column_classification,tactical,2026-05,rsantos@northharbor.health,Rita Santos,Compliance,manager,2026-05-15T16:38:00,27,answered,De-identified,,,0.87,,true,
RSP000334,TAP000459,phi_column_classification,tactical,2026-05,bkoval@northharbor.health,Boris Koval,Compliance,ic,2026-05-14T11:11:00,68,answered,PHI -- indirect / limited data set,,,0.91,true,true,
RSP000335,TAP000460,phi_column_classification,tactical,2026-05,vosei@northharbor.health,Vera Osei,Compliance,manager,2026-05-13T20:06:00,293,answered,PHI -- indirect / limited data set,,,0.44,true,false,
RSP000336,TAP000461,phi_column_classification,tactical,2026-05,bkoval@northharbor.health,Boris Koval,Compliance,ic,2026-05-03T12:14:00,133,answered,Not sure -- escalate to privacy,,see thread,0.56,false,false,
RSP000337,TAP000462,phi_column_classification,tactical,2026-05,bkoval@northharbor.health,Boris Koval,Compliance,ic,2026-05-29T20:24:00,331,answered,PHI -- direct identifier,,,0.58,true,false,
RSP000338,TAP000463,phi_column_classification,tactical,2026-05,bkoval@northharbor.health,Boris Koval,Compliance,ic,2026-05-18T17:30:00,116,answered,PHI -- direct identifier,,,0.98,true,true,
RSP000339,TAP000464,phi_column_classification,tactical,2026-05,bkoval@northharbor.health,Boris Koval,Compliance,ic,2026-05-03T23:14:00,419,answered,Not patient data,,see thread,1.0,true,true,
RSP000340,TAP000465,phi_column_classification,tactical,2026-05,bkoval@northharbor.health,Boris Koval,Compliance,ic,2026-05-26T16:44:00,56,answered,Not patient data,,see thread,0.94,,true,
RSP000341,TAP000466,phi_column_classification,tactical,2026-05,bkoval@northharbor.health,Boris Koval,Compliance,ic,2026-05-11T10:10:00,139,answered,PHI -- indirect / limited data set,,,0.58,true,true,
RSP000342,TAP000467,phi_column_classification,tactical,2026-05,bkoval@northharbor.health,Boris Koval,Compliance,ic,2026-05-16T15:31:00,139,answered,Not patient data,,see thread,0.83,true,true,
RSP000343,TAP000468,phi_column_classification,tactical,2026-05,bkoval@northharbor.health,Boris Koval,Compliance,ic,2026-05-24T21:09:00,224,answered,PHI -- indirect / limited data set,,,0.85,true,false,2026-07-13T21:09:00
RSP000344,TAP000470,phi_column_classification,tactical,2026-05,bkoval@northharbor.health,Boris Koval,Compliance,ic,2026-05-14T01:19:00,392,deflected,,vosei@northharbor.health,,0.91,true,false,
RSP000345,TAP000471,phi_column_classification,tactical,2026-05,bkoval@northharbor.health,Boris Koval,Compliance,ic,2026-05-25T13:27:00,22,answered,De-identified,,,0.71,true,true,
RSP000346,TAP000472,phi_column_classification,tactical,2026-05,vosei@northharbor.health,Vera Osei,Compliance,manager,2026-05-15T15:19:00,32,answered,PHI -- direct identifier,,,0.93,false,true,
RSP000347,TAP000473,phi_column_classification,tactical,2026-05,rsantos@northharbor.health,Rita Santos,Compliance,manager,2026-05-17T12:37:00,47,answered,Not patient data,,see thread,0.8,true,false,2026-07-04T12:37:00
RSP000348,TAP000474,phi_column_classification,tactical,2026-05,vosei@northharbor.health,Vera Osei,Compliance,manager,2026-05-02T16:22:00,369,answered,PHI -- direct identifier,,,0.74,true,true,
RSP000349,TAP000475,phi_column_classification,tactical,2026-05,bkoval@northharbor.health,Boris Koval,Compliance,ic,2026-05-10T06:46:00,811,answered,PHI -- indirect / limited data set,,,0.8,true,true,
RSP000350,TAP000476,phi_column_classification,tactical,2026-05,rsantos@northharbor.health,Rita Santos,Compliance,manager,2026-05-20T12:27:00,81,answered,PHI -- direct identifier,,,0.85,,false,2026-06-03T12:27:00
RSP000351,TAP000477,phi_column_classification,tactical,2026-05,vosei@northharbor.health,Vera Osei,Compliance,manager,2026-05-29T16:13:00,128,answered,PHI -- indirect / limited data set,,,0.85,false,true,
RSP000352,TAP000479,phi_column_classification,tactical,2026-05,rsantos@northharbor.health,Rita Santos,Compliance,manager,2026-05-08T16:41:00,33,answered,Not patient data,,see thread,0.66,true,true,
RSP000353,TAP000480,phi_column_classification,tactical,2026-05,vosei@northharbor.health,Vera Osei,Compliance,manager,2026-05-24T12:14:00,43,answered,Not sure -- escalate to privacy,,see thread,0.71,,false,
RSP000354,TAP000481,phi_column_classification,tactical,2026-05,rsantos@northharbor.health,Rita Santos,Compliance,manager,2026-05-21T18:00:00,281,answered,PHI -- indirect / limited data set,,,0.69,,true,
RSP000355,TAP000482,phi_column_classification,tactical,2026-05,bkoval@northharbor.health,Boris Koval,Compliance,ic,2026-05-30T14:10:00,104,answered,Not sure -- escalate to privacy,,see thread,0.5,true,false,
RSP000356,TAP000483,phi_column_classification,tactical,2026-05,bkoval@northharbor.health,Boris Koval,Compliance,ic,2026-05-04T20:27:00,297,answered,Not patient data,,see thread,1.0,,false,2026-05-07T20:27:00
RSP000357,TAP000484,phi_column_classification,tactical,2026-05,rsantos@northharbor.health,Rita Santos,Compliance,manager,2026-05-31T15:16:00,248,answered,PHI -- direct identifier,,,0.59,,true,
RSP000358,TAP000485,phi_column_classification,tactical,2026-05,vosei@northharbor.health,Vera Osei,Compliance,manager,2026-05-07T11:50:00,100,answered,Not sure -- escalate to privacy,,see thread,0.38,,false,2026-06-21T11:50:00
RSP000359,TAP000486,phi_column_classification,tactical,2026-05,vosei@northharbor.health,Vera Osei,Compliance,manager,2026-05-08T12:30:00,95,answered,Not sure -- escalate to privacy,,see thread,0.38,true,false,2026-06-30T12:30:00
RSP000360,TAP000487,phi_column_classification,tactical,2026-05,bkoval@northharbor.health,Boris Koval,Compliance,ic,2026-05-13T14:21:00,158,answered,Not patient data,,see thread,0.89,,true,
RSP000361,TAP000488,phi_column_classification,tactical,2026-05,bkoval@northharbor.health,Boris Koval,Compliance,ic,2026-05-30T15:04:00,134,answered,Not sure -- escalate to privacy,,see thread,0.63,,false,
RSP000362,TAP000489,phi_column_classification,tactical,2026-05,bkoval@northharbor.health,Boris Koval,Compliance,ic,2026-05-11T13:21:00,75,answered,PHI -- indirect / limited data set,,,0.73,true,true,
RSP000363,TAP000490,phi_column_classification,tactical,2026-05,bkoval@northharbor.health,Boris Koval,Compliance,ic,2026-05-03T12:46:00,27,answered,De-identified,,,0.93,true,true,
RSP000364,TAP000491,phi_column_classification,tactical,2026-05,bkoval@northharbor.health,Boris Koval,Compliance,ic,2026-05-03T15:04:00,159,answered,PHI -- indirect / limited data set,,,0.86,true,true,
RSP000365,TAP000492,phi_column_classification,tactical,2026-05,rsantos@northharbor.health,Rita Santos,Compliance,manager,2026-05-27T19:51:00,505,answered,De-identified,,,0.83,true,true,
RSP000366,TAP000494,phi_column_classification,tactical,2026-05,bkoval@northharbor.health,Boris Koval,Compliance,ic,2026-05-23T19:19:00,213,answered,De-identified,,,0.96,false,true,
RSP000367,TAP000495,phi_column_classification,tactical,2026-05,bkoval@northharbor.health,Boris Koval,Compliance,ic,2026-05-15T21:12:00,216,answered,De-identified,,,0.95,true,true,
RSP000368,TAP000497,phi_column_classification,tactical,2026-05,bkoval@northharbor.health,Boris Koval,Compliance,ic,2026-05-05T15:49:00,277,answered,PHI -- indirect / limited data set,,,0.85,true,true,
RSP000369,TAP000498,phi_column_classification,tactical,2026-05,bkoval@northharbor.health,Boris Koval,Compliance,ic,2026-05-06T18:35:00,172,deflected,,rsantos@northharbor.health,,0.79,true,false,
RSP000370,TAP000499,phi_column_classification,tactical,2026-05,rsantos@northharbor.health,Rita Santos,Compliance,manager,2026-05-25T13:25:00,136,answered,De-identified,,,0.65,,true,
RSP000371,TAP000500,phi_column_classification,tactical,2026-05,vosei@northharbor.health,Vera Osei,Compliance,manager,2026-05-10T16:27:00,414,answered,Not sure -- escalate to privacy,,see thread,0.42,true,false,
RSP000372,TAP000501,phi_column_classification,tactical,2026-05,bkoval@northharbor.health,Boris Koval,Compliance,ic,2026-05-13T17:23:00,122,answered,Not sure -- escalate to privacy,,see thread,0.67,false,false,
RSP000373,TAP000503,phi_column_classification,tactical,2026-05,rsantos@northharbor.health,Rita Santos,Compliance,manager,2026-05-03T17:32:00,308,deflected,,vosei@northharbor.health,,0.83,,false,
RSP000374,TAP000504,phi_column_classification,tactical,2026-05,bkoval@northharbor.health,Boris Koval,Compliance,ic,2026-05-23T12:02:00,85,answered,PHI -- indirect / limited data set,,,0.72,,true,
RSP000375,TAP000505,phi_column_classification,tactical,2026-05,bkoval@northharbor.health,Boris Koval,Compliance,ic,2026-05-08T21:42:00,313,answered,PHI -- direct identifier,,,0.66,true,true,
RSP000376,TAP000506,phi_column_classification,tactical,2026-05,bkoval@northharbor.health,Boris Koval,Compliance,ic,2026-05-19T22:06:00,308,answered,PHI -- indirect / limited data set,,,0.63,true,true,
RSP000377,TAP000507,phi_column_classification,tactical,2026-05,bkoval@northharbor.health,Boris Koval,Compliance,ic,2026-05-29T14:16:00,67,answered,Not sure -- escalate to privacy,,see thread,0.48,true,false,2026-07-04T14:16:00
RSP000378,TAP000508,phi_column_classification,tactical,2026-05,bkoval@northharbor.health,Boris Koval,Compliance,ic,2026-05-08T21:33:00,302,answered,PHI -- direct identifier,,,0.87,,true,
RSP000379,TAP000511,phi_column_classification,tactical,2026-05,bkoval@northharbor.health,Boris Koval,Compliance,ic,2026-05-17T15:24:00,108,answered,De-identified,,,0.79,true,true,
RSP000380,TAP000512,phi_column_classification,tactical,2026-05,bkoval@northharbor.health,Boris Koval,Compliance,ic,2026-05-10T18:13:00,172,answered,PHI -- indirect / limited data set,,,0.69,,true,
RSP000381,TAP000513,phi_column_classification,tactical,2026-05,bkoval@northharbor.health,Boris Koval,Compliance,ic,2026-05-28T16:26:00,251,answered,Not sure -- escalate to privacy,,see thread,0.41,false,false,
RSP000382,TAP000514,phi_column_classification,tactical,2026-05,bkoval@northharbor.health,Boris Koval,Compliance,ic,2026-05-17T15:47:00,51,answered,De-identified,,,0.73,true,true,
RSP000383,TAP000515,phi_column_classification,tactical,2026-05,bkoval@northharbor.health,Boris Koval,Compliance,ic,2026-05-12T20:52:00,306,answered,PHI -- direct identifier,,,0.62,false,true,
RSP000384,TAP000516,phi_column_classification,tactical,2026-05,rsantos@northharbor.health,Rita Santos,Compliance,manager,2026-05-04T22:05:00,266,answered,Not sure -- escalate to privacy,,see thread,0.5,,false,2026-05-22T22:05:00
RSP000385,TAP000517,phi_column_classification,tactical,2026-05,bkoval@northharbor.health,Boris Koval,Compliance,ic,2026-05-26T02:12:00,616,answered,Not patient data,,see thread,1.0,,true,
RSP000386,TAP000518,phi_column_classification,tactical,2026-05,vosei@northharbor.health,Vera Osei,Compliance,manager,2026-05-13T11:30:00,31,answered,PHI -- indirect / limited data set,,,0.86,false,true,
RSP000387,TAP000519,phi_column_classification,tactical,2026-05,bkoval@northharbor.health,Boris Koval,Compliance,ic,2026-05-31T13:34:00,46,answered,De-identified,,,0.62,true,false,
RSP000388,TAP000521,phi_column_classification,tactical,2026-05,bkoval@northharbor.health,Boris Koval,Compliance,ic,2026-05-26T16:16:00,383,answered,PHI -- direct identifier,,,0.71,false,true,
RSP000389,TAP000523,phi_column_classification,tactical,2026-05,bkoval@northharbor.health,Boris Koval,Compliance,ic,2026-05-31T15:49:00,417,deflected,,rsantos@northharbor.health,,0.8,,false,
RSP000390,TAP000524,phi_column_classification,tactical,2026-05,rsantos@northharbor.health,Rita Santos,Compliance,manager,2026-05-24T12:16:00,15,answered,Not patient data,,see thread,0.98,,true,
RSP000391,TAP000525,phi_column_classification,tactical,2026-05,rsantos@northharbor.health,Rita Santos,Compliance,manager,2026-05-13T14:35:00,237,answered,Not sure -- escalate to privacy,,see thread,0.53,,false,
RSP000392,TAP000526,phi_column_classification,tactical,2026-05,rsantos@northharbor.health,Rita Santos,Compliance,manager,2026-05-07T13:16:00,223,answered,PHI -- indirect / limited data set,,,0.7,true,true,
RSP000393,TAP000527,phi_column_classification,tactical,2026-05,bkoval@northharbor.health,Boris Koval,Compliance,ic,2026-05-20T17:40:00,71,answered,Not sure -- escalate to privacy,,see thread,0.54,,false,
RSP000394,TAP000528,phi_column_classification,tactical,2026-05,bkoval@northharbor.health,Boris Koval,Compliance,ic,2026-05-05T14:21:00,107,answered,PHI -- direct identifier,,,0.87,,true,
RSP000395,TAP000530,phi_column_classification,tactical,2026-05,rsantos@northharbor.health,Rita Santos,Compliance,manager,2026-05-25T21:37:00,582,deflected,,mgrant@northharbor.health,,0.87,false,false,
RSP000396,TAP000531,phi_column_classification,tactical,2026-05,bkoval@northharbor.health,Boris Koval,Compliance,ic,2026-05-22T17:17:00,233,answered,Not sure -- escalate to privacy,,see thread,0.29,,false,2026-07-04T17:17:00
RSP000397,TAP000532,phi_column_classification,tactical,2026-05,bkoval@northharbor.health,Boris Koval,Compliance,ic,2026-05-21T01:04:00,620,answered,De-identified,,,0.97,true,true,
RSP000398,TAP000533,phi_column_classification,tactical,2026-05,bkoval@northharbor.health,Boris Koval,Compliance,ic,2026-05-26T11:02:00,100,answered,PHI -- indirect / limited data set,,,0.84,,true,
RSP000399,TAP000535,phi_column_classification,tactical,2026-05,bkoval@northharbor.health,Boris Koval,Compliance,ic,2026-05-16T13:17:00,68,deflected,,mgrant@northharbor.health,,0.7,,false,
RSP000400,TAP000537,phi_column_classification,tactical,2026-05,rsantos@northharbor.health,Rita Santos,Compliance,manager,2026-05-29T20:44:00,253,answered,PHI -- indirect / limited data set,,,0.7,true,true,
RSP000401,TAP000538,phi_column_classification,tactical,2026-05,bkoval@northharbor.health,Boris Koval,Compliance,ic,2026-05-19T12:58:00,128,answered,Not sure -- escalate to privacy,,see thread,0.46,,false,2026-07-05T12:58:00
RSP000402,TAP000539,phi_column_classification,tactical,2026-05,vosei@northharbor.health,Vera Osei,Compliance,manager,2026-05-11T18:39:00,515,answered,Not sure -- escalate to privacy,,see thread,0.46,true,false,2026-06-17T18:39:00
RSP000403,TAP000540,phi_column_classification,tactical,2026-05,vosei@northharbor.health,Vera Osei,Compliance,manager,2026-05-05T12:47:00,54,answered,PHI -- direct identifier,,,1.0,false,true,
RSP000404,TAP000541,phi_column_classification,tactical,2026-05,bkoval@northharbor.health,Boris Koval,Compliance,ic,2026-05-01T14:36:00,125,answered,Not sure -- escalate to privacy,,see thread,0.42,,false,2026-06-01T14:36:00
RSP000405,TAP000542,phi_column_classification,tactical,2026-05,bkoval@northharbor.health,Boris Koval,Compliance,ic,2026-05-18T12:39:00,134,deflected,,mgrant@northharbor.health,,0.84,true,false,
RSP000406,TAP000543,phi_column_classification,tactical,2026-05,rsantos@northharbor.health,Rita Santos,Compliance,manager,2026-05-20T01:20:00,766,answered,Not patient data,,see thread,0.87,,true,
RSP000407,TAP000544,phi_column_classification,tactical,2026-05,bkoval@northharbor.health,Boris Koval,Compliance,ic,2026-05-06T21:38:00,298,answered,Not sure -- escalate to privacy,,see thread,0.38,,false,
RSP000408,TAP000546,phi_column_classification,tactical,2026-05,rsantos@northharbor.health,Rita Santos,Compliance,manager,2026-05-25T19:47:00,160,answered,Not sure -- escalate to privacy,,see thread,0.42,,false,
RSP000409,TAP000547,phi_column_classification,tactical,2026-05,rsantos@northharbor.health,Rita Santos,Compliance,manager,2026-05-09T17:27:00,123,answered,Not patient data,,see thread,0.89,,true,
RSP000410,TAP000548,phi_column_classification,tactical,2026-05,bkoval@northharbor.health,Boris Koval,Compliance,ic,2026-05-06T19:55:00,205,answered,De-identified,,,0.9,true,true,
RSP000411,TAP000549,phi_column_classification,tactical,2026-05,bkoval@northharbor.health,Boris Koval,Compliance,ic,2026-05-01T10:51:00,86,deflected,,mgrant@northharbor.health,,0.82,,false,
RSP000412,TAP000551,phi_column_classification,tactical,2026-05,bkoval@northharbor.health,Boris Koval,Compliance,ic,2026-05-27T14:18:00,156,answered,PHI -- indirect / limited data set,,,0.85,true,true,
RSP000413,TAP000552,phi_column_classification,tactical,2026-05,bkoval@northharbor.health,Boris Koval,Compliance,ic,2026-05-22T17:23:00,51,answered,PHI -- indirect / limited data set,,,0.87,true,true,
RSP000414,TAP000553,phi_column_classification,tactical,2026-05,bkoval@northharbor.health,Boris Koval,Compliance,ic,2026-05-03T13:27:00,196,answered,De-identified,,,0.61,true,true,
RSP000415,TAP000555,phi_column_classification,tactical,2026-05,bkoval@northharbor.health,Boris Koval,Compliance,ic,2026-05-23T17:53:00,183,answered,PHI -- direct identifier,,,0.47,true,true,
RSP000416,TAP000556,phi_column_classification,tactical,2026-05,bkoval@northharbor.health,Boris Koval,Compliance,ic,2026-05-18T18:12:00,101,answered,PHI -- direct identifier,,,0.82,false,true,
RSP000417,TAP000557,phi_column_classification,tactical,2026-05,bkoval@northharbor.health,Boris Koval,Compliance,ic,2026-05-03T14:23:00,84,deflected,,mgrant@northharbor.health,,0.81,true,false,
RSP000418,TAP000559,phi_column_classification,tactical,2026-05,bkoval@northharbor.health,Boris Koval,Compliance,ic,2026-05-26T13:18:00,178,answered,PHI -- direct identifier,,,0.89,true,true,
RSP000419,TAP000561,phi_column_classification,tactical,2026-05,bkoval@northharbor.health,Boris Koval,Compliance,ic,2026-05-27T22:33:00,207,deflected,,vosei@northharbor.health,,0.77,true,false,
RSP000420,TAP000562,phi_column_classification,tactical,2026-05,vosei@northharbor.health,Vera Osei,Compliance,manager,2026-05-12T12:26:00,193,answered,Not patient data,,see thread,1.0,,false,2026-06-02T12:26:00
RSP000421,TAP000564,phi_column_classification,tactical,2026-05,bkoval@northharbor.health,Boris Koval,Compliance,ic,2026-05-29T21:29:00,399,answered,Not patient data,,see thread,0.77,false,true,
RSP000422,TAP000565,revenue_definition_change,strategic,2026-05,rmarsh@northharbor.health,Robert Marsh,Finance,cxo,2026-05-21T00:57:00,1440,answered,"Yes, make it canonical",,,0.72,true,true,
RSP000423,TAP000566,revenue_definition_change,strategic,2026-05,rmarsh@northharbor.health,Robert Marsh,Finance,cxo,2026-05-28T02:12:00,549,answered,Not my call -- needs a finance review meeting,,see thread,1.0,true,true,
RSP000424,TAP000567,revenue_definition_change,strategic,2026-05,rmarsh@northharbor.health,Robert Marsh,Finance,cxo,2026-05-12T05:34:00,707,answered,"Yes, make it canonical",,,0.98,true,true,
RSP000425,TAP000568,revenue_definition_change,strategic,2026-05,rmarsh@northharbor.health,Robert Marsh,Finance,cxo,2026-05-14T13:35:00,1403,answered,"Yes, make it canonical",,,0.94,true,true,
RSP000426,TAP000569,revenue_definition_change,strategic,2026-05,rmarsh@northharbor.health,Robert Marsh,Finance,cxo,2026-05-08T08:03:00,599,answered,"Yes, make it canonical",,,0.76,true,true,
RSP000427,TAP000570,revenue_definition_change,strategic,2026-05,rmarsh@northharbor.health,Robert Marsh,Finance,cxo,2026-06-01T09:44:00,488,answered,Not my call -- needs a finance review meeting,,see thread,0.78,,true,
RSP000428,TAP000572,quality_measure_criteria,strategic,2026-05,sramirez@northharbor.health,Sofia Ramirez,Clinical Operations,director,2026-05-11T17:45:00,382,answered,Correct as written,,,0.85,,true,
RSP000429,TAP000573,quality_measure_criteria,strategic,2026-05,sramirez@northharbor.health,Sofia Ramirez,Clinical Operations,director,2026-05-25T17:29:00,67,answered,Need to check the measure specification,,,0.5,,false,
RSP000430,TAP000574,quality_measure_criteria,strategic,2026-05,sramirez@northharbor.health,Sofia Ramirez,Clinical Operations,director,2026-05-16T17:42:00,501,answered,Incorrect -- exclusion is too narrow,,see thread,0.95,,true,
RSP000431,TAP000575,quality_measure_criteria,strategic,2026-05,sramirez@northharbor.health,Sofia Ramirez,Clinical Operations,director,2026-05-13T15:35:00,408,answered,Need to check the measure specification,,,0.42,false,false,2026-06-04T15:35:00
RSP000432,TAP000576,denial_reason_classification,tactical,2026-06,nabara@northharbor.health,Nkechi Abara,Revenue Cycle,ic,2026-06-13T11:56:00,15,answered,Clinical / medical necessity,,,0.74,true,true,
RSP000433,TAP000577,denial_reason_classification,tactical,2026-06,mdiallo@northharbor.health,Mariam Diallo,Revenue Cycle,ic,2026-06-01T10:50:00,23,answered,Coding or documentation,,,0.73,,false,2026-07-22T10:50:00
RSP000434,TAP000578,denial_reason_classification,tactical,2026-06,nabara@northharbor.health,Nkechi Abara,Revenue Cycle,ic,2026-06-17T13:57:00,28,answered,Timely filing,,,0.87,,true,
RSP000435,TAP000580,denial_reason_classification,tactical,2026-06,ysong@northharbor.health,Yuna Song,Revenue Cycle,lead,2026-06-28T15:54:00,36,answered,Eligibility or coverage,,,0.76,true,true,
RSP000436,TAP000582,denial_reason_classification,tactical,2026-06,nabara@northharbor.health,Nkechi Abara,Revenue Cycle,ic,2026-06-28T13:23:00,72,answered,Clinical / medical necessity,,,1.0,true,true,
RSP000437,TAP000583,denial_reason_classification,tactical,2026-06,thoffman@northharbor.health,Tobias Hoffman,Revenue Cycle,ic,2026-06-20T14:18:00,88,answered,Not sure -- route to a coder,,see thread,0.65,true,false,2026-07-07T14:18:00
RSP000438,TAP000585,denial_reason_classification,tactical,2026-06,thoffman@northharbor.health,Tobias Hoffman,Revenue Cycle,ic,2026-06-20T15:06:00,21,answered,Eligibility or coverage,,,0.9,true,true,
RSP000439,TAP000586,encounter_type_mapping,tactical,2026-06,jmwangi@northharbor.health,James Mwangi,Clinical Operations,ic,2026-06-24T16:09:00,84,answered,Telehealth,,,0.81,,true,
RSP000440,TAP000587,encounter_type_mapping,tactical,2026-06,dschultz@northharbor.health,Dana Schultz,Clinical Operations,ic,2026-06-12T13:43:00,105,answered,Outpatient,,,0.82,,true,
RSP000441,TAP000588,encounter_type_mapping,tactical,2026-06,hlindqvist@northharbor.health,Hanna Lindqvist,Clinical Operations,lead,2026-06-29T15:31:00,57,answered,Telehealth,,,1.0,,true,
RSP000442,TAP000589,encounter_type_mapping,tactical,2026-06,dschultz@northharbor.health,Dana Schultz,Clinical Operations,ic,2026-06-09T17:07:00,50,answered,Observation,,,0.65,,true,
RSP000443,TAP000590,phi_column_classification,tactical,2026-06,bkoval@northharbor.health,Boris Koval,Compliance,ic,2026-06-12T16:24:00,153,deflected,,rsantos@northharbor.health,,0.93,true,false,
RSP000444,TAP000592,phi_column_classification,tactical,2026-06,vosei@northharbor.health,Vera Osei,Compliance,manager,2026-06-09T17:37:00,119,answered,PHI -- indirect / limited data set,,,0.79,true,true,
RSP000445,TAP000596,phi_column_classification,tactical,2026-06,rsantos@northharbor.health,Rita Santos,Compliance,manager,2026-06-24T07:47:00,1440,answered,Not patient data,,see thread,0.67,true,true,
RSP000446,TAP000598,phi_column_classification,tactical,2026-06,bkoval@northharbor.health,Boris Koval,Compliance,ic,2026-06-06T18:49:00,247,answered,Not sure -- escalate to privacy,,see thread,0.45,true,false,
RSP000447,TAP000601,phi_column_classification,tactical,2026-06,bkoval@northharbor.health,Boris Koval,Compliance,ic,2026-06-27T20:56:00,192,answered,PHI -- direct identifier,,,0.75,,true,
RSP000448,TAP000602,phi_column_classification,tactical,2026-06,bkoval@northharbor.health,Boris Koval,Compliance,ic,2026-06-27T12:45:00,98,answered,Not sure -- escalate to privacy,,see thread,0.52,,false,
RSP000449,TAP000604,phi_column_classification,tactical,2026-06,bkoval@northharbor.health,Boris Koval,Compliance,ic,2026-06-05T16:31:00,449,answered,PHI -- indirect / limited data set,,,0.82,true,true,
RSP000450,TAP000605,phi_column_classification,tactical,2026-06,bkoval@northharbor.health,Boris Koval,Compliance,ic,2026-06-15T12:28:00,155,answered,De-identified,,,0.83,false,true,
RSP000451,TAP000606,phi_column_classification,tactical,2026-06,bkoval@northharbor.health,Boris Koval,Compliance,ic,2026-06-23T12:41:00,167,answered,Not sure -- escalate to privacy,,see thread,0.31,,false,2026-07-06T12:41:00
RSP000452,TAP000609,phi_column_classification,tactical,2026-06,bkoval@northharbor.health,Boris Koval,Compliance,ic,2026-06-15T13:52:00,96,answered,PHI -- direct identifier,,,1.0,true,false,
RSP000453,TAP000610,phi_column_classification,tactical,2026-06,vosei@northharbor.health,Vera Osei,Compliance,manager,2026-06-17T16:11:00,24,answered,Not patient data,,see thread,0.9,true,true,
RSP000454,TAP000611,phi_column_classification,tactical,2026-06,vosei@northharbor.health,Vera Osei,Compliance,manager,2026-06-01T20:43:00,245,answered,Not patient data,,see thread,0.76,true,true,
RSP000455,TAP000613,phi_column_classification,tactical,2026-06,bkoval@northharbor.health,Boris Koval,Compliance,ic,2026-06-09T15:43:00,103,answered,PHI -- direct identifier,,,0.74,true,true,
RSP000456,TAP000614,phi_column_classification,tactical,2026-06,bkoval@northharbor.health,Boris Koval,Compliance,ic,2026-06-29T09:29:00,25,answered,PHI -- direct identifier,,,0.71,false,true,
RSP000457,TAP000615,phi_column_classification,tactical,2026-06,vosei@northharbor.health,Vera Osei,Compliance,manager,2026-06-29T15:07:00,176,answered,PHI -- indirect / limited data set,,,0.78,false,true,
RSP000458,TAP000616,phi_column_classification,tactical,2026-06,bkoval@northharbor.health,Boris Koval,Compliance,ic,2026-06-13T18:18:00,193,answered,Not sure -- escalate to privacy,,see thread,0.53,,false,2026-08-04T18:18:00
RSP000459,TAP000617,phi_column_classification,tactical,2026-06,vosei@northharbor.health,Vera Osei,Compliance,manager,2026-06-04T10:24:00,21,answered,Not sure -- escalate to privacy,,see thread,0.35,true,false,2026-07-29T10:24:00
RSP000460,TAP000618,phi_column_classification,tactical,2026-06,bkoval@northharbor.health,Boris Koval,Compliance,ic,2026-06-09T17:50:00,290,answered,Not sure -- escalate to privacy,,see thread,0.56,true,false,2026-07-28T17:50:00
RSP000461,TAP000619,phi_column_classification,tactical,2026-06,vosei@northharbor.health,Vera Osei,Compliance,manager,2026-06-24T16:32:00,72,answered,Not sure -- escalate to privacy,,see thread,0.51,,false,2026-08-01T16:32:00
RSP000462,TAP000620,phi_column_classification,tactical,2026-06,vosei@northharbor.health,Vera Osei,Compliance,manager,2026-06-25T23:00:00,533,answered,PHI -- indirect / limited data set,,,0.71,,true,
RSP000463,TAP000621,phi_column_classification,tactical,2026-06,bkoval@northharbor.health,Boris Koval,Compliance,ic,2026-06-27T15:57:00,225,answered,PHI -- indirect / limited data set,,,0.81,false,true,
RSP000464,TAP000622,phi_column_classification,tactical,2026-06,vosei@northharbor.health,Vera Osei,Compliance,manager,2026-06-26T19:40:00,419,answered,Not patient data,,see thread,0.85,true,true,
RSP000465,TAP000623,phi_column_classification,tactical,2026-06,rsantos@northharbor.health,Rita Santos,Compliance,manager,2026-06-29T12:30:00,14,answered,PHI -- indirect / limited data set,,,0.99,,true,
RSP000466,TAP000624,phi_column_classification,tactical,2026-06,bkoval@northharbor.health,Boris Koval,Compliance,ic,2026-06-30T21:05:00,183,answered,PHI -- direct identifier,,,1.0,true,true,
RSP000467,TAP000625,phi_column_classification,tactical,2026-06,bkoval@northharbor.health,Boris Koval,Compliance,ic,2026-06-21T14:41:00,68,answered,De-identified,,,0.69,false,false,
RSP000468,TAP000626,phi_column_classification,tactical,2026-06,vosei@northharbor.health,Vera Osei,Compliance,manager,2026-06-22T17:18:00,443,answered,Not sure -- escalate to privacy,,see thread,0.6,true,false,2026-07-09T17:18:00
RSP000469,TAP000627,phi_column_classification,tactical,2026-06,bkoval@northharbor.health,Boris Koval,Compliance,ic,2026-06-12T14:14:00,70,deflected,,rsantos@northharbor.health,,0.71,,false,
RSP000470,TAP000628,phi_column_classification,tactical,2026-06,rsantos@northharbor.health,Rita Santos,Compliance,manager,2026-06-07T17:20:00,187,answered,Not sure -- escalate to privacy,,see thread,0.41,,false,
RSP000471,TAP000629,phi_column_classification,tactical,2026-06,bkoval@northharbor.health,Boris Koval,Compliance,ic,2026-06-20T19:15:00,295,answered,PHI -- indirect / limited data set,,,0.76,true,true,
RSP000472,TAP000630,phi_column_classification,tactical,2026-06,bkoval@northharbor.health,Boris Koval,Compliance,ic,2026-06-07T12:10:00,66,deflected,,mgrant@northharbor.health,,0.63,false,false,
RSP000473,TAP000631,phi_column_classification,tactical,2026-06,bkoval@northharbor.health,Boris Koval,Compliance,ic,2026-06-01T12:49:00,95,answered,De-identified,,,0.73,,true,
RSP000474,TAP000633,phi_column_classification,tactical,2026-06,bkoval@northharbor.health,Boris Koval,Compliance,ic,2026-06-07T09:42:00,24,answered,Not patient data,,see thread,0.74,,true,
RSP000475,TAP000634,phi_column_classification,tactical,2026-06,bkoval@northharbor.health,Boris Koval,Compliance,ic,2026-06-12T21:52:00,540,answered,PHI -- indirect / limited data set,,,0.88,true,false,2026-07-01T21:52:00
RSP000476,TAP000635,phi_column_classification,tactical,2026-06,bkoval@northharbor.health,Boris Koval,Compliance,ic,2026-06-14T01:17:00,609,answered,Not patient data,,see thread,0.61,,true,
RSP000477,TAP000636,phi_column_classification,tactical,2026-06,vosei@northharbor.health,Vera Osei,Compliance,manager,2026-06-08T16:29:00,194,answered,PHI -- direct identifier,,,0.86,,true,
RSP000478,TAP000638,phi_column_classification,tactical,2026-06,bkoval@northharbor.health,Boris Koval,Compliance,ic,2026-06-14T16:50:00,221,answered,PHI -- direct identifier,,,0.97,false,false,
RSP000479,TAP000639,phi_column_classification,tactical,2026-06,rsantos@northharbor.health,Rita Santos,Compliance,manager,2026-06-18T17:57:00,126,answered,PHI -- direct identifier,,,0.79,true,true,
RSP000480,TAP000640,phi_column_classification,tactical,2026-06,bkoval@northharbor.health,Boris Koval,Compliance,ic,2026-06-20T15:02:00,69,answered,Not patient data,,see thread,0.97,,true,
RSP000481,TAP000641,phi_column_classification,tactical,2026-06,bkoval@northharbor.health,Boris Koval,Compliance,ic,2026-06-12T19:46:00,246,answered,Not sure -- escalate to privacy,,see thread,0.48,,false,
RSP000482,TAP000642,phi_column_classification,tactical,2026-06,bkoval@northharbor.health,Boris Koval,Compliance,ic,2026-06-23T19:00:00,149,answered,PHI -- direct identifier,,,0.62,,true,
RSP000483,TAP000644,phi_column_classification,tactical,2026-06,bkoval@northharbor.health,Boris Koval,Compliance,ic,2026-06-25T22:44:00,200,answered,De-identified,,,0.67,,true,
RSP000484,TAP000645,phi_column_classification,tactical,2026-06,bkoval@northharbor.health,Boris Koval,Compliance,ic,2026-06-16T18:19:00,201,answered,PHI -- indirect / limited data set,,,0.92,true,true,
RSP000485,TAP000647,phi_column_classification,tactical,2026-06,rsantos@northharbor.health,Rita Santos,Compliance,manager,2026-06-04T16:24:00,225,answered,PHI -- direct identifier,,,0.72,true,true,
RSP000486,TAP000648,phi_column_classification,tactical,2026-06,rsantos@northharbor.health,Rita Santos,Compliance,manager,2026-06-30T15:40:00,120,deflected,,vosei@northharbor.health,,0.85,,false,
RSP000487,TAP000649,phi_column_classification,tactical,2026-06,vosei@northharbor.health,Vera Osei,Compliance,manager,2026-06-23T12:50:00,77,answered,Not sure -- escalate to privacy,,see thread,0.63,true,false,
RSP000488,TAP000650,phi_column_classification,tactical,2026-06,vosei@northharbor.health,Vera Osei,Compliance,manager,2026-06-19T18:26:00,189,answered,Not patient data,,see thread,0.74,false,true,
RSP000489,TAP000651,phi_column_classification,tactical,2026-06,bkoval@northharbor.health,Boris Koval,Compliance,ic,2026-06-18T14:03:00,118,answered,PHI -- direct identifier,,,0.7,,true,
RSP000490,TAP000652,phi_column_classification,tactical,2026-06,bkoval@northharbor.health,Boris Koval,Compliance,ic,2026-06-17T00:05:00,679,answered,PHI -- indirect / limited data set,,,0.84,,true,
RSP000491,TAP000653,phi_column_classification,tactical,2026-06,rsantos@northharbor.health,Rita Santos,Compliance,manager,2026-06-05T10:27:00,60,answered,Not sure -- escalate to privacy,,see thread,0.41,,false,
RSP000492,TAP000654,phi_column_classification,tactical,2026-06,rsantos@northharbor.health,Rita Santos,Compliance,manager,2026-06-08T13:33:00,55,answered,Not sure -- escalate to privacy,,see thread,0.71,true,false,
RSP000493,TAP000655,phi_column_classification,tactical,2026-06,bkoval@northharbor.health,Boris Koval,Compliance,ic,2026-06-17T11:16:00,144,answered,PHI -- indirect / limited data set,,,0.9,,true,
RSP000494,TAP000656,phi_column_classification,tactical,2026-06,vosei@northharbor.health,Vera Osei,Compliance,manager,2026-06-05T21:19:00,146,answered,De-identified,,,0.68,true,true,
RSP000495,TAP000658,phi_column_classification,tactical,2026-06,bkoval@northharbor.health,Boris Koval,Compliance,ic,2026-06-19T17:20:00,273,answered,De-identified,,,1.0,true,true,
RSP000496,TAP000659,phi_column_classification,tactical,2026-06,rsantos@northharbor.health,Rita Santos,Compliance,manager,2026-06-01T18:51:00,22,answered,PHI -- indirect / limited data set,,,0.87,false,true,
RSP000497,TAP000662,phi_column_classification,tactical,2026-06,vosei@northharbor.health,Vera Osei,Compliance,manager,2026-06-09T03:58:00,747,answered,De-identified,,,0.84,true,true,
RSP000498,TAP000664,phi_column_classification,tactical,2026-06,rsantos@northharbor.health,Rita Santos,Compliance,manager,2026-06-02T15:36:00,82,answered,Not patient data,,see thread,0.97,,true,
RSP000499,TAP000665,phi_column_classification,tactical,2026-06,bkoval@northharbor.health,Boris Koval,Compliance,ic,2026-06-25T19:11:00,188,answered,De-identified,,,0.77,true,true,
RSP000500,TAP000666,phi_column_classification,tactical,2026-06,vosei@northharbor.health,Vera Osei,Compliance,manager,2026-06-24T08:47:00,1076,answered,PHI -- indirect / limited data set,,,0.81,,true,
RSP000501,TAP000669,phi_column_classification,tactical,2026-06,bkoval@northharbor.health,Boris Koval,Compliance,ic,2026-06-25T17:30:00,44,answered,Not patient data,,see thread,0.72,true,false,
RSP000502,TAP000670,phi_column_classification,tactical,2026-06,bkoval@northharbor.health,Boris Koval,Compliance,ic,2026-06-22T16:39:00,136,answered,Not patient data,,see thread,0.95,false,true,
RSP000503,TAP000671,phi_column_classification,tactical,2026-06,bkoval@northharbor.health,Boris Koval,Compliance,ic,2026-06-03T19:23:00,50,answered,Not patient data,,see thread,0.74,true,true,
RSP000504,TAP000672,phi_column_classification,tactical,2026-06,bkoval@northharbor.health,Boris Koval,Compliance,ic,2026-06-24T15:57:00,127,answered,De-identified,,,0.93,,false,2026-08-09T15:57:00
RSP000505,TAP000674,phi_column_classification,tactical,2026-06,bkoval@northharbor.health,Boris Koval,Compliance,ic,2026-06-18T23:00:00,284,answered,PHI -- indirect / limited data set,,,0.63,true,true,
RSP000506,TAP000675,phi_column_classification,tactical,2026-06,bkoval@northharbor.health,Boris Koval,Compliance,ic,2026-06-17T13:21:00,154,answered,Not sure -- escalate to privacy,,see thread,0.72,false,false,
RSP000507,TAP000676,phi_column_classification,tactical,2026-06,bkoval@northharbor.health,Boris Koval,Compliance,ic,2026-06-17T03:12:00,730,answered,Not sure -- escalate to privacy,,see thread,0.48,false,false,
RSP000508,TAP000677,phi_column_classification,tactical,2026-06,bkoval@northharbor.health,Boris Koval,Compliance,ic,2026-06-06T23:13:00,763,answered,Not sure -- escalate to privacy,,see thread,0.3,,false,
RSP000509,TAP000678,phi_column_classification,tactical,2026-06,bkoval@northharbor.health,Boris Koval,Compliance,ic,2026-06-22T22:42:00,335,answered,Not patient data,,see thread,0.91,,true,
RSP000510,TAP000679,phi_column_classification,tactical,2026-06,rsantos@northharbor.health,Rita Santos,Compliance,manager,2026-06-26T12:44:00,26,answered,Not sure -- escalate to privacy,,see thread,0.39,true,false,2026-08-20T12:44:00
RSP000511,TAP000680,phi_column_classification,tactical,2026-06,bkoval@northharbor.health,Boris Koval,Compliance,ic,2026-06-11T16:45:00,74,answered,Not patient data,,see thread,0.72,,true,
RSP000512,TAP000681,phi_column_classification,tactical,2026-06,bkoval@northharbor.health,Boris Koval,Compliance,ic,2026-06-14T16:05:00,354,answered,De-identified,,,1.0,true,true,
RSP000513,TAP000682,phi_column_classification,tactical,2026-06,rsantos@northharbor.health,Rita Santos,Compliance,manager,2026-06-26T20:21:00,620,answered,Not sure -- escalate to privacy,,see thread,0.35,true,false,2026-07-27T20:21:00
RSP000514,TAP000683,phi_column_classification,tactical,2026-06,rsantos@northharbor.health,Rita Santos,Compliance,manager,2026-06-25T12:03:00,49,answered,Not sure -- escalate to privacy,,see thread,0.58,true,false,2026-08-12T12:03:00
RSP000515,TAP000685,phi_column_classification,tactical,2026-06,bkoval@northharbor.health,Boris Koval,Compliance,ic,2026-06-12T14:34:00,139,answered,Not patient data,,see thread,0.96,true,true,
RSP000516,TAP000686,phi_column_classification,tactical,2026-06,bkoval@northharbor.health,Boris Koval,Compliance,ic,2026-06-02T14:25:00,130,answered,PHI -- direct identifier,,,0.8,,true,
RSP000517,TAP000687,phi_column_classification,tactical,2026-06,bkoval@northharbor.health,Boris Koval,Compliance,ic,2026-06-08T20:57:00,244,answered,PHI -- indirect / limited data set,,,0.48,,true,
RSP000518,TAP000689,phi_column_classification,tactical,2026-06,bkoval@northharbor.health,Boris Koval,Compliance,ic,2026-06-15T16:23:00,266,answered,PHI -- direct identifier,,,1.0,true,true,
RSP000519,TAP000691,phi_column_classification,tactical,2026-06,rsantos@northharbor.health,Rita Santos,Compliance,manager,2026-06-06T11:51:00,127,answered,Not patient data,,see thread,0.74,,true,
RSP000520,TAP000692,phi_column_classification,tactical,2026-06,bkoval@northharbor.health,Boris Koval,Compliance,ic,2026-06-21T17:34:00,219,answered,Not sure -- escalate to privacy,,see thread,0.48,true,false,2026-08-03T17:34:00
RSP000521,TAP000693,phi_column_classification,tactical,2026-06,bkoval@northharbor.health,Boris Koval,Compliance,ic,2026-06-29T11:54:00,103,answered,PHI -- indirect / limited data set,,,0.65,true,true,
RSP000522,TAP000695,phi_column_classification,tactical,2026-06,vosei@northharbor.health,Vera Osei,Compliance,manager,2026-06-22T18:17:00,194,answered,De-identified,,,1.0,,true,
RSP000523,TAP000696,phi_column_classification,tactical,2026-06,bkoval@northharbor.health,Boris Koval,Compliance,ic,2026-06-19T14:53:00,135,answered,PHI -- direct identifier,,,0.69,true,false,
RSP000524,TAP000697,phi_column_classification,tactical,2026-06,bkoval@northharbor.health,Boris Koval,Compliance,ic,2026-06-27T17:02:00,167,answered,Not sure -- escalate to privacy,,see thread,0.35,,false,
RSP000525,TAP000699,phi_column_classification,tactical,2026-06,bkoval@northharbor.health,Boris Koval,Compliance,ic,2026-06-17T20:28:00,281,deflected,,rsantos@northharbor.health,,0.84,true,false,
RSP000526,TAP000700,phi_column_classification,tactical,2026-06,rsantos@northharbor.health,Rita Santos,Compliance,manager,2026-06-20T22:41:00,233,answered,PHI -- direct identifier,,,0.94,,true,
RSP000527,TAP000701,phi_column_classification,tactical,2026-06,vosei@northharbor.health,Vera Osei,Compliance,manager,2026-06-07T12:54:00,183,answered,Not sure -- escalate to privacy,,see thread,0.41,false,false,
RSP000528,TAP000702,phi_column_classification,tactical,2026-06,bkoval@northharbor.health,Boris Koval,Compliance,ic,2026-06-22T13:52:00,35,answered,De-identified,,,0.89,true,true,
RSP000529,TAP000703,phi_column_classification,tactical,2026-06,rsantos@northharbor.health,Rita Santos,Compliance,manager,2026-06-04T14:33:00,65,answered,PHI -- direct identifier,,,0.86,true,true,
RSP000530,TAP000704,phi_column_classification,tactical,2026-06,bkoval@northharbor.health,Boris Koval,Compliance,ic,2026-06-07T18:57:00,64,answered,De-identified,,,0.89,true,true,
RSP000531,TAP000705,phi_column_classification,tactical,2026-06,bkoval@northharbor.health,Boris Koval,Compliance,ic,2026-06-11T21:27:00,607,deflected,,mgrant@northharbor.health,,0.97,true,false,
RSP000532,TAP000706,phi_column_classification,tactical,2026-06,bkoval@northharbor.health,Boris Koval,Compliance,ic,2026-06-19T13:35:00,78,answered,PHI -- direct identifier,,,1.0,true,false,
RSP000533,TAP000707,phi_column_classification,tactical,2026-06,bkoval@northharbor.health,Boris Koval,Compliance,ic,2026-06-11T14:33:00,140,answered,Not patient data,,see thread,0.59,true,true,
RSP000534,TAP000709,phi_column_classification,tactical,2026-06,rsantos@northharbor.health,Rita Santos,Compliance,manager,2026-06-12T12:37:00,165,answered,De-identified,,,0.72,false,true,
RSP000535,TAP000711,phi_column_classification,tactical,2026-06,vosei@northharbor.health,Vera Osei,Compliance,manager,2026-06-02T14:46:00,118,answered,De-identified,,,0.71,false,true,
RSP000536,TAP000712,phi_column_classification,tactical,2026-06,bkoval@northharbor.health,Boris Koval,Compliance,ic,2026-06-10T17:52:00,124,answered,De-identified,,,0.68,,true,
RSP000537,TAP000713,phi_column_classification,tactical,2026-06,bkoval@northharbor.health,Boris Koval,Compliance,ic,2026-06-29T14:33:00,298,answered,PHI -- indirect / limited data set,,,0.88,true,false,2026-08-22T14:33:00
RSP000538,TAP000715,phi_column_classification,tactical,2026-06,bkoval@northharbor.health,Boris Koval,Compliance,ic,2026-06-06T12:43:00,96,answered,De-identified,,,0.35,,true,
RSP000539,TAP000717,phi_column_classification,tactical,2026-06,vosei@northharbor.health,Vera Osei,Compliance,manager,2026-06-11T01:48:00,553,answered,De-identified,,,0.85,true,true,
RSP000540,TAP000718,phi_column_classification,tactical,2026-06,bkoval@northharbor.health,Boris Koval,Compliance,ic,2026-06-01T18:17:00,102,answered,PHI -- indirect / limited data set,,,0.76,,true,
RSP000541,TAP000720,phi_column_classification,tactical,2026-06,vosei@northharbor.health,Vera Osei,Compliance,manager,2026-06-03T22:09:00,226,answered,Not patient data,,see thread,1.0,false,true,
RSP000542,TAP000721,phi_column_classification,tactical,2026-06,bkoval@northharbor.health,Boris Koval,Compliance,ic,2026-06-29T10:34:00,131,answered,Not patient data,,see thread,0.85,false,true,
RSP000543,TAP000722,phi_column_classification,tactical,2026-06,bkoval@northharbor.health,Boris Koval,Compliance,ic,2026-06-29T13:05:00,93,answered,PHI -- indirect / limited data set,,,0.85,,true,
RSP000544,TAP000723,phi_column_classification,tactical,2026-06,vosei@northharbor.health,Vera Osei,Compliance,manager,2026-06-28T05:26:00,647,answered,PHI -- direct identifier,,,0.99,true,false,
RSP000545,TAP000725,phi_column_classification,tactical,2026-06,bkoval@northharbor.health,Boris Koval,Compliance,ic,2026-06-06T22:37:00,420,answered,De-identified,,,0.74,,true,
RSP000546,TAP000727,phi_column_classification,tactical,2026-06,bkoval@northharbor.health,Boris Koval,Compliance,ic,2026-06-21T17:51:00,83,answered,De-identified,,,0.81,true,true,
RSP000547,TAP000729,phi_column_classification,tactical,2026-06,bkoval@northharbor.health,Boris Koval,Compliance,ic,2026-06-03T13:22:00,107,answered,Not patient data,,see thread,0.81,,true,
RSP000548,TAP000731,phi_column_classification,tactical,2026-06,bkoval@northharbor.health,Boris Koval,Compliance,ic,2026-06-07T16:27:00,78,answered,PHI -- indirect / limited data set,,,0.77,true,true,
RSP000549,TAP000732,phi_column_classification,tactical,2026-06,bkoval@northharbor.health,Boris Koval,Compliance,ic,2026-06-19T17:39:00,75,answered,PHI -- indirect / limited data set,,,0.65,true,true,
RSP000550,TAP000733,phi_column_classification,tactical,2026-06,bkoval@northharbor.health,Boris Koval,Compliance,ic,2026-06-07T14:01:00,85,answered,De-identified,,,0.81,false,true,
RSP000551,TAP000734,phi_column_classification,tactical,2026-06,bkoval@northharbor.health,Boris Koval,Compliance,ic,2026-06-14T12:24:00,273,answered,De-identified,,,0.92,false,true,
RSP000552,TAP000735,phi_column_classification,tactical,2026-06,bkoval@northharbor.health,Boris Koval,Compliance,ic,2026-06-05T17:51:00,160,answered,Not patient data,,see thread,0.95,false,true,
RSP000553,TAP000737,phi_column_classification,tactical,2026-06,bkoval@northharbor.health,Boris Koval,Compliance,ic,2026-06-21T01:26:00,539,answered,Not patient data,,see thread,0.85,true,true,
RSP000554,TAP000738,phi_column_classification,tactical,2026-06,bkoval@northharbor.health,Boris Koval,Compliance,ic,2026-06-26T02:38:00,634,answered,De-identified,,,0.7,false,true,
RSP000555,TAP000739,phi_column_classification,tactical,2026-06,rsantos@northharbor.health,Rita Santos,Compliance,manager,2026-06-19T16:42:00,30,answered,PHI -- direct identifier,,,0.67,true,true,
RSP000556,TAP000740,phi_column_classification,tactical,2026-06,bkoval@northharbor.health,Boris Koval,Compliance,ic,2026-06-04T03:11:00,558,answered,Not sure -- escalate to privacy,,see thread,0.44,true,false,
RSP000557,TAP000741,phi_column_classification,tactical,2026-06,bkoval@northharbor.health,Boris Koval,Compliance,ic,2026-06-21T12:20:00,80,answered,PHI -- indirect / limited data set,,,0.46,,true,
RSP000558,TAP000742,phi_column_classification,tactical,2026-06,bkoval@northharbor.health,Boris Koval,Compliance,ic,2026-06-11T13:39:00,125,answered,Not patient data,,see thread,0.69,,true,
RSP000559,TAP000743,phi_column_classification,tactical,2026-06,vosei@northharbor.health,Vera Osei,Compliance,manager,2026-06-27T16:27:00,264,answered,PHI -- indirect / limited data set,,,0.9,,true,
RSP000560,TAP000744,phi_column_classification,tactical,2026-06,bkoval@northharbor.health,Boris Koval,Compliance,ic,2026-06-21T15:27:00,222,answered,Not sure -- escalate to privacy,,see thread,0.45,true,false,2026-07-26T15:27:00
RSP000561,TAP000745,phi_column_classification,tactical,2026-06,bkoval@northharbor.health,Boris Koval,Compliance,ic,2026-06-23T10:58:00,22,answered,PHI -- indirect / limited data set,,,0.7,true,true,
RSP000562,TAP000746,phi_column_classification,tactical,2026-06,bkoval@northharbor.health,Boris Koval,Compliance,ic,2026-06-30T10:53:00,79,answered,Not patient data,,see thread,0.71,false,false,2026-07-11T10:53:00
RSP000563,TAP000747,phi_column_classification,tactical,2026-06,vosei@northharbor.health,Vera Osei,Compliance,manager,2026-06-19T13:58:00,73,answered,Not sure -- escalate to privacy,,see thread,0.39,true,false,2026-07-09T13:58:00
RSP000564,TAP000748,phi_column_classification,tactical,2026-06,bkoval@northharbor.health,Boris Koval,Compliance,ic,2026-06-02T11:25:00,68,answered,De-identified,,,0.81,true,true,
RSP000565,TAP000749,phi_column_classification,tactical,2026-06,bkoval@northharbor.health,Boris Koval,Compliance,ic,2026-06-25T13:32:00,111,answered,PHI -- direct identifier,,,0.66,true,true,
RSP000566,TAP000751,phi_column_classification,tactical,2026-06,bkoval@northharbor.health,Boris Koval,Compliance,ic,2026-06-25T12:42:00,51,answered,Not sure -- escalate to privacy,,see thread,0.32,true,false,2026-08-18T12:42:00
RSP000567,TAP000752,phi_column_classification,tactical,2026-06,vosei@northharbor.health,Vera Osei,Compliance,manager,2026-06-19T18:23:00,74,answered,PHI -- indirect / limited data set,,,0.78,true,true,
RSP000568,TAP000753,phi_column_classification,tactical,2026-06,bkoval@northharbor.health,Boris Koval,Compliance,ic,2026-06-23T22:38:00,252,answered,PHI -- indirect / limited data set,,,0.91,,true,
RSP000569,TAP000754,phi_column_classification,tactical,2026-06,bkoval@northharbor.health,Boris Koval,Compliance,ic,2026-06-17T09:44:00,93,answered,Not patient data,,see thread,0.95,,true,
RSP000570,TAP000755,phi_column_classification,tactical,2026-06,bkoval@northharbor.health,Boris Koval,Compliance,ic,2026-06-24T16:16:00,26,answered,De-identified,,,0.76,,true,
RSP000571,TAP000756,phi_column_classification,tactical,2026-06,rsantos@northharbor.health,Rita Santos,Compliance,manager,2026-06-01T16:06:00,102,answered,Not sure -- escalate to privacy,,see thread,0.5,,false,2026-07-13T16:06:00
RSP000572,TAP000757,phi_column_classification,tactical,2026-06,rsantos@northharbor.health,Rita Santos,Compliance,manager,2026-06-03T19:15:00,100,answered,PHI -- direct identifier,,,1.0,true,true,
RSP000573,TAP000759,phi_column_classification,tactical,2026-06,bkoval@northharbor.health,Boris Koval,Compliance,ic,2026-06-06T19:03:00,104,answered,De-identified,,,0.78,true,true,
RSP000574,TAP000760,phi_column_classification,tactical,2026-06,bkoval@northharbor.health,Boris Koval,Compliance,ic,2026-06-22T14:13:00,57,answered,Not sure -- escalate to privacy,,see thread,0.33,true,false,
RSP000575,TAP000761,phi_column_classification,tactical,2026-06,bkoval@northharbor.health,Boris Koval,Compliance,ic,2026-06-16T01:45:00,481,answered,Not patient data,,see thread,0.64,false,true,
RSP000576,TAP000762,phi_column_classification,tactical,2026-06,bkoval@northharbor.health,Boris Koval,Compliance,ic,2026-06-25T19:37:00,415,answered,PHI -- direct identifier,,,0.99,,true,
RSP000577,TAP000763,phi_column_classification,tactical,2026-06,bkoval@northharbor.health,Boris Koval,Compliance,ic,2026-06-09T13:44:00,136,answered,De-identified,,,1.0,true,true,
RSP000578,TAP000765,phi_column_classification,tactical,2026-06,bkoval@northharbor.health,Boris Koval,Compliance,ic,2026-06-20T11:51:00,41,answered,Not sure -- escalate to privacy,,see thread,0.35,true,false,
RSP000579,TAP000766,revenue_definition_change,strategic,2026-06,rmarsh@northharbor.health,Robert Marsh,Finance,cxo,2026-06-29T01:50:00,259,answered,"Yes, make it canonical",,,0.76,,true,
RSP000580,TAP000767,revenue_definition_change,strategic,2026-06,rmarsh@northharbor.health,Robert Marsh,Finance,cxo,2026-06-13T09:36:00,989,answered,"Yes, make it canonical",,,1.0,true,true,
RSP000581,TAP000768,revenue_definition_change,strategic,2026-06,rmarsh@northharbor.health,Robert Marsh,Finance,cxo,2026-06-07T09:26:00,587,answered,"Yes, make it canonical",,,0.88,,true,
RSP000582,TAP000769,revenue_definition_change,strategic,2026-06,rmarsh@northharbor.health,Robert Marsh,Finance,cxo,2026-06-03T18:14:00,1025,answered,"Yes, make it canonical",,,0.97,true,true,
RSP000583,TAP000770,revenue_definition_change,strategic,2026-06,rmarsh@northharbor.health,Robert Marsh,Finance,cxo,2026-06-24T12:06:00,288,answered,"No, revert to the previous definition",,see thread,0.81,true,true,
RSP000584,TAP000771,quality_measure_criteria,strategic,2026-06,sramirez@northharbor.health,Sofia Ramirez,Clinical Operations,director,2026-06-29T05:10:00,1008,answered,Need to check the measure specification,,,0.55,true,false,
RSP000585,TAP000772,quality_measure_criteria,strategic,2026-06,sramirez@northharbor.health,Sofia Ramirez,Clinical Operations,director,2026-06-20T05:32:00,920,answered,Need to check the measure specification,,,0.38,,false,
RSP000586,TAP000773,quality_measure_criteria,strategic,2026-06,sramirez@northharbor.health,Sofia Ramirez,Clinical Operations,director,2026-06-29T18:59:00,1623,answered,Incorrect -- exclusion is too narrow,,see thread,0.96,true,true,
RSP000587,TAP000774,source_freshness_ownership,tactical,2026-06,mkeller@northharbor.health,Marcus Keller,Data Platform,lead,2026-06-02T15:13:00,278,answered,"Nobody owns it, it should be retired",,see thread,0.76,true,false,
RSP000588,TAP000775,source_freshness_ownership,tactical,2026-06,mkeller@northharbor.health,Marcus Keller,Data Platform,lead,2026-06-01T12:03:00,61,answered,"Yes, my team owns it",,,0.8,,true,
RSP000589,TAP000776,source_freshness_ownership,tactical,2026-06,mkeller@northharbor.health,Marcus Keller,Data Platform,lead,2026-06-23T16:31:00,212,answered,"Nobody owns it, it should be retired",,see thread,0.88,false,true,
RSP000590,TAP000777,source_freshness_ownership,tactical,2026-06,hyusuf@northharbor.health,Hana Yusuf,Data Platform,manager,2026-06-23T18:27:00,106,answered,"Nobody owns it, it should be retired",,see thread,0.65,,true,
RSP000591,TAP000778,source_freshness_ownership,tactical,2026-06,mkeller@northharbor.health,Marcus Keller,Data Platform,lead,2026-06-08T15:00:00,79,answered,"Yes, my team owns it",,,1.0,true,true,
RSP000592,TAP000779,source_freshness_ownership,tactical,2026-06,mkeller@northharbor.health,Marcus Keller,Data Platform,lead,2026-06-16T14:20:00,110,answered,"Yes, my team owns it",,,0.89,,true,
RSP000593,TAP000780,source_freshness_ownership,tactical,2026-06,mkeller@northharbor.health,Marcus Keller,Data Platform,lead,2026-06-29T14:19:00,84,answered,No -- belongs to another team,,see thread,0.93,,true,
RSP000594,TAP000781,source_freshness_ownership,tactical,2026-06,hyusuf@northharbor.health,Hana Yusuf,Data Platform,manager,2026-06-05T17:06:00,91,answered,No -- belongs to another team,,see thread,0.89,false,true,
RSP000595,TAP000782,source_freshness_ownership,tactical,2026-06,mkeller@northharbor.health,Marcus Keller,Data Platform,lead,2026-06-28T15:27:00,93,answered,"Nobody owns it, it should be retired",,see thread,0.66,true,true,
RSP000596,TAP000783,source_freshness_ownership,tactical,2026-06,mkeller@northharbor.health,Marcus Keller,Data Platform,lead,2026-06-27T13:37:00,102,deflected,,dpalmer@northharbor.health,,0.8,true,false,
RSP000597,TAP000784,metric_deprecation,strategic,2026-06,rmarsh@northharbor.health,Robert Marsh,Finance,cxo,2026-06-21T02:09:00,303,answered,Keep it -- still needed,,,0.72,true,true,
RSP000598,TAP000785,metric_deprecation,strategic,2026-06,rmarsh@northharbor.health,Robert Marsh,Finance,cxo,2026-06-24T14:12:00,2345,answered,Keep it -- still needed,,,0.9,,true,
RSP000599,TAP000786,metric_deprecation,strategic,2026-06,sramirez@northharbor.health,Sofia Ramirez,Clinical Operations,director,2026-06-24T03:28:00,835,answered,Retire it,,,0.83,true,true,
RSP000600,TAP000787,metric_deprecation,strategic,2026-06,jokafor@northharbor.health,Joy Okafor,Revenue Cycle,director,2026-06-28T21:12:00,186,answered,Keep it -- still needed,,,0.79,,true,
RSP000601,TAP000788,metric_deprecation,strategic,2026-06,nfarrell@northharbor.health,Nora Farrell,Growth,director,2026-06-21T02:40:00,837,answered,Keep it -- still needed,,,0.88,,true,
RSP000602,TAP000789,metric_deprecation,strategic,2026-06,sramirez@northharbor.health,Sofia Ramirez,Clinical Operations,director,2026-06-07T19:20:00,238,answered,Keep it -- still needed,,,0.92,true,true,
RSP000603,TAP000790,metric_deprecation,strategic,2026-06,nfarrell@northharbor.health,Nora Farrell,Growth,director,2026-06-14T11:23:00,4320,answered,Retire it,,,0.56,false,true,
RSP000604,TAP000792,metric_deprecation,strategic,2026-06,nfarrell@northharbor.health,Nora Farrell,Growth,director,2026-06-16T01:09:00,1902,answered,Retire it,,,0.73,,true,
RSP000605,TAP000793,denial_reason_classification,tactical,2026-07,rpatel@northharbor.health,Rohan Patel,Revenue Cycle,ic,2026-07-02T13:27:00,17,answered,Clinical / medical necessity,,,0.77,true,true,
RSP000606,TAP000794,denial_reason_classification,tactical,2026-07,ysong@northharbor.health,Yuna Song,Revenue Cycle,lead,2026-07-12T14:22:00,56,answered,Authorization or referral,,,0.74,true,true,
RSP000607,TAP000795,denial_reason_classification,tactical,2026-07,rpatel@northharbor.health,Rohan Patel,Revenue Cycle,ic,2026-07-16T16:28:00,24,answered,Not sure -- route to a coder,,see thread,0.61,,false,
RSP000608,TAP000796,denial_reason_classification,tactical,2026-07,lbrennan@northharbor.health,Liam Brennan,Revenue Cycle,manager,2026-07-05T17:52:00,28,answered,Eligibility or coverage,,,0.67,,true,
RSP000609,TAP000797,denial_reason_classification,tactical,2026-07,mdiallo@northharbor.health,Mariam Diallo,Revenue Cycle,ic,2026-07-17T11:13:00,15,answered,Authorization or referral,,,0.89,true,false,
RSP000610,TAP000798,denial_reason_classification,tactical,2026-07,rpatel@northharbor.health,Rohan Patel,Revenue Cycle,ic,2026-07-25T12:23:00,70,answered,Authorization or referral,,,0.72,,true,
RSP000611,TAP000799,denial_reason_classification,tactical,2026-07,nabara@northharbor.health,Nkechi Abara,Revenue Cycle,ic,2026-07-07T11:36:00,25,answered,Authorization or referral,,,0.86,,true,
RSP000612,TAP000802,encounter_type_mapping,tactical,2026-07,iharlow@northharbor.health,Ines Harlow,Clinical Operations,ic,2026-07-30T15:18:00,16,answered,Not a real encounter -- exclude,,see thread,0.66,,true,
RSP000613,TAP000803,encounter_type_mapping,tactical,2026-07,dschultz@northharbor.health,Dana Schultz,Clinical Operations,ic,2026-07-27T09:14:00,40,answered,Telehealth,,,0.94,,true,
RSP000614,TAP000804,phi_column_classification,tactical,2026-07,bkoval@northharbor.health,Boris Koval,Compliance,ic,2026-07-29T21:30:00,194,answered,PHI -- direct identifier,,,1.0,true,true,
RSP000615,TAP000805,phi_column_classification,tactical,2026-07,vosei@northharbor.health,Vera Osei,Compliance,manager,2026-07-30T21:20:00,496,answered,Not patient data,,see thread,0.65,,true,
RSP000616,TAP000806,phi_column_classification,tactical,2026-07,rsantos@northharbor.health,Rita Santos,Compliance,manager,2026-07-09T11:02:00,101,answered,De-identified,,,0.94,false,true,
RSP000617,TAP000807,phi_column_classification,tactical,2026-07,bkoval@northharbor.health,Boris Koval,Compliance,ic,2026-07-25T18:14:00,81,deflected,,rsantos@northharbor.health,,1.0,,false,
RSP000618,TAP000808,phi_column_classification,tactical,2026-07,bkoval@northharbor.health,Boris Koval,Compliance,ic,2026-07-19T10:16:00,58,deflected,,mgrant@northharbor.health,,0.92,,false,
RSP000619,TAP000809,phi_column_classification,tactical,2026-07,bkoval@northharbor.health,Boris Koval,Compliance,ic,2026-07-10T16:03:00,357,answered,PHI -- direct identifier,,,0.81,true,true,
RSP000620,TAP000810,phi_column_classification,tactical,2026-07,bkoval@northharbor.health,Boris Koval,Compliance,ic,2026-07-27T13:26:00,131,answered,Not sure -- escalate to privacy,,see thread,0.54,true,false,
RSP000621,TAP000811,phi_column_classification,tactical,2026-07,bkoval@northharbor.health,Boris Koval,Compliance,ic,2026-07-30T15:28:00,69,answered,Not sure -- escalate to privacy,,see thread,0.39,true,false,2026-08-08T15:28:00
RSP000622,TAP000812,phi_column_classification,tactical,2026-07,vosei@northharbor.health,Vera Osei,Compliance,manager,2026-07-27T12:56:00,68,answered,De-identified,,,0.83,true,true,
RSP000623,TAP000813,phi_column_classification,tactical,2026-07,bkoval@northharbor.health,Boris Koval,Compliance,ic,2026-07-21T15:01:00,325,answered,PHI -- direct identifier,,,0.91,,true,
RSP000624,TAP000814,phi_column_classification,tactical,2026-07,bkoval@northharbor.health,Boris Koval,Compliance,ic,2026-07-24T02:29:00,575,answered,De-identified,,,0.86,,false,2026-08-26T02:29:00
RSP000625,TAP000815,phi_column_classification,tactical,2026-07,bkoval@northharbor.health,Boris Koval,Compliance,ic,2026-07-13T11:21:00,111,answered,PHI -- indirect / limited data set,,,0.69,false,false,
RSP000626,TAP000817,phi_column_classification,tactical,2026-07,bkoval@northharbor.health,Boris Koval,Compliance,ic,2026-07-09T21:07:00,177,answered,De-identified,,,0.95,false,true,
RSP000627,TAP000818,phi_column_classification,tactical,2026-07,bkoval@northharbor.health,Boris Koval,Compliance,ic,2026-07-21T11:56:00,95,answered,De-identified,,,0.78,,true,
RSP000628,TAP000819,phi_column_classification,tactical,2026-07,bkoval@northharbor.health,Boris Koval,Compliance,ic,2026-07-18T10:41:00,177,answered,Not patient data,,see thread,0.77,,true,
RSP000629,TAP000821,phi_column_classification,tactical,2026-07,rsantos@northharbor.health,Rita Santos,Compliance,manager,2026-07-04T19:44:00,243,answered,Not sure -- escalate to privacy,,see thread,0.3,true,false,
RSP000630,TAP000822,phi_column_classification,tactical,2026-07,vosei@northharbor.health,Vera Osei,Compliance,manager,2026-07-02T21:12:00,319,answered,De-identified,,,0.59,,true,
RSP000631,TAP000823,phi_column_classification,tactical,2026-07,vosei@northharbor.health,Vera Osei,Compliance,manager,2026-07-21T16:46:00,132,answered,Not patient data,,see thread,0.98,true,true,
RSP000632,TAP000824,phi_column_classification,tactical,2026-07,bkoval@northharbor.health,Boris Koval,Compliance,ic,2026-07-21T15:26:00,220,deflected,,vosei@northharbor.health,,0.85,,false,
RSP000633,TAP000827,phi_column_classification,tactical,2026-07,bkoval@northharbor.health,Boris Koval,Compliance,ic,2026-07-03T16:50:00,205,answered,PHI -- indirect / limited data set,,,0.73,false,true,
RSP000634,TAP000829,phi_column_classification,tactical,2026-07,bkoval@northharbor.health,Boris Koval,Compliance,ic,2026-07-22T11:36:00,78,answered,Not sure -- escalate to privacy,,see thread,0.16,,false,2026-08-03T11:36:00
RSP000635,TAP000830,phi_column_classification,tactical,2026-07,rsantos@northharbor.health,Rita Santos,Compliance,manager,2026-07-27T18:02:00,117,answered,Not sure -- escalate to privacy,,see thread,0.53,,false,
RSP000636,TAP000832,phi_column_classification,tactical,2026-07,bkoval@northharbor.health,Boris Koval,Compliance,ic,2026-07-24T19:20:00,249,answered,PHI -- indirect / limited data set,,,0.82,true,true,
RSP000637,TAP000833,phi_column_classification,tactical,2026-07,bkoval@northharbor.health,Boris Koval,Compliance,ic,2026-07-14T18:21:00,406,answered,De-identified,,,1.0,,true,
RSP000638,TAP000836,phi_column_classification,tactical,2026-07,bkoval@northharbor.health,Boris Koval,Compliance,ic,2026-07-27T18:26:00,243,answered,PHI -- direct identifier,,,0.95,true,true,
RSP000639,TAP000839,phi_column_classification,tactical,2026-07,bkoval@northharbor.health,Boris Koval,Compliance,ic,2026-07-18T19:40:00,247,answered,De-identified,,,0.99,true,true,
RSP000640,TAP000840,phi_column_classification,tactical,2026-07,vosei@northharbor.health,Vera Osei,Compliance,manager,2026-07-10T20:41:00,564,answered,Not patient data,,see thread,0.8,,true,
RSP000641,TAP000842,phi_column_classification,tactical,2026-07,vosei@northharbor.health,Vera Osei,Compliance,manager,2026-07-21T18:11:00,43,answered,Not sure -- escalate to privacy,,see thread,0.22,true,false,
RSP000642,TAP000843,phi_column_classification,tactical,2026-07,bkoval@northharbor.health,Boris Koval,Compliance,ic,2026-07-15T13:25:00,154,answered,PHI -- direct identifier,,,0.75,true,true,
RSP000643,TAP000844,phi_column_classification,tactical,2026-07,rsantos@northharbor.health,Rita Santos,Compliance,manager,2026-07-23T20:23:00,135,deflected,,mgrant@northharbor.health,,0.82,true,false,
RSP000644,TAP000845,phi_column_classification,tactical,2026-07,rsantos@northharbor.health,Rita Santos,Compliance,manager,2026-07-11T17:52:00,165,answered,Not sure -- escalate to privacy,,see thread,0.33,,false,
RSP000645,TAP000846,phi_column_classification,tactical,2026-07,vosei@northharbor.health,Vera Osei,Compliance,manager,2026-07-25T16:51:00,190,answered,PHI -- direct identifier,,,0.82,,false,2026-08-17T16:51:00
RSP000646,TAP000847,phi_column_classification,tactical,2026-07,vosei@northharbor.health,Vera Osei,Compliance,manager,2026-07-20T18:24:00,138,answered,Not sure -- escalate to privacy,,see thread,0.44,,false,2026-07-28T18:24:00
RSP000647,TAP000848,phi_column_classification,tactical,2026-07,bkoval@northharbor.health,Boris Koval,Compliance,ic,2026-07-31T15:42:00,136,answered,De-identified,,,1.0,false,true,
RSP000648,TAP000850,phi_column_classification,tactical,2026-07,vosei@northharbor.health,Vera Osei,Compliance,manager,2026-07-20T13:32:00,178,answered,Not sure -- escalate to privacy,,see thread,0.5,,false,
RSP000649,TAP000851,phi_column_classification,tactical,2026-07,vosei@northharbor.health,Vera Osei,Compliance,manager,2026-07-06T00:26:00,541,answered,Not sure -- escalate to privacy,,see thread,0.61,,false,2026-07-25T00:26:00
RSP000650,TAP000852,phi_column_classification,tactical,2026-07,bkoval@northharbor.health,Boris Koval,Compliance,ic,2026-07-07T17:58:00,175,answered,Not sure -- escalate to privacy,,see thread,0.59,false,false,2026-07-19T17:58:00
RSP000651,TAP000853,phi_column_classification,tactical,2026-07,bkoval@northharbor.health,Boris Koval,Compliance,ic,2026-07-28T14:24:00,60,answered,Not sure -- escalate to privacy,,see thread,0.5,true,false,
RSP000652,TAP000854,phi_column_classification,tactical,2026-07,rsantos@northharbor.health,Rita Santos,Compliance,manager,2026-07-05T13:00:00,101,deflected,,bkoval@northharbor.health,,0.76,true,false,
RSP000653,TAP000855,phi_column_classification,tactical,2026-07,bkoval@northharbor.health,Boris Koval,Compliance,ic,2026-07-25T11:46:00,142,answered,Not sure -- escalate to privacy,,see thread,0.39,,false,
RSP000654,TAP000856,phi_column_classification,tactical,2026-07,vosei@northharbor.health,Vera Osei,Compliance,manager,2026-07-01T12:03:00,58,answered,PHI -- indirect / limited data set,,,0.97,true,true,
RSP000655,TAP000859,phi_column_classification,tactical,2026-07,bkoval@northharbor.health,Boris Koval,Compliance,ic,2026-07-28T17:21:00,40,answered,Not sure -- escalate to privacy,,see thread,0.49,false,false,
RSP000656,TAP000861,phi_column_classification,tactical,2026-07,bkoval@northharbor.health,Boris Koval,Compliance,ic,2026-07-09T22:34:00,343,answered,De-identified,,,0.98,true,true,
RSP000657,TAP000862,phi_column_classification,tactical,2026-07,bkoval@northharbor.health,Boris Koval,Compliance,ic,2026-07-12T17:09:00,191,answered,De-identified,,,0.87,false,true,
RSP000658,TAP000864,phi_column_classification,tactical,2026-07,bkoval@northharbor.health,Boris Koval,Compliance,ic,2026-07-22T21:32:00,225,answered,De-identified,,,0.77,true,false,2026-08-09T21:32:00
RSP000659,TAP000865,phi_column_classification,tactical,2026-07,rsantos@northharbor.health,Rita Santos,Compliance,manager,2026-07-01T15:25:00,302,deflected,,bkoval@northharbor.health,,0.84,,false,
RSP000660,TAP000866,phi_column_classification,tactical,2026-07,bkoval@northharbor.health,Boris Koval,Compliance,ic,2026-07-22T12:33:00,159,answered,Not patient data,,see thread,0.84,true,true,
RSP000661,TAP000868,phi_column_classification,tactical,2026-07,rsantos@northharbor.health,Rita Santos,Compliance,manager,2026-07-11T23:18:00,532,answered,PHI -- indirect / limited data set,,,0.76,,true,
RSP000662,TAP000869,phi_column_classification,tactical,2026-07,bkoval@northharbor.health,Boris Koval,Compliance,ic,2026-07-11T19:35:00,139,answered,De-identified,,,0.81,,true,
RSP000663,TAP000870,phi_column_classification,tactical,2026-07,rsantos@northharbor.health,Rita Santos,Compliance,manager,2026-07-07T14:50:00,248,answered,PHI -- direct identifier,,,0.9,,true,
RSP000664,TAP000871,phi_column_classification,tactical,2026-07,bkoval@northharbor.health,Boris Koval,Compliance,ic,2026-07-22T13:13:00,226,answered,De-identified,,,0.77,true,true,
RSP000665,TAP000873,phi_column_classification,tactical,2026-07,vosei@northharbor.health,Vera Osei,Compliance,manager,2026-07-07T18:09:00,91,answered,Not patient data,,see thread,0.6,true,true,
RSP000666,TAP000875,phi_column_classification,tactical,2026-07,vosei@northharbor.health,Vera Osei,Compliance,manager,2026-07-13T18:12:00,91,answered,PHI -- indirect / limited data set,,,1.0,,true,
RSP000667,TAP000877,phi_column_classification,tactical,2026-07,bkoval@northharbor.health,Boris Koval,Compliance,ic,2026-07-07T15:12:00,133,answered,PHI -- direct identifier,,,0.86,,true,
RSP000668,TAP000879,phi_column_classification,tactical,2026-07,bkoval@northharbor.health,Boris Koval,Compliance,ic,2026-07-16T15:25:00,197,answered,PHI -- indirect / limited data set,,,0.87,true,true,
RSP000669,TAP000880,phi_column_classification,tactical,2026-07,bkoval@northharbor.health,Boris Koval,Compliance,ic,2026-07-24T13:30:00,52,answered,PHI -- direct identifier,,,0.83,true,true,
RSP000670,TAP000881,phi_column_classification,tactical,2026-07,rsantos@northharbor.health,Rita Santos,Compliance,manager,2026-07-23T18:34:00,114,answered,Not patient data,,see thread,0.78,false,true,
RSP000671,TAP000882,phi_column_classification,tactical,2026-07,bkoval@northharbor.health,Boris Koval,Compliance,ic,2026-07-03T15:25:00,184,answered,Not patient data,,see thread,0.88,,false,
RSP000672,TAP000883,phi_column_classification,tactical,2026-07,vosei@northharbor.health,Vera Osei,Compliance,manager,2026-07-26T18:26:00,165,answered,Not sure -- escalate to privacy,,see thread,0.34,true,false,
RSP000673,TAP000887,phi_column_classification,tactical,2026-07,bkoval@northharbor.health,Boris Koval,Compliance,ic,2026-07-06T15:43:00,192,answered,Not sure -- escalate to privacy,,see thread,0.48,,false,2026-08-02T15:43:00
RSP000674,TAP000888,phi_column_classification,tactical,2026-07,vosei@northharbor.health,Vera Osei,Compliance,manager,2026-07-30T18:18:00,81,answered,Not sure -- escalate to privacy,,see thread,0.54,true,false,2026-09-11T18:18:00
RSP000675,TAP000891,phi_column_classification,tactical,2026-07,bkoval@northharbor.health,Boris Koval,Compliance,ic,2026-07-17T18:30:00,128,answered,PHI -- indirect / limited data set,,,0.88,,true,
RSP000676,TAP000892,phi_column_classification,tactical,2026-07,bkoval@northharbor.health,Boris Koval,Compliance,ic,2026-07-02T01:42:00,647,deflected,,rsantos@northharbor.health,,0.67,,false,
RSP000677,TAP000895,phi_column_classification,tactical,2026-07,vosei@northharbor.health,Vera Osei,Compliance,manager,2026-07-30T19:43:00,284,answered,PHI -- indirect / limited data set,,,1.0,true,true,
RSP000678,TAP000896,phi_column_classification,tactical,2026-07,bkoval@northharbor.health,Boris Koval,Compliance,ic,2026-07-27T18:55:00,234,answered,PHI -- direct identifier,,,0.71,true,true,
RSP000679,TAP000897,phi_column_classification,tactical,2026-07,bkoval@northharbor.health,Boris Koval,Compliance,ic,2026-07-02T14:45:00,73,answered,Not patient data,,see thread,0.88,true,true,
RSP000680,TAP000898,phi_column_classification,tactical,2026-07,bkoval@northharbor.health,Boris Koval,Compliance,ic,2026-07-08T19:16:00,195,answered,PHI -- direct identifier,,,0.74,true,true,
RSP000681,TAP000899,phi_column_classification,tactical,2026-07,vosei@northharbor.health,Vera Osei,Compliance,manager,2026-07-21T18:58:00,521,answered,De-identified,,,1.0,true,true,
RSP000682,TAP000901,phi_column_classification,tactical,2026-07,bkoval@northharbor.health,Boris Koval,Compliance,ic,2026-07-04T13:28:00,160,answered,Not sure -- escalate to privacy,,see thread,0.37,,false,
RSP000683,TAP000902,phi_column_classification,tactical,2026-07,vosei@northharbor.health,Vera Osei,Compliance,manager,2026-07-13T13:37:00,136,answered,Not patient data,,see thread,0.73,true,true,
RSP000684,TAP000903,phi_column_classification,tactical,2026-07,bkoval@northharbor.health,Boris Koval,Compliance,ic,2026-07-11T12:02:00,132,answered,Not patient data,,see thread,0.84,true,true,
RSP000685,TAP000904,phi_column_classification,tactical,2026-07,vosei@northharbor.health,Vera Osei,Compliance,manager,2026-07-24T13:09:00,165,answered,De-identified,,,0.71,true,true,
RSP000686,TAP000905,phi_column_classification,tactical,2026-07,bkoval@northharbor.health,Boris Koval,Compliance,ic,2026-07-10T15:52:00,46,answered,Not sure -- escalate to privacy,,see thread,0.46,true,false,2026-08-14T15:52:00
RSP000687,TAP000907,phi_column_classification,tactical,2026-07,vosei@northharbor.health,Vera Osei,Compliance,manager,2026-07-23T12:39:00,88,deflected,,bkoval@northharbor.health,,0.75,true,false,
RSP000688,TAP000908,phi_column_classification,tactical,2026-07,bkoval@northharbor.health,Boris Koval,Compliance,ic,2026-07-10T14:39:00,43,answered,De-identified,,,0.48,false,true,
RSP000689,TAP000909,phi_column_classification,tactical,2026-07,rsantos@northharbor.health,Rita Santos,Compliance,manager,2026-07-01T21:01:00,727,answered,PHI -- indirect / limited data set,,,0.69,true,true,
RSP000690,TAP000910,phi_column_classification,tactical,2026-07,bkoval@northharbor.health,Boris Koval,Compliance,ic,2026-07-30T13:45:00,213,answered,De-identified,,,0.93,false,true,
RSP000691,TAP000911,phi_column_classification,tactical,2026-07,bkoval@northharbor.health,Boris Koval,Compliance,ic,2026-07-02T13:43:00,36,answered,PHI -- indirect / limited data set,,,0.74,true,true,
RSP000692,TAP000912,phi_column_classification,tactical,2026-07,vosei@northharbor.health,Vera Osei,Compliance,manager,2026-07-15T10:48:00,77,answered,PHI -- indirect / limited data set,,,0.74,,true,
RSP000693,TAP000913,phi_column_classification,tactical,2026-07,bkoval@northharbor.health,Boris Koval,Compliance,ic,2026-07-02T14:31:00,215,answered,Not patient data,,see thread,0.75,,true,
RSP000694,TAP000914,phi_column_classification,tactical,2026-07,bkoval@northharbor.health,Boris Koval,Compliance,ic,2026-07-15T14:04:00,125,answered,PHI -- direct identifier,,,0.78,true,true,
RSP000695,TAP000916,phi_column_classification,tactical,2026-07,bkoval@northharbor.health,Boris Koval,Compliance,ic,2026-07-12T10:26:00,87,answered,PHI -- indirect / limited data set,,,0.88,true,true,
RSP000696,TAP000917,phi_column_classification,tactical,2026-07,bkoval@northharbor.health,Boris Koval,Compliance,ic,2026-07-14T13:23:00,165,answered,Not patient data,,see thread,0.94,true,true,
RSP000697,TAP000918,phi_column_classification,tactical,2026-07,vosei@northharbor.health,Vera Osei,Compliance,manager,2026-07-19T20:57:00,141,answered,Not patient data,,see thread,0.99,false,true,
RSP000698,TAP000920,phi_column_classification,tactical,2026-07,bkoval@northharbor.health,Boris Koval,Compliance,ic,2026-07-03T08:44:00,71,answered,De-identified,,,0.75,true,true,
RSP000699,TAP000922,phi_column_classification,tactical,2026-07,rsantos@northharbor.health,Rita Santos,Compliance,manager,2026-07-01T19:19:00,97,answered,PHI -- indirect / limited data set,,,1.0,true,true,
RSP000700,TAP000923,phi_column_classification,tactical,2026-07,bkoval@northharbor.health,Boris Koval,Compliance,ic,2026-07-28T17:41:00,78,answered,PHI -- direct identifier,,,0.87,true,true,
RSP000701,TAP000924,phi_column_classification,tactical,2026-07,bkoval@northharbor.health,Boris Koval,Compliance,ic,2026-07-24T15:33:00,367,answered,Not sure -- escalate to privacy,,see thread,0.67,,false,
RSP000702,TAP000925,phi_column_classification,tactical,2026-07,bkoval@northharbor.health,Boris Koval,Compliance,ic,2026-07-08T17:56:00,174,answered,PHI -- indirect / limited data set,,,0.85,true,true,
RSP000703,TAP000926,phi_column_classification,tactical,2026-07,bkoval@northharbor.health,Boris Koval,Compliance,ic,2026-07-10T13:50:00,60,answered,Not sure -- escalate to privacy,,see thread,0.4,,false,
RSP000704,TAP000927,phi_column_classification,tactical,2026-07,vosei@northharbor.health,Vera Osei,Compliance,manager,2026-07-26T17:41:00,93,answered,De-identified,,,0.96,,true,
RSP000705,TAP000928,phi_column_classification,tactical,2026-07,rsantos@northharbor.health,Rita Santos,Compliance,manager,2026-07-11T14:24:00,15,answered,PHI -- direct identifier,,,0.97,,true,
RSP000706,TAP000930,phi_column_classification,tactical,2026-07,vosei@northharbor.health,Vera Osei,Compliance,manager,2026-07-02T15:19:00,173,answered,Not patient data,,see thread,0.93,,true,
RSP000707,TAP000931,phi_column_classification,tactical,2026-07,bkoval@northharbor.health,Boris Koval,Compliance,ic,2026-07-08T13:26:00,58,answered,PHI -- indirect / limited data set,,,1.0,true,true,
RSP000708,TAP000932,phi_column_classification,tactical,2026-07,bkoval@northharbor.health,Boris Koval,Compliance,ic,2026-07-29T18:24:00,113,deflected,,mgrant@northharbor.health,,0.96,,false,
RSP000709,TAP000933,phi_column_classification,tactical,2026-07,vosei@northharbor.health,Vera Osei,Compliance,manager,2026-07-12T13:51:00,149,answered,Not sure -- escalate to privacy,,see thread,0.4,,false,2026-08-29T13:51:00
RSP000710,TAP000934,phi_column_classification,tactical,2026-07,bkoval@northharbor.health,Boris Koval,Compliance,ic,2026-07-29T17:14:00,79,answered,PHI -- indirect / limited data set,,,0.84,false,true,
RSP000711,TAP000936,phi_column_classification,tactical,2026-07,bkoval@northharbor.health,Boris Koval,Compliance,ic,2026-07-12T12:54:00,56,answered,De-identified,,,0.95,,true,
RSP000712,TAP000937,phi_column_classification,tactical,2026-07,bkoval@northharbor.health,Boris Koval,Compliance,ic,2026-07-24T17:53:00,116,answered,PHI -- indirect / limited data set,,,0.71,true,true,
RSP000713,TAP000938,phi_column_classification,tactical,2026-07,bkoval@northharbor.health,Boris Koval,Compliance,ic,2026-07-18T16:02:00,74,answered,Not sure -- escalate to privacy,,see thread,0.46,true,false,2026-09-10T16:02:00
RSP000714,TAP000939,phi_column_classification,tactical,2026-07,bkoval@northharbor.health,Boris Koval,Compliance,ic,2026-07-22T19:12:00,81,answered,Not sure -- escalate to privacy,,see thread,0.33,,false,
RSP000715,TAP000940,phi_column_classification,tactical,2026-07,bkoval@northharbor.health,Boris Koval,Compliance,ic,2026-07-01T17:12:00,265,answered,Not patient data,,see thread,0.86,,true,
RSP000716,TAP000941,phi_column_classification,tactical,2026-07,bkoval@northharbor.health,Boris Koval,Compliance,ic,2026-07-20T13:22:00,110,answered,PHI -- indirect / limited data set,,,0.57,true,false,
RSP000717,TAP000943,phi_column_classification,tactical,2026-07,bkoval@northharbor.health,Boris Koval,Compliance,ic,2026-07-17T09:22:00,67,answered,PHI -- direct identifier,,,0.8,false,true,
RSP000718,TAP000944,phi_column_classification,tactical,2026-07,vosei@northharbor.health,Vera Osei,Compliance,manager,2026-07-01T23:20:00,485,answered,Not patient data,,see thread,0.72,,true,
RSP000719,TAP000946,phi_column_classification,tactical,2026-07,bkoval@northharbor.health,Boris Koval,Compliance,ic,2026-07-27T19:13:00,38,answered,De-identified,,,0.7,,false,
RSP000720,TAP000947,phi_column_classification,tactical,2026-07,bkoval@northharbor.health,Boris Koval,Compliance,ic,2026-07-15T16:20:00,1435,answered,De-identified,,,0.9,false,true,
RSP000721,TAP000950,phi_column_classification,tactical,2026-07,bkoval@northharbor.health,Boris Koval,Compliance,ic,2026-07-17T15:10:00,112,answered,De-identified,,,0.92,true,true,
RSP000722,TAP000951,phi_column_classification,tactical,2026-07,rsantos@northharbor.health,Rita Santos,Compliance,manager,2026-07-27T14:17:00,112,answered,Not patient data,,see thread,0.79,true,true,
RSP000723,TAP000952,phi_column_classification,tactical,2026-07,rsantos@northharbor.health,Rita Santos,Compliance,manager,2026-07-14T16:19:00,161,answered,Not sure -- escalate to privacy,,see thread,0.62,true,false,2026-07-20T16:19:00
RSP000724,TAP000954,phi_column_classification,tactical,2026-07,bkoval@northharbor.health,Boris Koval,Compliance,ic,2026-07-03T11:19:00,91,answered,De-identified,,,1.0,false,false,
RSP000725,TAP000955,phi_column_classification,tactical,2026-07,rsantos@northharbor.health,Rita Santos,Compliance,manager,2026-07-14T17:16:00,135,answered,Not patient data,,see thread,0.77,false,true,
RSP000726,TAP000956,phi_column_classification,tactical,2026-07,bkoval@northharbor.health,Boris Koval,Compliance,ic,2026-07-09T12:16:00,48,answered,Not sure -- escalate to privacy,,see thread,0.57,true,false,
RSP000727,TAP000958,phi_column_classification,tactical,2026-07,bkoval@northharbor.health,Boris Koval,Compliance,ic,2026-07-05T15:33:00,58,answered,Not sure -- escalate to privacy,,see thread,0.56,,false,
RSP000728,TAP000959,phi_column_classification,tactical,2026-07,rsantos@northharbor.health,Rita Santos,Compliance,manager,2026-07-13T23:49:00,370,answered,Not sure -- escalate to privacy,,see thread,0.46,true,false,2026-09-04T23:49:00
RSP000729,TAP000960,phi_column_classification,tactical,2026-07,bkoval@northharbor.health,Boris Koval,Compliance,ic,2026-07-09T18:14:00,37,answered,Not patient data,,see thread,0.87,true,true,
RSP000730,TAP000962,phi_column_classification,tactical,2026-07,bkoval@northharbor.health,Boris Koval,Compliance,ic,2026-07-23T17:10:00,68,answered,Not sure -- escalate to privacy,,see thread,0.63,,false,
RSP000731,TAP000963,phi_column_classification,tactical,2026-07,vosei@northharbor.health,Vera Osei,Compliance,manager,2026-07-07T13:06:00,222,answered,Not patient data,,see thread,0.67,false,true,
RSP000732,TAP000964,phi_column_classification,tactical,2026-07,rsantos@northharbor.health,Rita Santos,Compliance,manager,2026-07-17T18:00:00,226,answered,Not sure -- escalate to privacy,,see thread,0.26,,false,2026-09-04T18:00:00
RSP000733,TAP000966,phi_column_classification,tactical,2026-07,rsantos@northharbor.health,Rita Santos,Compliance,manager,2026-07-10T13:48:00,110,answered,PHI -- direct identifier,,,0.95,true,true,
RSP000734,TAP000967,phi_column_classification,tactical,2026-07,bkoval@northharbor.health,Boris Koval,Compliance,ic,2026-07-15T19:51:00,233,answered,PHI -- direct identifier,,,0.76,false,true,
RSP000735,TAP000968,phi_column_classification,tactical,2026-07,bkoval@northharbor.health,Boris Koval,Compliance,ic,2026-07-19T20:44:00,98,answered,De-identified,,,0.81,false,true,
RSP000736,TAP000970,phi_column_classification,tactical,2026-07,bkoval@northharbor.health,Boris Koval,Compliance,ic,2026-07-02T12:00:00,25,answered,De-identified,,,0.55,true,true,
RSP000737,TAP000971,phi_column_classification,tactical,2026-07,vosei@northharbor.health,Vera Osei,Compliance,manager,2026-07-06T18:19:00,79,deflected,,bkoval@northharbor.health,,0.97,true,false,
RSP000738,TAP000972,phi_column_classification,tactical,2026-07,bkoval@northharbor.health,Boris Koval,Compliance,ic,2026-07-18T18:59:00,253,answered,Not sure -- escalate to privacy,,see thread,0.28,,false,2026-08-02T18:59:00
RSP000739,TAP000973,phi_column_classification,tactical,2026-07,rsantos@northharbor.health,Rita Santos,Compliance,manager,2026-07-30T14:27:00,140,answered,Not sure -- escalate to privacy,,see thread,0.37,,false,
RSP000740,TAP000974,phi_column_classification,tactical,2026-07,bkoval@northharbor.health,Boris Koval,Compliance,ic,2026-07-26T12:46:00,26,answered,PHI -- direct identifier,,,0.72,,true,
RSP000741,TAP000975,phi_column_classification,tactical,2026-07,vosei@northharbor.health,Vera Osei,Compliance,manager,2026-07-28T09:21:00,40,answered,PHI -- direct identifier,,,0.88,,true,
RSP000742,TAP000976,phi_column_classification,tactical,2026-07,bkoval@northharbor.health,Boris Koval,Compliance,ic,2026-07-16T22:34:00,386,answered,De-identified,,,0.94,false,true,
RSP000743,TAP000977,phi_column_classification,tactical,2026-07,rsantos@northharbor.health,Rita Santos,Compliance,manager,2026-07-13T21:54:00,380,deflected,,vosei@northharbor.health,,0.98,true,false,
RSP000744,TAP000978,phi_column_classification,tactical,2026-07,bkoval@northharbor.health,Boris Koval,Compliance,ic,2026-07-08T19:04:00,151,answered,Not sure -- escalate to privacy,,see thread,0.49,,false,2026-08-07T19:04:00
RSP000745,TAP000979,phi_column_classification,tactical,2026-07,vosei@northharbor.health,Vera Osei,Compliance,manager,2026-07-25T15:43:00,174,answered,Not sure -- escalate to privacy,,see thread,0.38,false,false,
RSP000746,TAP000981,phi_column_classification,tactical,2026-07,bkoval@northharbor.health,Boris Koval,Compliance,ic,2026-07-10T16:35:00,281,answered,De-identified,,,0.91,true,true,
RSP000747,TAP000982,phi_column_classification,tactical,2026-07,rsantos@northharbor.health,Rita Santos,Compliance,manager,2026-07-19T13:23:00,186,answered,De-identified,,,0.65,,true,
RSP000748,TAP000983,phi_column_classification,tactical,2026-07,bkoval@northharbor.health,Boris Koval,Compliance,ic,2026-07-24T16:53:00,175,answered,Not sure -- escalate to privacy,,see thread,0.55,,false,2026-08-31T16:53:00
RSP000749,TAP000984,phi_column_classification,tactical,2026-07,bkoval@northharbor.health,Boris Koval,Compliance,ic,2026-07-22T23:43:00,288,answered,PHI -- direct identifier,,,0.78,false,true,
RSP000750,TAP000985,phi_column_classification,tactical,2026-07,bkoval@northharbor.health,Boris Koval,Compliance,ic,2026-07-06T19:16:00,314,answered,De-identified,,,0.8,,true,
RSP000751,TAP000986,revenue_definition_change,strategic,2026-07,rmarsh@northharbor.health,Robert Marsh,Finance,cxo,2026-07-08T19:51:00,901,answered,"Yes, make it canonical",,,0.77,,true,
RSP000752,TAP000987,revenue_definition_change,strategic,2026-07,rmarsh@northharbor.health,Robert Marsh,Finance,cxo,2026-07-14T02:36:00,530,answered,"No, revert to the previous definition",,see thread,0.79,true,true,
RSP000753,TAP000988,revenue_definition_change,strategic,2026-07,rmarsh@northharbor.health,Robert Marsh,Finance,cxo,2026-07-08T10:30:00,523,answered,Not my call -- needs a finance review meeting,,see thread,0.74,true,true,
RSP000754,TAP000989,revenue_definition_change,strategic,2026-07,rmarsh@northharbor.health,Robert Marsh,Finance,cxo,2026-07-13T19:52:00,1440,answered,"No, revert to the previous definition",,see thread,1.0,,true,
RSP000755,TAP000990,revenue_definition_change,strategic,2026-07,rmarsh@northharbor.health,Robert Marsh,Finance,cxo,2026-07-24T23:06:00,162,answered,"Yes, make it canonical",,,0.81,,true,
RSP000756,TAP000991,revenue_definition_change,strategic,2026-07,rmarsh@northharbor.health,Robert Marsh,Finance,cxo,2026-07-14T04:23:00,524,answered,"Yes, make it canonical",,,0.68,,true,
RSP000757,TAP000992,quality_measure_criteria,strategic,2026-07,sramirez@northharbor.health,Sofia Ramirez,Clinical Operations,director,2026-07-22T06:45:00,875,answered,Incorrect -- exclusion is too narrow,,see thread,0.73,,true,
RSP000758,TAP000993,quality_measure_criteria,strategic,2026-07,sramirez@northharbor.health,Sofia Ramirez,Clinical Operations,director,2026-07-07T00:28:00,381,answered,Need to check the measure specification,,,0.35,,false,
RSP000759,TAP000994,quality_measure_criteria,strategic,2026-07,sramirez@northharbor.health,Sofia Ramirez,Clinical Operations,director,2026-07-09T16:46:00,487,answered,Incorrect -- exclusion is too narrow,,see thread,0.76,true,true,
RSP000760,TAP000995,source_freshness_ownership,tactical,2026-07,mkeller@northharbor.health,Marcus Keller,Data Platform,lead,2026-07-30T15:59:00,64,answered,"Nobody owns it, it should be retired",,see thread,0.77,,true,
RSP000761,TAP000996,source_freshness_ownership,tactical,2026-07,hyusuf@northharbor.health,Hana Yusuf,Data Platform,manager,2026-07-28T17:18:00,57,answered,"Yes, my team owns it",,,1.0,false,true,
RSP000762,TAP000998,source_freshness_ownership,tactical,2026-07,mkeller@northharbor.health,Marcus Keller,Data Platform,lead,2026-07-02T11:06:00,117,answered,"Nobody owns it, it should be retired",,see thread,0.65,,false,
RSP000763,TAP000999,metric_deprecation,strategic,2026-07,nfarrell@northharbor.health,Nora Farrell,Growth,director,2026-07-16T16:10:00,439,answered,Keep it -- still needed,,,0.93,true,true,
RSP000764,TAP001000,metric_deprecation,strategic,2026-07,rmarsh@northharbor.health,Robert Marsh,Finance,cxo,2026-07-22T18:29:00,872,answered,Keep it -- still needed,,,0.97,,true,
RSP000765,TAP001001,metric_deprecation,strategic,2026-07,jokafor@northharbor.health,Joy Okafor,Revenue Cycle,director,2026-07-26T15:09:00,364,answered,Retire it,,,0.87,true,true,
RSP000766,TAP001002,metric_deprecation,strategic,2026-07,jokafor@northharbor.health,Joy Okafor,Revenue Cycle,director,2026-07-20T22:51:00,503,answered,Retire it,,,0.9,true,true,
RSP000767,TAP001003,denial_reason_classification,tactical,2026-08,mdiallo@northharbor.health,Mariam Diallo,Revenue Cycle,ic,2026-08-02T17:39:00,208,answered,Authorization or referral,,,0.74,true,true,
RSP000768,TAP001004,encounter_type_mapping,tactical,2026-08,iharlow@northharbor.health,Ines Harlow,Clinical Operations,ic,2026-08-02T17:36:00,98,answered,Not a real encounter -- exclude,,see thread,0.89,true,false,2026-08-05T17:36:00
RSP000769,TAP001005,phi_column_classification,tactical,2026-08,bkoval@northharbor.health,Boris Koval,Compliance,ic,2026-08-03T15:19:00,161,answered,Not patient data,,see thread,0.83,true,true,
RSP000770,TAP001006,phi_column_classification,tactical,2026-08,vosei@northharbor.health,Vera Osei,Compliance,manager,2026-08-03T12:10:00,128,answered,De-identified,,,0.82,false,true,
RSP000771,TAP001007,phi_column_classification,tactical,2026-08,bkoval@northharbor.health,Boris Koval,Compliance,ic,2026-08-03T12:49:00,252,answered,Not patient data,,see thread,0.79,true,true,
RSP000772,TAP001009,phi_column_classification,tactical,2026-08,bkoval@northharbor.health,Boris Koval,Compliance,ic,2026-08-01T22:59:00,438,answered,Not sure -- escalate to privacy,,see thread,0.54,,false,
RSP000773,TAP001010,phi_column_classification,tactical,2026-08,bkoval@northharbor.health,Boris Koval,Compliance,ic,2026-08-02T13:18:00,78,answered,PHI -- direct identifier,,,0.76,true,true,
RSP000774,TAP001011,phi_column_classification,tactical,2026-08,bkoval@northharbor.health,Boris Koval,Compliance,ic,2026-08-01T11:07:00,87,answered,Not sure -- escalate to privacy,,see thread,0.53,,false,
RSP000775,TAP001013,phi_column_classification,tactical,2026-08,rsantos@northharbor.health,Rita Santos,Compliance,manager,2026-08-03T20:34:00,267,answered,Not patient data,,see thread,0.85,,true,
RSP000776,TAP001014,phi_column_classification,tactical,2026-08,vosei@northharbor.health,Vera Osei,Compliance,manager,2026-08-03T18:57:00,103,answered,PHI -- indirect / limited data set,,,0.83,true,true,
RSP000777,TAP001016,phi_column_classification,tactical,2026-08,bkoval@northharbor.health,Boris Koval,Compliance,ic,2026-08-03T18:39:00,192,answered,PHI -- indirect / limited data set,,,0.72,false,true,
RSP000778,TAP001017,phi_column_classification,tactical,2026-08,bkoval@northharbor.health,Boris Koval,Compliance,ic,2026-08-01T13:06:00,247,answered,Not patient data,,see thread,0.84,,true,
RSP000779,TAP001018,phi_column_classification,tactical,2026-08,bkoval@northharbor.health,Boris Koval,Compliance,ic,2026-08-01T15:21:00,308,answered,PHI -- direct identifier,,,0.55,true,true,
RSP000780,TAP001019,phi_column_classification,tactical,2026-08,bkoval@northharbor.health,Boris Koval,Compliance,ic,2026-08-01T13:14:00,127,answered,De-identified,,,0.98,true,true,
RSP000781,TAP001021,phi_column_classification,tactical,2026-08,bkoval@northharbor.health,Boris Koval,Compliance,ic,2026-08-02T17:34:00,231,answered,PHI -- direct identifier,,,0.91,,true,
RSP000782,TAP001022,phi_column_classification,tactical,2026-08,bkoval@northharbor.health,Boris Koval,Compliance,ic,2026-08-03T18:13:00,148,answered,De-identified,,,0.83,true,true,
RSP000783,TAP001023,phi_column_classification,tactical,2026-08,vosei@northharbor.health,Vera Osei,Compliance,manager,2026-08-03T20:31:00,275,answered,Not sure -- escalate to privacy,,see thread,0.55,false,false,2026-09-08T20:31:00
RSP000784,TAP001024,phi_column_classification,tactical,2026-08,bkoval@northharbor.health,Boris Koval,Compliance,ic,2026-08-01T21:26:00,583,answered,Not patient data,,see thread,0.94,true,true,
RSP000785,TAP001025,phi_column_classification,tactical,2026-08,bkoval@northharbor.health,Boris Koval,Compliance,ic,2026-08-02T14:30:00,75,answered,Not patient data,,see thread,0.77,true,false,
RSP000786,TAP001027,revenue_definition_change,strategic,2026-08,rmarsh@northharbor.health,Robert Marsh,Finance,cxo,2026-08-03T02:20:00,410,answered,"No, revert to the previous definition",,see thread,0.86,,false,2026-08-20T02:20:00
RSP000787,TAP001029,metric_deprecation,strategic,2026-08,rmarsh@northharbor.health,Robert Marsh,Finance,cxo,2026-08-02T13:54:00,1386,answered,Keep it -- still needed,,,0.97,false,true,
