tap_id,trigger_id,tap_type_id,tap_class,domain_key,month,object_id,object_name,entity_key,recipient_email,recipient_name,recipient_department,recipient_authority,routed_via,channel,generated_at,delivered_at,sla_hours,due_at,blast_radius,dependent_count,status,context_json
TAP000001,TRG000001,denial_reason_classification,tactical,rcm.denials,2026-02,OBJ0034,fct_writeoffs,Aetna|CO-16,rpatel@northharbor.health,Rohan Patel,Revenue Cycle,ic,codeowners,slack_dm,2026-02-08T15:05:00,2026-02-08T15:10:00,8,2026-02-08T23:10:00,high,34,answered,"{""payer_name"": ""Aetna"", ""payer_code"": ""CO-16"", ""claim_id"": ""CLM0700000"", ""claim_amount"": ""14,266"", ""service_date"": ""2026-03-12"", ""similar_count"": 22}"
TAP000002,TRG000002,denial_reason_classification,tactical,rcm.denials,2026-02,OBJ0029,fct_numerators,UnitedHealthcare|CO-16,ysong@northharbor.health,Yuna Song,Revenue Cycle,lead,codeowners,slack_dm,2026-02-03T09:22:00,2026-02-03T09:59:00,8,2026-02-03T17:59:00,low,4,answered,"{""payer_name"": ""UnitedHealthcare"", ""payer_code"": ""CO-16"", ""claim_id"": ""CLM0700037"", ""claim_amount"": ""7,121"", ""service_date"": ""2026-04-03"", ""similar_count"": 51}"
TAP000003,TRG000003,denial_reason_classification,tactical,rcm.denials,2026-02,OBJ0052,fct_patients,BCBS Michigan|CO-16,mdiallo@northharbor.health,Mariam Diallo,Revenue Cycle,ic,codeowners,slack_dm,2026-02-12T13:00:00,2026-02-12T13:53:00,8,2026-02-12T21:53:00,medium,11,answered,"{""payer_name"": ""BCBS Michigan"", ""payer_code"": ""CO-16"", ""claim_id"": ""CLM0700074"", ""claim_amount"": ""2,518"", ""service_date"": ""2026-06-07"", ""similar_count"": 11}"
TAP000004,TRG000004,denial_reason_classification,tactical,rcm.denials,2026-02,OBJ0040,fct_discharges,Cigna|CO-16,ysong@northharbor.health,Yuna Song,Revenue Cycle,lead,domains_yml,slack_dm,2026-02-22T11:13:00,2026-02-22T11:56:00,8,2026-02-22T19:56:00,low,8,answered,"{""payer_name"": ""Cigna"", ""payer_code"": ""CO-16"", ""claim_id"": ""CLM0700111"", ""claim_amount"": ""24,653"", ""service_date"": ""2026-03-07"", ""similar_count"": 88}"
TAP000005,TRG000006,denial_reason_classification,tactical,rcm.denials,2026-02,OBJ0050,fct_census,Humana|CO-16,rpatel@northharbor.health,Rohan Patel,Revenue Cycle,ic,codeowners,slack_dm,2026-02-02T14:53:00,2026-02-02T15:36:00,8,2026-02-02T23:36:00,low,3,answered,"{""payer_name"": ""Humana"", ""payer_code"": ""CO-16"", ""claim_id"": ""CLM0700148"", ""claim_amount"": ""13,964"", ""service_date"": ""2026-01-12"", ""similar_count"": 4}"
TAP000006,TRG000007,denial_reason_classification,tactical,rcm.denials,2026-02,OBJ0042,fct_exclusions,Medicare Part A|CO-16,nabara@northharbor.health,Nkechi Abara,Revenue Cycle,ic,codeowners,slack_dm,2026-02-04T14:22:00,2026-02-04T14:36:00,8,2026-02-04T22:36:00,low,8,answered,"{""payer_name"": ""Medicare Part A"", ""payer_code"": ""CO-16"", ""claim_id"": ""CLM0700185"", ""claim_amount"": ""17,253"", ""service_date"": ""2026-03-02"", ""similar_count"": 63}"
TAP000007,TRG000008,denial_reason_classification,tactical,rcm.denials,2026-02,OBJ0052,fct_patients,Medicaid MI|CO-16,rpatel@northharbor.health,Rohan Patel,Revenue Cycle,ic,domains_yml,slack_dm,2026-02-10T12:39:00,2026-02-10T13:30:00,8,2026-02-10T21:30:00,medium,11,answered,"{""payer_name"": ""Medicaid MI"", ""payer_code"": ""CO-16"", ""claim_id"": ""CLM0700222"", ""claim_amount"": ""1,355"", ""service_date"": ""2026-04-17"", ""similar_count"": 4}"
TAP000008,TRG000010,denial_reason_classification,tactical,rcm.denials,2026-02,OBJ0049,fct_coverage,Priority Health|CO-16,kobrien@northharbor.health,Kate O'Brien,Revenue Cycle,ic,domains_yml,slack_dm,2026-02-26T10:48:00,2026-02-26T11:18:00,8,2026-02-26T19:18:00,high,34,timed_out,"{""payer_name"": ""Priority Health"", ""payer_code"": ""CO-16"", ""claim_id"": ""CLM0700259"", ""claim_amount"": ""32,050"", ""service_date"": ""2026-01-27"", ""similar_count"": 82}"
TAP000009,TRG000011,denial_reason_classification,tactical,rcm.denials,2026-02,OBJ0036,fct_diagnoses,Molina|CO-16,kobrien@northharbor.health,Kate O'Brien,Revenue Cycle,ic,domains_yml,slack_dm,2026-02-10T18:39:00,2026-02-10T19:14:00,8,2026-02-11T03:14:00,low,0,answered,"{""payer_name"": ""Molina"", ""payer_code"": ""CO-16"", ""claim_id"": ""CLM0700296"", ""claim_amount"": ""25,550"", ""service_date"": ""2026-03-17"", ""similar_count"": 20}"
TAP000010,TRG000012,denial_reason_classification,tactical,rcm.denials,2026-02,OBJ0048,fct_denials,Tricare|CO-16,rpatel@northharbor.health,Rohan Patel,Revenue Cycle,ic,domains_yml,slack_dm,2026-02-14T11:29:00,2026-02-14T11:50:00,8,2026-02-14T19:50:00,low,3,answered,"{""payer_name"": ""Tricare"", ""payer_code"": ""CO-16"", ""claim_id"": ""CLM0700333"", ""claim_amount"": ""8,172"", ""service_date"": ""2026-04-04"", ""similar_count"": 61}"
TAP000011,TRG000013,denial_reason_classification,tactical,rcm.denials,2026-02,OBJ0044,fct_appointments,Aetna|CO-97,nabara@northharbor.health,Nkechi Abara,Revenue Cycle,ic,codeowners,slack_dm,2026-02-27T17:07:00,2026-02-27T17:34:00,8,2026-02-28T01:34:00,low,0,answered,"{""payer_name"": ""Aetna"", ""payer_code"": ""CO-97"", ""claim_id"": ""CLM0700370"", ""claim_amount"": ""23,004"", ""service_date"": ""2026-05-21"", ""similar_count"": 59}"
TAP000012,TRG000014,denial_reason_classification,tactical,rcm.denials,2026-02,OBJ0047,fct_aging,UnitedHealthcare|CO-97,ysong@northharbor.health,Yuna Song,Revenue Cycle,lead,domains_yml,slack_dm,2026-02-01T12:25:00,2026-02-01T13:00:00,8,2026-02-01T21:00:00,high,34,answered,"{""payer_name"": ""UnitedHealthcare"", ""payer_code"": ""CO-97"", ""claim_id"": ""CLM0700407"", ""claim_amount"": ""31,254"", ""service_date"": ""2026-01-16"", ""similar_count"": 38}"
TAP000013,TRG000016,denial_reason_classification,tactical,rcm.denials,2026-02,OBJ0043,fct_encounters,BCBS Michigan|CO-97,mdiallo@northharbor.health,Mariam Diallo,Revenue Cycle,ic,codeowners,slack_dm,2026-02-26T17:22:00,2026-02-26T18:12:00,8,2026-02-27T02:12:00,medium,11,answered,"{""payer_name"": ""BCBS Michigan"", ""payer_code"": ""CO-97"", ""claim_id"": ""CLM0700444"", ""claim_amount"": ""7,424"", ""service_date"": ""2026-04-06"", ""similar_count"": 12}"
TAP000014,TRG000017,denial_reason_classification,tactical,rcm.denials,2026-02,OBJ0051,fct_balances,Cigna|CO-97,mdiallo@northharbor.health,Mariam Diallo,Revenue Cycle,ic,codeowners,slack_dm,2026-02-16T14:11:00,2026-02-16T15:03:00,8,2026-02-16T23:03:00,low,4,answered,"{""payer_name"": ""Cigna"", ""payer_code"": ""CO-97"", ""claim_id"": ""CLM0700481"", ""claim_amount"": ""15,578"", ""service_date"": ""2026-03-08"", ""similar_count"": 50}"
TAP000015,TRG000018,denial_reason_classification,tactical,rcm.denials,2026-02,OBJ0051,fct_balances,Humana|CO-97,thoffman@northharbor.health,Tobias Hoffman,Revenue Cycle,ic,codeowners,slack_dm,2026-02-28T15:11:00,2026-02-28T15:40:00,8,2026-02-28T23:40:00,low,4,answered,"{""payer_name"": ""Humana"", ""payer_code"": ""CO-97"", ""claim_id"": ""CLM0700518"", ""claim_amount"": ""5,299"", ""service_date"": ""2026-02-05"", ""similar_count"": 82}"
TAP000016,TRG000019,denial_reason_classification,tactical,rcm.denials,2026-02,OBJ0038,fct_eligibility,Medicare Part A|CO-97,kobrien@northharbor.health,Kate O'Brien,Revenue Cycle,ic,domains_yml,slack_dm,2026-02-04T12:41:00,2026-02-04T13:15:00,8,2026-02-04T21:15:00,low,3,answered,"{""payer_name"": ""Medicare Part A"", ""payer_code"": ""CO-97"", ""claim_id"": ""CLM0700555"", ""claim_amount"": ""34,307"", ""service_date"": ""2026-03-10"", ""similar_count"": 71}"
TAP000017,TRG000021,denial_reason_classification,tactical,rcm.denials,2026-02,OBJ0034,fct_writeoffs,Medicaid MI|CO-97,nabara@northharbor.health,Nkechi Abara,Revenue Cycle,ic,codeowners,slack_dm,2026-02-06T10:31:00,2026-02-06T10:52:00,8,2026-02-06T18:52:00,high,34,answered,"{""payer_name"": ""Medicaid MI"", ""payer_code"": ""CO-97"", ""claim_id"": ""CLM0700592"", ""claim_amount"": ""37,556"", ""service_date"": ""2026-04-28"", ""similar_count"": 79}"
TAP000018,TRG000023,denial_reason_classification,tactical,rcm.denials,2026-02,OBJ0046,fct_measures,Priority Health|CO-97,mdiallo@northharbor.health,Mariam Diallo,Revenue Cycle,ic,codeowners,slack_dm,2026-02-17T10:28:00,2026-02-17T11:08:00,8,2026-02-17T19:08:00,low,3,answered,"{""payer_name"": ""Priority Health"", ""payer_code"": ""CO-97"", ""claim_id"": ""CLM0700629"", ""claim_amount"": ""17,199"", ""service_date"": ""2026-01-02"", ""similar_count"": 47}"
TAP000019,TRG000025,denial_reason_classification,tactical,rcm.denials,2026-02,OBJ0048,fct_denials,Molina|CO-97,kobrien@northharbor.health,Kate O'Brien,Revenue Cycle,ic,codeowners,slack_dm,2026-02-13T14:22:00,2026-02-13T15:14:00,8,2026-02-13T23:14:00,low,3,expired,"{""payer_name"": ""Molina"", ""payer_code"": ""CO-97"", ""claim_id"": ""CLM0700666"", ""claim_amount"": ""36,222"", ""service_date"": ""2026-06-04"", ""similar_count"": 16}"
TAP000020,TRG000026,denial_reason_classification,tactical,rcm.denials,2026-02,OBJ0030,fct_claims,Tricare|CO-97,kobrien@northharbor.health,Kate O'Brien,Revenue Cycle,ic,codeowners,slack_dm,2026-02-18T18:48:00,2026-02-18T19:41:00,8,2026-02-19T03:41:00,low,3,answered,"{""payer_name"": ""Tricare"", ""payer_code"": ""CO-97"", ""claim_id"": ""CLM0700703"", ""claim_amount"": ""1,833"", ""service_date"": ""2026-04-06"", ""similar_count"": 48}"
TAP000021,TRG000027,denial_reason_classification,tactical,rcm.denials,2026-02,OBJ0045,fct_authorizations,Aetna|CO-45,rpatel@northharbor.health,Rohan Patel,Revenue Cycle,ic,codeowners,slack_dm,2026-02-05T09:14:00,2026-02-05T09:36:00,8,2026-02-05T17:36:00,low,8,deflected,"{""payer_name"": ""Aetna"", ""payer_code"": ""CO-45"", ""claim_id"": ""CLM0700740"", ""claim_amount"": ""16,831"", ""service_date"": ""2026-03-10"", ""similar_count"": 29}"
TAP000022,TRG000028,denial_reason_classification,tactical,rcm.denials,2026-02,OBJ0039,fct_providers,UnitedHealthcare|CO-45,mdiallo@northharbor.health,Mariam Diallo,Revenue Cycle,ic,codeowners,slack_dm,2026-02-07T15:04:00,2026-02-07T15:08:00,8,2026-02-07T23:08:00,low,1,answered,"{""payer_name"": ""UnitedHealthcare"", ""payer_code"": ""CO-45"", ""claim_id"": ""CLM0700777"", ""claim_amount"": ""11,907"", ""service_date"": ""2026-01-25"", ""similar_count"": 72}"
TAP000023,TRG000029,denial_reason_classification,tactical,rcm.denials,2026-02,OBJ0030,fct_claims,BCBS Michigan|CO-45,nabara@northharbor.health,Nkechi Abara,Revenue Cycle,ic,domains_yml,slack_dm,2026-02-06T14:47:00,2026-02-06T15:18:00,8,2026-02-06T23:18:00,low,3,answered,"{""payer_name"": ""BCBS Michigan"", ""payer_code"": ""CO-45"", ""claim_id"": ""CLM0700814"", ""claim_amount"": ""22,240"", ""service_date"": ""2026-06-03"", ""similar_count"": 19}"
TAP000024,TRG000032,denial_reason_classification,tactical,rcm.denials,2026-02,OBJ0043,fct_encounters,Cigna|CO-45,ysong@northharbor.health,Yuna Song,Revenue Cycle,lead,domains_yml,slack_dm,2026-02-09T18:07:00,2026-02-09T18:25:00,8,2026-02-10T02:25:00,medium,11,answered,"{""payer_name"": ""Cigna"", ""payer_code"": ""CO-45"", ""claim_id"": ""CLM0700851"", ""claim_amount"": ""40,071"", ""service_date"": ""2026-03-14"", ""similar_count"": 10}"
TAP000025,TRG000033,denial_reason_classification,tactical,rcm.denials,2026-02,OBJ0050,fct_census,Humana|CO-45,ysong@northharbor.health,Yuna Song,Revenue Cycle,lead,domains_yml,slack_dm,2026-02-05T12:39:00,2026-02-05T13:29:00,8,2026-02-05T21:29:00,low,3,answered,"{""payer_name"": ""Humana"", ""payer_code"": ""CO-45"", ""claim_id"": ""CLM0700888"", ""claim_amount"": ""22,374"", ""service_date"": ""2026-05-07"", ""similar_count"": 52}"
TAP000026,TRG000034,denial_reason_classification,tactical,rcm.denials,2026-02,OBJ0041,fct_service_lines,Medicare Part A|CO-45,mdiallo@northharbor.health,Mariam Diallo,Revenue Cycle,ic,codeowners,slack_dm,2026-02-11T13:38:00,2026-02-11T14:28:00,8,2026-02-11T22:28:00,medium,19,timed_out,"{""payer_name"": ""Medicare Part A"", ""payer_code"": ""CO-45"", ""claim_id"": ""CLM0700925"", ""claim_amount"": ""39,086"", ""service_date"": ""2026-07-14"", ""similar_count"": 89}"
TAP000027,TRG000036,denial_reason_classification,tactical,rcm.denials,2026-02,OBJ0032,fct_remittances,Medicaid MI|CO-45,mdiallo@northharbor.health,Mariam Diallo,Revenue Cycle,ic,domains_yml,slack_dm,2026-02-19T09:22:00,2026-02-19T09:47:00,8,2026-02-19T17:47:00,medium,11,answered,"{""payer_name"": ""Medicaid MI"", ""payer_code"": ""CO-45"", ""claim_id"": ""CLM0700962"", ""claim_amount"": ""5,245"", ""service_date"": ""2026-05-13"", ""similar_count"": 21}"
TAP000028,TRG000037,denial_reason_classification,tactical,rcm.denials,2026-02,OBJ0050,fct_census,Priority Health|CO-45,thoffman@northharbor.health,Tobias Hoffman,Revenue Cycle,ic,codeowners,slack_dm,2026-02-05T10:33:00,2026-02-05T11:24:00,8,2026-02-05T19:24:00,low,3,timed_out,"{""payer_name"": ""Priority Health"", ""payer_code"": ""CO-45"", ""claim_id"": ""CLM0700999"", ""claim_amount"": ""23,202"", ""service_date"": ""2026-04-14"", ""similar_count"": 9}"
TAP000029,TRG000042,denial_reason_classification,tactical,rcm.denials,2026-02,OBJ0051,fct_balances,Molina|CO-45,thoffman@northharbor.health,Tobias Hoffman,Revenue Cycle,ic,codeowners,slack_dm,2026-02-05T15:52:00,2026-02-05T16:32:00,8,2026-02-06T00:32:00,low,4,answered,"{""payer_name"": ""Molina"", ""payer_code"": ""CO-45"", ""claim_id"": ""CLM0701036"", ""claim_amount"": ""31,463"", ""service_date"": ""2026-01-17"", ""similar_count"": 85}"
TAP000030,TRG000043,denial_reason_classification,tactical,rcm.denials,2026-02,OBJ0048,fct_denials,Tricare|CO-45,thoffman@northharbor.health,Tobias Hoffman,Revenue Cycle,ic,domains_yml,slack_dm,2026-02-15T16:01:00,2026-02-15T16:13:00,8,2026-02-16T00:13:00,low,3,answered,"{""payer_name"": ""Tricare"", ""payer_code"": ""CO-45"", ""claim_id"": ""CLM0701073"", ""claim_amount"": ""16,748"", ""service_date"": ""2026-01-15"", ""similar_count"": 48}"
TAP000031,TRG000046,denial_reason_classification,tactical,rcm.denials,2026-02,OBJ0047,fct_aging,Aetna|CO-50,thoffman@northharbor.health,Tobias Hoffman,Revenue Cycle,ic,codeowners,slack_dm,2026-02-12T11:46:00,2026-02-12T11:57:00,8,2026-02-12T19:57:00,high,34,answered,"{""payer_name"": ""Aetna"", ""payer_code"": ""CO-50"", ""claim_id"": ""CLM0701110"", ""claim_amount"": ""39,988"", ""service_date"": ""2026-02-18"", ""similar_count"": 65}"
TAP000032,TRG000047,denial_reason_classification,tactical,rcm.denials,2026-02,OBJ0029,fct_numerators,UnitedHealthcare|CO-50,ysong@northharbor.health,Yuna Song,Revenue Cycle,lead,codeowners,slack_dm,2026-02-22T16:36:00,2026-02-22T16:52:00,8,2026-02-23T00:52:00,low,4,answered,"{""payer_name"": ""UnitedHealthcare"", ""payer_code"": ""CO-50"", ""claim_id"": ""CLM0701147"", ""claim_amount"": ""25,396"", ""service_date"": ""2026-05-19"", ""similar_count"": 46}"
TAP000033,TRG000053,denial_reason_classification,tactical,rcm.denials,2026-02,OBJ0050,fct_census,Cigna|CO-50,nabara@northharbor.health,Nkechi Abara,Revenue Cycle,ic,codeowners,slack_dm,2026-02-24T10:51:00,2026-02-24T11:46:00,8,2026-02-24T19:46:00,low,3,answered,"{""payer_name"": ""Cigna"", ""payer_code"": ""CO-50"", ""claim_id"": ""CLM0701221"", ""claim_amount"": ""22,472"", ""service_date"": ""2026-04-07"", ""similar_count"": 20}"
TAP000034,TRG000054,denial_reason_classification,tactical,rcm.denials,2026-02,OBJ0048,fct_denials,Humana|CO-50,kobrien@northharbor.health,Kate O'Brien,Revenue Cycle,ic,codeowners,slack_dm,2026-02-05T09:07:00,2026-02-05T09:41:00,8,2026-02-05T17:41:00,low,3,timed_out,"{""payer_name"": ""Humana"", ""payer_code"": ""CO-50"", ""claim_id"": ""CLM0701258"", ""claim_amount"": ""25,783"", ""service_date"": ""2026-01-23"", ""similar_count"": 2}"
TAP000035,TRG000055,denial_reason_classification,tactical,rcm.denials,2026-02,OBJ0035,fct_charges,Medicare Part A|CO-50,mdiallo@northharbor.health,Mariam Diallo,Revenue Cycle,ic,codeowners,slack_dm,2026-02-06T13:03:00,2026-02-06T13:52:00,8,2026-02-06T21:52:00,medium,19,answered,"{""payer_name"": ""Medicare Part A"", ""payer_code"": ""CO-50"", ""claim_id"": ""CLM0701295"", ""claim_amount"": ""29,863"", ""service_date"": ""2026-07-20"", ""similar_count"": 58}"
TAP000036,TRG000057,denial_reason_classification,tactical,rcm.denials,2026-02,OBJ0046,fct_measures,Medicaid MI|CO-50,nabara@northharbor.health,Nkechi Abara,Revenue Cycle,ic,domains_yml,slack_dm,2026-02-05T16:39:00,2026-02-05T17:22:00,8,2026-02-06T01:22:00,low,3,answered,"{""payer_name"": ""Medicaid MI"", ""payer_code"": ""CO-50"", ""claim_id"": ""CLM0701332"", ""claim_amount"": ""911"", ""service_date"": ""2026-01-11"", ""similar_count"": 64}"
TAP000037,TRG000060,denial_reason_classification,tactical,rcm.denials,2026-02,OBJ0049,fct_coverage,Priority Health|CO-50,nabara@northharbor.health,Nkechi Abara,Revenue Cycle,ic,domains_yml,slack_dm,2026-02-06T09:20:00,2026-02-06T09:29:00,8,2026-02-06T17:29:00,high,34,answered,"{""payer_name"": ""Priority Health"", ""payer_code"": ""CO-50"", ""claim_id"": ""CLM0701369"", ""claim_amount"": ""10,380"", ""service_date"": ""2026-05-13"", ""similar_count"": 26}"
TAP000038,TRG000061,denial_reason_classification,tactical,rcm.denials,2026-02,OBJ0044,fct_appointments,Molina|CO-50,kobrien@northharbor.health,Kate O'Brien,Revenue Cycle,ic,codeowners,slack_dm,2026-02-26T15:39:00,2026-02-26T15:49:00,8,2026-02-26T23:49:00,low,0,answered,"{""payer_name"": ""Molina"", ""payer_code"": ""CO-50"", ""claim_id"": ""CLM0701406"", ""claim_amount"": ""11,519"", ""service_date"": ""2026-01-30"", ""similar_count"": 22}"
TAP000039,TRG000062,denial_reason_classification,tactical,rcm.denials,2026-02,OBJ0034,fct_writeoffs,Tricare|CO-50,lbrennan@northharbor.health,Liam Brennan,Revenue Cycle,manager,domains_yml,slack_dm,2026-02-25T17:57:00,2026-02-25T18:50:00,8,2026-02-26T02:50:00,high,34,answered,"{""payer_name"": ""Tricare"", ""payer_code"": ""CO-50"", ""claim_id"": ""CLM0701443"", ""claim_amount"": ""37,213"", ""service_date"": ""2026-07-04"", ""similar_count"": 84}"
TAP000040,TRG000063,denial_reason_classification,tactical,rcm.denials,2026-02,OBJ0047,fct_aging,Aetna|PR-1,ysong@northharbor.health,Yuna Song,Revenue Cycle,lead,codeowners,slack_dm,2026-02-05T12:36:00,2026-02-05T13:21:00,8,2026-02-05T21:21:00,high,34,answered,"{""payer_name"": ""Aetna"", ""payer_code"": ""PR-1"", ""claim_id"": ""CLM0701480"", ""claim_amount"": ""14,934"", ""service_date"": ""2026-05-31"", ""similar_count"": 7}"
TAP000041,TRG000064,denial_reason_classification,tactical,rcm.denials,2026-02,OBJ0046,fct_measures,UnitedHealthcare|PR-1,nabara@northharbor.health,Nkechi Abara,Revenue Cycle,ic,codeowners,slack_dm,2026-02-06T17:08:00,2026-02-06T17:49:00,8,2026-02-07T01:49:00,low,3,answered,"{""payer_name"": ""UnitedHealthcare"", ""payer_code"": ""PR-1"", ""claim_id"": ""CLM0701517"", ""claim_amount"": ""38,334"", ""service_date"": ""2026-02-09"", ""similar_count"": 35}"
TAP000042,TRG000065,denial_reason_classification,tactical,rcm.denials,2026-02,OBJ0051,fct_balances,BCBS Michigan|PR-1,rpatel@northharbor.health,Rohan Patel,Revenue Cycle,ic,domains_yml,slack_dm,2026-02-08T13:42:00,2026-02-08T14:02:00,8,2026-02-08T22:02:00,low,4,deflected,"{""payer_name"": ""BCBS Michigan"", ""payer_code"": ""PR-1"", ""claim_id"": ""CLM0701554"", ""claim_amount"": ""12,993"", ""service_date"": ""2026-04-03"", ""similar_count"": 71}"
TAP000043,TRG000066,charge_capture_variance,tactical,rcm.coding,2026-02,OBJ0146,write_off_pct,Cardiology|0,kobrien@northharbor.health,Kate O'Brien,Revenue Cycle,ic,domains_yml,slack_dm,2026-02-25T12:41:00,2026-02-25T12:42:00,24,2026-02-26T12:42:00,low,4,timed_out,"{""service_line"": ""Cardiology"", ""variance_pct"": 32.6, ""encounter_count"": 707, ""baseline_amount"": ""6,071"", ""current_amount"": ""7,945""}"
TAP000044,TRG000068,charge_capture_variance,tactical,rcm.coding,2026-02,OBJ0146,write_off_pct,Orthopedics|0,thoffman@northharbor.health,Tobias Hoffman,Revenue Cycle,ic,domains_yml,slack_dm,2026-02-23T16:30:00,2026-02-23T16:37:00,24,2026-02-24T16:37:00,low,4,answered,"{""service_line"": ""Orthopedics"", ""variance_pct"": 32.9, ""encounter_count"": 1722, ""baseline_amount"": ""5,177"", ""current_amount"": ""3,748""}"
TAP000045,TRG000071,charge_capture_variance,tactical,rcm.coding,2026-02,OBJ0144,charge_lag_days,Oncology|0,mdiallo@northharbor.health,Mariam Diallo,Revenue Cycle,ic,codeowners,slack_dm,2026-02-03T10:26:00,2026-02-03T10:36:00,24,2026-02-04T10:36:00,low,2,expired,"{""service_line"": ""Oncology"", ""variance_pct"": 6.0, ""encounter_count"": 555, ""baseline_amount"": ""3,348"", ""current_amount"": ""3,841""}"
TAP000046,TRG000073,charge_capture_variance,tactical,rcm.coding,2026-02,OBJ0146,write_off_pct,General Surgery|0,rpatel@northharbor.health,Rohan Patel,Revenue Cycle,ic,codeowners,slack_dm,2026-02-15T10:54:00,2026-02-15T11:41:00,24,2026-02-16T11:41:00,low,4,deflected,"{""service_line"": ""General Surgery"", ""variance_pct"": 38.4, ""encounter_count"": 682, ""baseline_amount"": ""4,362"", ""current_amount"": ""5,930""}"
TAP000047,TRG000077,charge_capture_variance,tactical,rcm.coding,2026-02,OBJ0147,payer_mix_commercial,Neurology|0,kobrien@northharbor.health,Kate O'Brien,Revenue Cycle,ic,domains_yml,slack_dm,2026-02-14T15:42:00,2026-02-14T16:10:00,24,2026-02-15T16:10:00,high,31,answered,"{""service_line"": ""Neurology"", ""variance_pct"": -16.8, ""encounter_count"": 2032, ""baseline_amount"": ""1,100"", ""current_amount"": ""1,218""}"
TAP000048,TRG000081,charge_capture_variance,tactical,rcm.coding,2026-02,OBJ0146,write_off_pct,OB/GYN|0,ysong@northharbor.health,Yuna Song,Revenue Cycle,lead,codeowners,slack_dm,2026-02-22T16:35:00,2026-02-22T16:52:00,24,2026-02-23T16:52:00,low,4,deflected,"{""service_line"": ""OB/GYN"", ""variance_pct"": -8.0, ""encounter_count"": 1817, ""baseline_amount"": ""2,724"", ""current_amount"": ""3,364""}"
TAP000049,TRG000082,charge_capture_variance,tactical,rcm.coding,2026-02,OBJ0149,observation_conversion_rate,Emergency|0,mdiallo@northharbor.health,Mariam Diallo,Revenue Cycle,ic,codeowners,slack_dm,2026-02-03T10:48:00,2026-02-03T11:07:00,24,2026-02-04T11:07:00,high,31,answered,"{""service_line"": ""Emergency"", ""variance_pct"": -0.7, ""encounter_count"": 750, ""baseline_amount"": ""5,695"", ""current_amount"": ""4,899""}"
TAP000050,TRG000083,charge_capture_variance,tactical,rcm.coding,2026-02,OBJ0146,write_off_pct,Behavioral Health|0,ysong@northharbor.health,Yuna Song,Revenue Cycle,lead,codeowners,slack_dm,2026-02-17T12:25:00,2026-02-17T12:44:00,24,2026-02-18T12:44:00,low,4,answered,"{""service_line"": ""Behavioral Health"", ""variance_pct"": -5.4, ""encounter_count"": 1889, ""baseline_amount"": ""8,083"", ""current_amount"": ""6,129""}"
TAP000051,TRG000084,charge_capture_variance,tactical,rcm.coding,2026-02,OBJ0147,payer_mix_commercial,Endocrinology|0,kobrien@northharbor.health,Kate O'Brien,Revenue Cycle,ic,codeowners,slack_dm,2026-02-18T07:08:00,2026-02-18T07:27:00,24,2026-02-19T07:27:00,high,31,answered,"{""service_line"": ""Endocrinology"", ""variance_pct"": -10.3, ""encounter_count"": 239, ""baseline_amount"": ""1,630"", ""current_amount"": ""1,393""}"
TAP000052,TRG000085,charge_capture_variance,tactical,rcm.coding,2026-02,OBJ0146,write_off_pct,Pulmonology|0,nabara@northharbor.health,Nkechi Abara,Revenue Cycle,ic,codeowners,slack_dm,2026-02-20T11:17:00,2026-02-20T11:47:00,24,2026-02-21T11:47:00,low,4,timed_out,"{""service_line"": ""Pulmonology"", ""variance_pct"": 22.5, ""encounter_count"": 993, ""baseline_amount"": ""3,815"", ""current_amount"": ""2,810""}"
TAP000053,TRG000086,charge_capture_variance,tactical,rcm.coding,2026-02,OBJ0148,encounters_per_provider_day,Cardiology|1,lbrennan@northharbor.health,Liam Brennan,Revenue Cycle,manager,codeowners,slack_dm,2026-02-06T13:12:00,2026-02-06T13:23:00,24,2026-02-07T13:23:00,high,31,timed_out,"{""service_line"": ""Cardiology"", ""variance_pct"": -1.8, ""encounter_count"": 1222, ""baseline_amount"": ""1,747"", ""current_amount"": ""1,789""}"
TAP000054,TRG000087,charge_capture_variance,tactical,rcm.coding,2026-02,OBJ0144,charge_lag_days,Orthopedics|1,ysong@northharbor.health,Yuna Song,Revenue Cycle,lead,codeowners,slack_dm,2026-02-27T12:25:00,2026-02-27T13:12:00,24,2026-02-28T13:12:00,low,2,timed_out,"{""service_line"": ""Orthopedics"", ""variance_pct"": -25.0, ""encounter_count"": 120, ""baseline_amount"": ""8,308"", ""current_amount"": ""8,094""}"
TAP000055,TRG000089,charge_capture_variance,tactical,rcm.coding,2026-02,OBJ0145,coding_accuracy_rate,Oncology|1,rpatel@northharbor.health,Rohan Patel,Revenue Cycle,ic,codeowners,slack_dm,2026-02-07T12:54:00,2026-02-07T13:39:00,24,2026-02-08T13:39:00,high,31,deflected,"{""service_line"": ""Oncology"", ""variance_pct"": 5.1, ""encounter_count"": 1793, ""baseline_amount"": ""5,014"", ""current_amount"": ""5,029""}"
TAP000056,TRG000090,charge_capture_variance,tactical,rcm.coding,2026-02,OBJ0144,charge_lag_days,General Surgery|1,mdiallo@northharbor.health,Mariam Diallo,Revenue Cycle,ic,codeowners,slack_dm,2026-02-22T16:55:00,2026-02-22T17:42:00,24,2026-02-23T17:42:00,low,2,timed_out,"{""service_line"": ""General Surgery"", ""variance_pct"": -26.0, ""encounter_count"": 1583, ""baseline_amount"": ""955"", ""current_amount"": ""1,091""}"
TAP000057,TRG000092,charge_capture_variance,tactical,rcm.coding,2026-02,OBJ0148,encounters_per_provider_day,Neurology|1,kobrien@northharbor.health,Kate O'Brien,Revenue Cycle,ic,domains_yml,slack_dm,2026-02-22T17:52:00,2026-02-22T18:01:00,24,2026-02-23T18:01:00,high,31,timed_out,"{""service_line"": ""Neurology"", ""variance_pct"": 2.8, ""encounter_count"": 1454, ""baseline_amount"": ""6,772"", ""current_amount"": ""8,230""}"
TAP000058,TRG000093,charge_capture_variance,tactical,rcm.coding,2026-02,OBJ0148,encounters_per_provider_day,OB/GYN|1,thoffman@northharbor.health,Tobias Hoffman,Revenue Cycle,ic,domains_yml,slack_dm,2026-02-19T12:00:00,2026-02-19T12:13:00,24,2026-02-20T12:13:00,high,31,answered,"{""service_line"": ""OB/GYN"", ""variance_pct"": 23.8, ""encounter_count"": 597, ""baseline_amount"": ""1,287"", ""current_amount"": ""935""}"
TAP000059,TRG000094,charge_capture_variance,tactical,rcm.coding,2026-02,OBJ0147,payer_mix_commercial,Emergency|1,mdiallo@northharbor.health,Mariam Diallo,Revenue Cycle,ic,domains_yml,slack_dm,2026-02-19T13:13:00,2026-02-19T13:47:00,24,2026-02-20T13:47:00,high,31,answered,"{""service_line"": ""Emergency"", ""variance_pct"": 36.7, ""encounter_count"": 936, ""baseline_amount"": ""4,568"", ""current_amount"": ""3,758""}"
TAP000060,TRG000098,charge_capture_variance,tactical,rcm.coding,2026-02,OBJ0146,write_off_pct,Endocrinology|1,rpatel@northharbor.health,Rohan Patel,Revenue Cycle,ic,codeowners,slack_dm,2026-02-18T16:00:00,2026-02-18T16:19:00,24,2026-02-19T16:19:00,low,4,timed_out,"{""service_line"": ""Endocrinology"", ""variance_pct"": 25.3, ""encounter_count"": 1346, ""baseline_amount"": ""3,375"", ""current_amount"": ""2,417""}"
TAP000061,TRG000100,charge_capture_variance,tactical,rcm.coding,2026-02,OBJ0144,charge_lag_days,Pulmonology|1,kobrien@northharbor.health,Kate O'Brien,Revenue Cycle,ic,codeowners,slack_dm,2026-02-24T15:50:00,2026-02-24T15:53:00,24,2026-02-25T15:53:00,low,2,answered,"{""service_line"": ""Pulmonology"", ""variance_pct"": -26.5, ""encounter_count"": 1401, ""baseline_amount"": ""7,768"", ""current_amount"": ""5,470""}"
TAP000062,TRG000101,charge_capture_variance,tactical,rcm.coding,2026-02,OBJ0144,charge_lag_days,Cardiology|2,mdiallo@northharbor.health,Mariam Diallo,Revenue Cycle,ic,codeowners,slack_dm,2026-02-24T15:04:00,2026-02-24T15:19:00,24,2026-02-25T15:19:00,low,2,timed_out,"{""service_line"": ""Cardiology"", ""variance_pct"": 1.5, ""encounter_count"": 1185, ""baseline_amount"": ""1,712"", ""current_amount"": ""1,921""}"
TAP000063,TRG000104,charge_capture_variance,tactical,rcm.coding,2026-02,OBJ0147,payer_mix_commercial,Orthopedics|2,mdiallo@northharbor.health,Mariam Diallo,Revenue Cycle,ic,codeowners,slack_dm,2026-02-10T16:15:00,2026-02-10T16:43:00,24,2026-02-11T16:43:00,high,31,answered,"{""service_line"": ""Orthopedics"", ""variance_pct"": 0.8, ""encounter_count"": 969, ""baseline_amount"": ""7,326"", ""current_amount"": ""6,462""}"
TAP000064,TRG000105,charge_capture_variance,tactical,rcm.coding,2026-02,OBJ0145,coding_accuracy_rate,Oncology|2,mdiallo@northharbor.health,Mariam Diallo,Revenue Cycle,ic,codeowners,slack_dm,2026-02-06T16:27:00,2026-02-06T17:01:00,24,2026-02-07T17:01:00,high,31,expired,"{""service_line"": ""Oncology"", ""variance_pct"": -20.1, ""encounter_count"": 1247, ""baseline_amount"": ""7,264"", ""current_amount"": ""7,789""}"
TAP000065,TRG000106,charge_capture_variance,tactical,rcm.coding,2026-02,OBJ0147,payer_mix_commercial,General Surgery|2,thoffman@northharbor.health,Tobias Hoffman,Revenue Cycle,ic,codeowners,slack_dm,2026-02-09T09:44:00,2026-02-09T10:31:00,24,2026-02-10T10:31:00,high,31,answered,"{""service_line"": ""General Surgery"", ""variance_pct"": 37.2, ""encounter_count"": 520, ""baseline_amount"": ""3,095"", ""current_amount"": ""3,388""}"
TAP000066,TRG000108,charge_capture_variance,tactical,rcm.coding,2026-02,OBJ0145,coding_accuracy_rate,Neurology|2,mdiallo@northharbor.health,Mariam Diallo,Revenue Cycle,ic,codeowners,slack_dm,2026-02-07T16:57:00,2026-02-07T17:52:00,24,2026-02-08T17:52:00,high,31,answered,"{""service_line"": ""Neurology"", ""variance_pct"": 26.2, ""encounter_count"": 1001, ""baseline_amount"": ""4,017"", ""current_amount"": ""4,927""}"
TAP000067,TRG000110,charge_capture_variance,tactical,rcm.coding,2026-02,OBJ0149,observation_conversion_rate,OB/GYN|2,rpatel@northharbor.health,Rohan Patel,Revenue Cycle,ic,domains_yml,slack_dm,2026-02-10T16:34:00,2026-02-10T17:25:00,24,2026-02-11T17:25:00,high,31,expired,"{""service_line"": ""OB/GYN"", ""variance_pct"": -11.1, ""encounter_count"": 1026, ""baseline_amount"": ""2,857"", ""current_amount"": ""3,990""}"
TAP000068,TRG000111,charge_capture_variance,tactical,rcm.coding,2026-02,OBJ0144,charge_lag_days,Emergency|2,rpatel@northharbor.health,Rohan Patel,Revenue Cycle,ic,domains_yml,slack_dm,2026-02-27T16:50:00,2026-02-27T17:03:00,24,2026-02-28T17:03:00,low,2,deflected,"{""service_line"": ""Emergency"", ""variance_pct"": -15.7, ""encounter_count"": 132, ""baseline_amount"": ""3,424"", ""current_amount"": ""4,413""}"
TAP000069,TRG000114,charge_capture_variance,tactical,rcm.coding,2026-02,OBJ0146,write_off_pct,Behavioral Health|2,kobrien@northharbor.health,Kate O'Brien,Revenue Cycle,ic,codeowners,slack_dm,2026-02-19T11:06:00,2026-02-19T11:53:00,24,2026-02-20T11:53:00,low,4,timed_out,"{""service_line"": ""Behavioral Health"", ""variance_pct"": 4.7, ""encounter_count"": 763, ""baseline_amount"": ""6,067"", ""current_amount"": ""6,360""}"
TAP000070,TRG000117,charge_capture_variance,tactical,rcm.coding,2026-02,OBJ0145,coding_accuracy_rate,Endocrinology|2,kobrien@northharbor.health,Kate O'Brien,Revenue Cycle,ic,domains_yml,slack_dm,2026-02-18T15:33:00,2026-02-18T16:09:00,24,2026-02-19T16:09:00,high,31,answered,"{""service_line"": ""Endocrinology"", ""variance_pct"": 12.1, ""encounter_count"": 2031, ""baseline_amount"": ""2,772"", ""current_amount"": ""3,098""}"
TAP000071,TRG000118,charge_capture_variance,tactical,rcm.coding,2026-02,OBJ0144,charge_lag_days,Pulmonology|2,mdiallo@northharbor.health,Mariam Diallo,Revenue Cycle,ic,codeowners,slack_dm,2026-02-19T14:16:00,2026-02-19T14:58:00,24,2026-02-20T14:58:00,low,2,timed_out,"{""service_line"": ""Pulmonology"", ""variance_pct"": -11.8, ""encounter_count"": 857, ""baseline_amount"": ""1,632"", ""current_amount"": ""1,784""}"
TAP000072,TRG000119,charge_capture_variance,tactical,rcm.coding,2026-02,OBJ0144,charge_lag_days,Cardiology|3,mdiallo@northharbor.health,Mariam Diallo,Revenue Cycle,ic,domains_yml,slack_dm,2026-02-15T18:31:00,2026-02-15T19:18:00,24,2026-02-16T19:18:00,low,2,answered,"{""service_line"": ""Cardiology"", ""variance_pct"": -36.8, ""encounter_count"": 459, ""baseline_amount"": ""6,913"", ""current_amount"": ""6,931""}"
TAP000073,TRG000125,charge_capture_variance,tactical,rcm.coding,2026-02,OBJ0144,charge_lag_days,Orthopedics|3,kobrien@northharbor.health,Kate O'Brien,Revenue Cycle,ic,codeowners,slack_dm,2026-02-07T07:38:00,2026-02-07T08:07:00,24,2026-02-08T08:07:00,low,2,answered,"{""service_line"": ""Orthopedics"", ""variance_pct"": 28.4, ""encounter_count"": 1167, ""baseline_amount"": ""2,088"", ""current_amount"": ""2,061""}"
TAP000074,TRG000126,charge_capture_variance,tactical,rcm.coding,2026-02,OBJ0147,payer_mix_commercial,Oncology|3,kobrien@northharbor.health,Kate O'Brien,Revenue Cycle,ic,codeowners,slack_dm,2026-02-28T15:19:00,2026-02-28T16:13:00,24,2026-03-01T16:13:00,high,31,answered,"{""service_line"": ""Oncology"", ""variance_pct"": -10.1, ""encounter_count"": 214, ""baseline_amount"": ""5,498"", ""current_amount"": ""4,822""}"
TAP000075,TRG000127,charge_capture_variance,tactical,rcm.coding,2026-02,OBJ0147,payer_mix_commercial,General Surgery|3,rpatel@northharbor.health,Rohan Patel,Revenue Cycle,ic,domains_yml,slack_dm,2026-02-27T09:23:00,2026-02-27T10:03:00,24,2026-02-28T10:03:00,high,31,timed_out,"{""service_line"": ""General Surgery"", ""variance_pct"": 38.7, ""encounter_count"": 1931, ""baseline_amount"": ""6,043"", ""current_amount"": ""4,249""}"
TAP000076,TRG000128,charge_capture_variance,tactical,rcm.coding,2026-02,OBJ0146,write_off_pct,Neurology|3,thoffman@northharbor.health,Tobias Hoffman,Revenue Cycle,ic,domains_yml,slack_dm,2026-02-17T10:36:00,2026-02-17T10:42:00,24,2026-02-18T10:42:00,low,4,answered,"{""service_line"": ""Neurology"", ""variance_pct"": 13.6, ""encounter_count"": 1960, ""baseline_amount"": ""922"", ""current_amount"": ""1,239""}"
TAP000077,TRG000129,charge_capture_variance,tactical,rcm.coding,2026-02,OBJ0144,charge_lag_days,OB/GYN|3,nabara@northharbor.health,Nkechi Abara,Revenue Cycle,ic,codeowners,slack_dm,2026-02-06T14:10:00,2026-02-06T14:24:00,24,2026-02-07T14:24:00,low,2,deflected,"{""service_line"": ""OB/GYN"", ""variance_pct"": -26.7, ""encounter_count"": 1397, ""baseline_amount"": ""6,165"", ""current_amount"": ""5,990""}"
TAP000078,TRG000130,charge_capture_variance,tactical,rcm.coding,2026-02,OBJ0144,charge_lag_days,Emergency|3,ysong@northharbor.health,Yuna Song,Revenue Cycle,lead,codeowners,slack_dm,2026-02-03T15:17:00,2026-02-03T15:29:00,24,2026-02-04T15:29:00,low,2,answered,"{""service_line"": ""Emergency"", ""variance_pct"": 34.0, ""encounter_count"": 1240, ""baseline_amount"": ""2,575"", ""current_amount"": ""3,382""}"
TAP000079,TRG000131,charge_capture_variance,tactical,rcm.coding,2026-02,OBJ0146,write_off_pct,Behavioral Health|3,nabara@northharbor.health,Nkechi Abara,Revenue Cycle,ic,domains_yml,slack_dm,2026-02-27T13:25:00,2026-02-27T13:50:00,24,2026-02-28T13:50:00,low,4,timed_out,"{""service_line"": ""Behavioral Health"", ""variance_pct"": -36.3, ""encounter_count"": 1704, ""baseline_amount"": ""1,754"", ""current_amount"": ""1,359""}"
TAP000080,TRG000132,charge_capture_variance,tactical,rcm.coding,2026-02,OBJ0149,observation_conversion_rate,Endocrinology|3,ysong@northharbor.health,Yuna Song,Revenue Cycle,lead,codeowners,slack_dm,2026-02-09T11:31:00,2026-02-09T12:00:00,24,2026-02-10T12:00:00,high,31,answered,"{""service_line"": ""Endocrinology"", ""variance_pct"": 18.5, ""encounter_count"": 1360, ""baseline_amount"": ""7,724"", ""current_amount"": ""8,633""}"
TAP000081,TRG000133,charge_capture_variance,tactical,rcm.coding,2026-02,OBJ0144,charge_lag_days,Pulmonology|3,nabara@northharbor.health,Nkechi Abara,Revenue Cycle,ic,codeowners,slack_dm,2026-02-02T14:58:00,2026-02-02T15:02:00,24,2026-02-03T15:02:00,low,2,timed_out,"{""service_line"": ""Pulmonology"", ""variance_pct"": 19.9, ""encounter_count"": 1127, ""baseline_amount"": ""1,227"", ""current_amount"": ""1,459""}"
TAP000082,TRG000134,charge_capture_variance,tactical,rcm.coding,2026-02,OBJ0147,payer_mix_commercial,Cardiology|4,rpatel@northharbor.health,Rohan Patel,Revenue Cycle,ic,codeowners,slack_dm,2026-02-02T08:22:00,2026-02-02T08:31:00,24,2026-02-03T08:31:00,high,31,timed_out,"{""service_line"": ""Cardiology"", ""variance_pct"": -9.4, ""encounter_count"": 573, ""baseline_amount"": ""2,179"", ""current_amount"": ""1,969""}"
TAP000083,TRG000136,charge_capture_variance,tactical,rcm.coding,2026-02,OBJ0147,payer_mix_commercial,Orthopedics|4,thoffman@northharbor.health,Tobias Hoffman,Revenue Cycle,ic,codeowners,slack_dm,2026-02-04T11:18:00,2026-02-04T11:51:00,24,2026-02-05T11:51:00,high,31,answered,"{""service_line"": ""Orthopedics"", ""variance_pct"": 32.0, ""encounter_count"": 1093, ""baseline_amount"": ""3,428"", ""current_amount"": ""3,658""}"
TAP000084,TRG000139,charge_capture_variance,tactical,rcm.coding,2026-02,OBJ0147,payer_mix_commercial,Oncology|4,mdiallo@northharbor.health,Mariam Diallo,Revenue Cycle,ic,domains_yml,slack_dm,2026-02-25T10:31:00,2026-02-25T10:42:00,24,2026-02-26T10:42:00,high,31,timed_out,"{""service_line"": ""Oncology"", ""variance_pct"": 1.9, ""encounter_count"": 1102, ""baseline_amount"": ""4,643"", ""current_amount"": ""5,443""}"
TAP000085,TRG000140,charge_capture_variance,tactical,rcm.coding,2026-02,OBJ0149,observation_conversion_rate,General Surgery|4,rpatel@northharbor.health,Rohan Patel,Revenue Cycle,ic,domains_yml,slack_dm,2026-02-03T17:22:00,2026-02-03T17:50:00,24,2026-02-04T17:50:00,high,31,answered,"{""service_line"": ""General Surgery"", ""variance_pct"": 41.7, ""encounter_count"": 72, ""baseline_amount"": ""2,801"", ""current_amount"": ""2,339""}"
TAP000086,TRG000141,charge_capture_variance,tactical,rcm.coding,2026-02,OBJ0147,payer_mix_commercial,Neurology|4,rpatel@northharbor.health,Rohan Patel,Revenue Cycle,ic,domains_yml,slack_dm,2026-02-09T13:07:00,2026-02-09T13:40:00,24,2026-02-10T13:40:00,high,31,timed_out,"{""service_line"": ""Neurology"", ""variance_pct"": -8.7, ""encounter_count"": 1003, ""baseline_amount"": ""5,834"", ""current_amount"": ""4,098""}"
TAP000087,TRG000142,charge_capture_variance,tactical,rcm.coding,2026-02,OBJ0146,write_off_pct,OB/GYN|4,mdiallo@northharbor.health,Mariam Diallo,Revenue Cycle,ic,domains_yml,slack_dm,2026-02-24T07:42:00,2026-02-24T08:30:00,24,2026-02-25T08:30:00,low,4,deflected,"{""service_line"": ""OB/GYN"", ""variance_pct"": -31.0, ""encounter_count"": 110, ""baseline_amount"": ""4,219"", ""current_amount"": ""3,298""}"
TAP000088,TRG000143,charge_capture_variance,tactical,rcm.coding,2026-02,OBJ0147,payer_mix_commercial,Emergency|4,ysong@northharbor.health,Yuna Song,Revenue Cycle,lead,codeowners,slack_dm,2026-02-27T13:10:00,2026-02-27T13:25:00,24,2026-02-28T13:25:00,high,31,answered,"{""service_line"": ""Emergency"", ""variance_pct"": -27.4, ""encounter_count"": 2261, ""baseline_amount"": ""3,530"", ""current_amount"": ""3,291""}"
TAP000089,TRG000144,charge_capture_variance,tactical,rcm.coding,2026-02,OBJ0147,payer_mix_commercial,Behavioral Health|4,thoffman@northharbor.health,Tobias Hoffman,Revenue Cycle,ic,domains_yml,slack_dm,2026-02-28T14:53:00,2026-02-28T15:07:00,24,2026-03-01T15:07:00,high,31,answered,"{""service_line"": ""Behavioral Health"", ""variance_pct"": 5.7, ""encounter_count"": 796, ""baseline_amount"": ""4,825"", ""current_amount"": ""6,500""}"
TAP000090,TRG000145,charge_capture_variance,tactical,rcm.coding,2026-02,OBJ0144,charge_lag_days,Endocrinology|4,thoffman@northharbor.health,Tobias Hoffman,Revenue Cycle,ic,codeowners,slack_dm,2026-02-24T18:50:00,2026-02-24T19:24:00,24,2026-02-25T19:24:00,low,2,answered,"{""service_line"": ""Endocrinology"", ""variance_pct"": 31.3, ""encounter_count"": 1182, ""baseline_amount"": ""1,716"", ""current_amount"": ""1,921""}"
TAP000091,TRG000147,denial_reason_classification,tactical,rcm.denials,2026-03,OBJ0032,fct_remittances,Cigna|PR-1,nabara@northharbor.health,Nkechi Abara,Revenue Cycle,ic,codeowners,slack_dm,2026-03-21T13:57:00,2026-03-21T14:01:00,8,2026-03-21T22:01:00,medium,11,answered,"{""payer_name"": ""Cigna"", ""payer_code"": ""PR-1"", ""claim_id"": ""CLM0701591"", ""claim_amount"": ""23,539"", ""service_date"": ""2026-03-18"", ""similar_count"": 36}"
TAP000092,TRG000151,denial_reason_classification,tactical,rcm.denials,2026-03,OBJ0033,fct_throughput,Humana|PR-1,lbrennan@northharbor.health,Liam Brennan,Revenue Cycle,manager,codeowners,slack_dm,2026-03-22T15:47:00,2026-03-22T15:51:00,8,2026-03-22T23:51:00,low,1,timed_out,"{""payer_name"": ""Humana"", ""payer_code"": ""PR-1"", ""claim_id"": ""CLM0701628"", ""claim_amount"": ""25,966"", ""service_date"": ""2026-06-12"", ""similar_count"": 92}"
TAP000093,TRG000152,denial_reason_classification,tactical,rcm.denials,2026-03,OBJ0041,fct_service_lines,Medicare Part A|PR-1,kobrien@northharbor.health,Kate O'Brien,Revenue Cycle,ic,codeowners,slack_dm,2026-03-06T08:47:00,2026-03-06T08:51:00,8,2026-03-06T16:51:00,medium,19,answered,"{""payer_name"": ""Medicare Part A"", ""payer_code"": ""PR-1"", ""claim_id"": ""CLM0701665"", ""claim_amount"": ""25,675"", ""service_date"": ""2026-01-27"", ""similar_count"": 63}"
TAP000094,TRG000153,denial_reason_classification,tactical,rcm.denials,2026-03,OBJ0031,fct_adjustments,Medicaid MI|PR-1,thoffman@northharbor.health,Tobias Hoffman,Revenue Cycle,ic,domains_yml,slack_dm,2026-03-17T15:10:00,2026-03-17T16:05:00,8,2026-03-18T00:05:00,low,2,expired,"{""payer_name"": ""Medicaid MI"", ""payer_code"": ""PR-1"", ""claim_id"": ""CLM0701702"", ""claim_amount"": ""17,468"", ""service_date"": ""2026-03-28"", ""similar_count"": 78}"
TAP000095,TRG000155,denial_reason_classification,tactical,rcm.denials,2026-03,OBJ0044,fct_appointments,Molina|PR-1,mdiallo@northharbor.health,Mariam Diallo,Revenue Cycle,ic,codeowners,slack_dm,2026-03-18T14:37:00,2026-03-18T15:22:00,8,2026-03-18T23:22:00,low,0,expired,"{""payer_name"": ""Molina"", ""payer_code"": ""PR-1"", ""claim_id"": ""CLM0701776"", ""claim_amount"": ""28,199"", ""service_date"": ""2026-04-30"", ""similar_count"": 41}"
TAP000096,TRG000157,denial_reason_classification,tactical,rcm.denials,2026-03,OBJ0042,fct_exclusions,Tricare|PR-1,thoffman@northharbor.health,Tobias Hoffman,Revenue Cycle,ic,codeowners,slack_dm,2026-03-13T17:20:00,2026-03-13T18:09:00,8,2026-03-14T02:09:00,low,8,answered,"{""payer_name"": ""Tricare"", ""payer_code"": ""PR-1"", ""claim_id"": ""CLM0701813"", ""claim_amount"": ""10,648"", ""service_date"": ""2026-04-06"", ""similar_count"": 39}"
TAP000097,TRG000159,denial_reason_classification,tactical,rcm.denials,2026-03,OBJ0043,fct_encounters,Aetna|PR-204,nabara@northharbor.health,Nkechi Abara,Revenue Cycle,ic,domains_yml,slack_dm,2026-03-15T16:44:00,2026-03-15T17:04:00,8,2026-03-16T01:04:00,medium,11,answered,"{""payer_name"": ""Aetna"", ""payer_code"": ""PR-204"", ""claim_id"": ""CLM0701850"", ""claim_amount"": ""22,023"", ""service_date"": ""2026-04-27"", ""similar_count"": 3}"
TAP000098,TRG000160,denial_reason_classification,tactical,rcm.denials,2026-03,OBJ0034,fct_writeoffs,UnitedHealthcare|PR-204,nabara@northharbor.health,Nkechi Abara,Revenue Cycle,ic,codeowners,slack_dm,2026-03-20T09:22:00,2026-03-20T10:01:00,8,2026-03-20T18:01:00,high,34,answered,"{""payer_name"": ""UnitedHealthcare"", ""payer_code"": ""PR-204"", ""claim_id"": ""CLM0701887"", ""claim_amount"": ""37,875"", ""service_date"": ""2026-05-08"", ""similar_count"": 35}"
TAP000099,TRG000165,denial_reason_classification,tactical,rcm.denials,2026-03,OBJ0038,fct_eligibility,BCBS Michigan|PR-204,thoffman@northharbor.health,Tobias Hoffman,Revenue Cycle,ic,domains_yml,slack_dm,2026-03-08T13:08:00,2026-03-08T13:47:00,8,2026-03-08T21:47:00,low,3,timed_out,"{""payer_name"": ""BCBS Michigan"", ""payer_code"": ""PR-204"", ""claim_id"": ""CLM0701924"", ""claim_amount"": ""6,441"", ""service_date"": ""2026-05-14"", ""similar_count"": 61}"
TAP000100,TRG000166,denial_reason_classification,tactical,rcm.denials,2026-03,OBJ0052,fct_patients,Cigna|PR-204,thoffman@northharbor.health,Tobias Hoffman,Revenue Cycle,ic,codeowners,slack_dm,2026-03-10T12:34:00,2026-03-10T12:50:00,8,2026-03-10T20:50:00,medium,11,answered,"{""payer_name"": ""Cigna"", ""payer_code"": ""PR-204"", ""claim_id"": ""CLM0701961"", ""claim_amount"": ""9,449"", ""service_date"": ""2026-03-13"", ""similar_count"": 83}"
TAP000101,TRG000168,denial_reason_classification,tactical,rcm.denials,2026-03,OBJ0034,fct_writeoffs,Humana|PR-204,rpatel@northharbor.health,Rohan Patel,Revenue Cycle,ic,codeowners,slack_dm,2026-03-16T09:12:00,2026-03-16T09:58:00,8,2026-03-16T17:58:00,high,34,answered,"{""payer_name"": ""Humana"", ""payer_code"": ""PR-204"", ""claim_id"": ""CLM0701998"", ""claim_amount"": ""18,422"", ""service_date"": ""2026-01-10"", ""similar_count"": 91}"
TAP000102,TRG000170,denial_reason_classification,tactical,rcm.denials,2026-03,OBJ0046,fct_measures,Medicare Part A|PR-204,thoffman@northharbor.health,Tobias Hoffman,Revenue Cycle,ic,codeowners,slack_dm,2026-03-15T16:57:00,2026-03-15T17:34:00,8,2026-03-16T01:34:00,low,3,answered,"{""payer_name"": ""Medicare Part A"", ""payer_code"": ""PR-204"", ""claim_id"": ""CLM0702035"", ""claim_amount"": ""13,653"", ""service_date"": ""2026-02-08"", ""similar_count"": 73}"
TAP000103,TRG000172,denial_reason_classification,tactical,rcm.denials,2026-03,OBJ0034,fct_writeoffs,Medicaid MI|PR-204,nabara@northharbor.health,Nkechi Abara,Revenue Cycle,ic,codeowners,slack_dm,2026-03-24T16:39:00,2026-03-24T17:23:00,8,2026-03-25T01:23:00,high,34,answered,"{""payer_name"": ""Medicaid MI"", ""payer_code"": ""PR-204"", ""claim_id"": ""CLM0702072"", ""claim_amount"": ""33,909"", ""service_date"": ""2026-03-10"", ""similar_count"": 42}"
TAP000104,TRG000173,denial_reason_classification,tactical,rcm.denials,2026-03,OBJ0047,fct_aging,Priority Health|PR-204,rpatel@northharbor.health,Rohan Patel,Revenue Cycle,ic,domains_yml,slack_dm,2026-03-20T14:11:00,2026-03-20T14:46:00,8,2026-03-20T22:46:00,high,34,answered,"{""payer_name"": ""Priority Health"", ""payer_code"": ""PR-204"", ""claim_id"": ""CLM0702109"", ""claim_amount"": ""26,003"", ""service_date"": ""2026-06-14"", ""similar_count"": 92}"
TAP000105,TRG000174,denial_reason_classification,tactical,rcm.denials,2026-03,OBJ0040,fct_discharges,Molina|PR-204,rpatel@northharbor.health,Rohan Patel,Revenue Cycle,ic,codeowners,slack_dm,2026-03-09T15:42:00,2026-03-09T15:43:00,8,2026-03-09T23:43:00,low,8,answered,"{""payer_name"": ""Molina"", ""payer_code"": ""PR-204"", ""claim_id"": ""CLM0702146"", ""claim_amount"": ""11,515"", ""service_date"": ""2026-04-05"", ""similar_count"": 7}"
TAP000106,TRG000175,denial_reason_classification,tactical,rcm.denials,2026-03,OBJ0039,fct_providers,Tricare|PR-204,rpatel@northharbor.health,Rohan Patel,Revenue Cycle,ic,codeowners,slack_dm,2026-03-08T09:37:00,2026-03-08T09:39:00,8,2026-03-08T17:39:00,low,1,answered,"{""payer_name"": ""Tricare"", ""payer_code"": ""PR-204"", ""claim_id"": ""CLM0702183"", ""claim_amount"": ""20,123"", ""service_date"": ""2026-03-04"", ""similar_count"": 86}"
TAP000107,TRG000176,denial_reason_classification,tactical,rcm.denials,2026-03,OBJ0037,fct_facilities,Aetna|CO-151,ysong@northharbor.health,Yuna Song,Revenue Cycle,lead,domains_yml,slack_dm,2026-03-17T13:42:00,2026-03-17T14:36:00,8,2026-03-17T22:36:00,medium,15,answered,"{""payer_name"": ""Aetna"", ""payer_code"": ""CO-151"", ""claim_id"": ""CLM0702220"", ""claim_amount"": ""30,515"", ""service_date"": ""2026-07-12"", ""similar_count"": 72}"
TAP000108,TRG000177,denial_reason_classification,tactical,rcm.denials,2026-03,OBJ0041,fct_service_lines,UnitedHealthcare|CO-151,rpatel@northharbor.health,Rohan Patel,Revenue Cycle,ic,codeowners,slack_dm,2026-03-04T12:40:00,2026-03-04T12:55:00,8,2026-03-04T20:55:00,medium,19,answered,"{""payer_name"": ""UnitedHealthcare"", ""payer_code"": ""CO-151"", ""claim_id"": ""CLM0702257"", ""claim_amount"": ""4,550"", ""service_date"": ""2026-04-09"", ""similar_count"": 53}"
TAP000109,TRG000181,denial_reason_classification,tactical,rcm.denials,2026-03,OBJ0047,fct_aging,BCBS Michigan|CO-151,rpatel@northharbor.health,Rohan Patel,Revenue Cycle,ic,domains_yml,slack_dm,2026-03-05T17:14:00,2026-03-05T17:36:00,8,2026-03-06T01:36:00,high,34,answered,"{""payer_name"": ""BCBS Michigan"", ""payer_code"": ""CO-151"", ""claim_id"": ""CLM0702294"", ""claim_amount"": ""15,057"", ""service_date"": ""2026-03-19"", ""similar_count"": 53}"
TAP000110,TRG000182,denial_reason_classification,tactical,rcm.denials,2026-03,OBJ0043,fct_encounters,Cigna|CO-151,mdiallo@northharbor.health,Mariam Diallo,Revenue Cycle,ic,codeowners,slack_dm,2026-03-10T11:03:00,2026-03-10T11:31:00,8,2026-03-10T19:31:00,medium,11,expired,"{""payer_name"": ""Cigna"", ""payer_code"": ""CO-151"", ""claim_id"": ""CLM0702331"", ""claim_amount"": ""4,293"", ""service_date"": ""2026-04-16"", ""similar_count"": 22}"
TAP000111,TRG000184,denial_reason_classification,tactical,rcm.denials,2026-03,OBJ0040,fct_discharges,Humana|CO-151,mdiallo@northharbor.health,Mariam Diallo,Revenue Cycle,ic,codeowners,slack_dm,2026-03-28T14:47:00,2026-03-28T15:23:00,8,2026-03-28T23:23:00,low,8,answered,"{""payer_name"": ""Humana"", ""payer_code"": ""CO-151"", ""claim_id"": ""CLM0702368"", ""claim_amount"": ""25,275"", ""service_date"": ""2026-03-05"", ""similar_count"": 58}"
TAP000112,TRG000186,denial_reason_classification,tactical,rcm.denials,2026-03,OBJ0035,fct_charges,Medicare Part A|CO-151,mdiallo@northharbor.health,Mariam Diallo,Revenue Cycle,ic,domains_yml,slack_dm,2026-03-18T10:30:00,2026-03-18T10:44:00,8,2026-03-18T18:44:00,medium,19,timed_out,"{""payer_name"": ""Medicare Part A"", ""payer_code"": ""CO-151"", ""claim_id"": ""CLM0702405"", ""claim_amount"": ""5,406"", ""service_date"": ""2026-07-17"", ""similar_count"": 94}"
TAP000113,TRG000187,denial_reason_classification,tactical,rcm.denials,2026-03,OBJ0041,fct_service_lines,Medicaid MI|CO-151,mdiallo@northharbor.health,Mariam Diallo,Revenue Cycle,ic,codeowners,slack_dm,2026-03-28T11:17:00,2026-03-28T11:20:00,8,2026-03-28T19:20:00,medium,19,timed_out,"{""payer_name"": ""Medicaid MI"", ""payer_code"": ""CO-151"", ""claim_id"": ""CLM0702442"", ""claim_amount"": ""5,542"", ""service_date"": ""2026-02-27"", ""similar_count"": 12}"
TAP000114,TRG000192,denial_reason_classification,tactical,rcm.denials,2026-03,OBJ0050,fct_census,Molina|CO-151,thoffman@northharbor.health,Tobias Hoffman,Revenue Cycle,ic,domains_yml,slack_dm,2026-03-14T10:02:00,2026-03-14T10:47:00,8,2026-03-14T18:47:00,low,3,answered,"{""payer_name"": ""Molina"", ""payer_code"": ""CO-151"", ""claim_id"": ""CLM0702516"", ""claim_amount"": ""34,273"", ""service_date"": ""2026-07-08"", ""similar_count"": 85}"
TAP000115,TRG000194,denial_reason_classification,tactical,rcm.denials,2026-03,OBJ0042,fct_exclusions,Tricare|CO-151,thoffman@northharbor.health,Tobias Hoffman,Revenue Cycle,ic,codeowners,slack_dm,2026-03-25T15:17:00,2026-03-25T15:37:00,8,2026-03-25T23:37:00,low,8,answered,"{""payer_name"": ""Tricare"", ""payer_code"": ""CO-151"", ""claim_id"": ""CLM0702553"", ""claim_amount"": ""27,215"", ""service_date"": ""2026-06-16"", ""similar_count"": 95}"
TAP000116,TRG000195,denial_reason_classification,tactical,rcm.denials,2026-03,OBJ0048,fct_denials,Aetna|CO-197,ysong@northharbor.health,Yuna Song,Revenue Cycle,lead,codeowners,slack_dm,2026-03-05T08:58:00,2026-03-05T09:02:00,8,2026-03-05T17:02:00,low,3,timed_out,"{""payer_name"": ""Aetna"", ""payer_code"": ""CO-197"", ""claim_id"": ""CLM0702590"", ""claim_amount"": ""11,818"", ""service_date"": ""2026-04-06"", ""similar_count"": 13}"
TAP000117,TRG000198,denial_reason_classification,tactical,rcm.denials,2026-03,OBJ0043,fct_encounters,UnitedHealthcare|CO-197,rpatel@northharbor.health,Rohan Patel,Revenue Cycle,ic,codeowners,slack_dm,2026-03-13T18:35:00,2026-03-13T19:10:00,8,2026-03-14T03:10:00,medium,11,answered,"{""payer_name"": ""UnitedHealthcare"", ""payer_code"": ""CO-197"", ""claim_id"": ""CLM0702627"", ""claim_amount"": ""35,270"", ""service_date"": ""2026-07-07"", ""similar_count"": 92}"
TAP000118,TRG000199,denial_reason_classification,tactical,rcm.denials,2026-03,OBJ0047,fct_aging,BCBS Michigan|CO-197,kobrien@northharbor.health,Kate O'Brien,Revenue Cycle,ic,codeowners,slack_dm,2026-03-02T13:49:00,2026-03-02T14:32:00,8,2026-03-02T22:32:00,high,34,answered,"{""payer_name"": ""BCBS Michigan"", ""payer_code"": ""CO-197"", ""claim_id"": ""CLM0702664"", ""claim_amount"": ""11,471"", ""service_date"": ""2026-02-04"", ""similar_count"": 75}"
TAP000119,TRG000200,charge_capture_variance,tactical,rcm.coding,2026-03,OBJ0145,coding_accuracy_rate,Cardiology|3,mdiallo@northharbor.health,Mariam Diallo,Revenue Cycle,ic,codeowners,slack_dm,2026-03-20T10:00:00,2026-03-20T10:54:00,24,2026-03-21T10:54:00,high,31,timed_out,"{""service_line"": ""Cardiology"", ""variance_pct"": -6.9, ""encounter_count"": 1378, ""baseline_amount"": ""4,140"", ""current_amount"": ""4,482""}"
TAP000120,TRG000203,charge_capture_variance,tactical,rcm.coding,2026-03,OBJ0146,write_off_pct,Cardiology|5,nabara@northharbor.health,Nkechi Abara,Revenue Cycle,ic,codeowners,slack_dm,2026-03-24T17:59:00,2026-03-24T18:23:00,24,2026-03-25T18:23:00,low,4,answered,"{""service_line"": ""Cardiology"", ""variance_pct"": 26.7, ""encounter_count"": 848, ""baseline_amount"": ""5,978"", ""current_amount"": ""6,952""}"
TAP000121,TRG000204,charge_capture_variance,tactical,rcm.coding,2026-03,OBJ0146,write_off_pct,Orthopedics|5,nabara@northharbor.health,Nkechi Abara,Revenue Cycle,ic,codeowners,slack_dm,2026-03-10T10:13:00,2026-03-10T10:28:00,24,2026-03-11T10:28:00,low,4,timed_out,"{""service_line"": ""Orthopedics"", ""variance_pct"": 35.7, ""encounter_count"": 385, ""baseline_amount"": ""1,870"", ""current_amount"": ""1,473""}"
TAP000122,TRG000206,charge_capture_variance,tactical,rcm.coding,2026-03,OBJ0144,charge_lag_days,General Surgery|5,ysong@northharbor.health,Yuna Song,Revenue Cycle,lead,domains_yml,slack_dm,2026-03-19T11:25:00,2026-03-19T11:36:00,24,2026-03-20T11:36:00,low,2,timed_out,"{""service_line"": ""General Surgery"", ""variance_pct"": 36.5, ""encounter_count"": 1103, ""baseline_amount"": ""3,190"", ""current_amount"": ""4,259""}"
TAP000123,TRG000209,charge_capture_variance,tactical,rcm.coding,2026-03,OBJ0148,encounters_per_provider_day,Neurology|5,kobrien@northharbor.health,Kate O'Brien,Revenue Cycle,ic,domains_yml,slack_dm,2026-03-28T13:42:00,2026-03-28T14:37:00,24,2026-03-29T14:37:00,high,31,answered,"{""service_line"": ""Neurology"", ""variance_pct"": 0.3, ""encounter_count"": 861, ""baseline_amount"": ""8,176"", ""current_amount"": ""7,998""}"
TAP000124,TRG000211,charge_capture_variance,tactical,rcm.coding,2026-03,OBJ0149,observation_conversion_rate,OB/GYN|5,rpatel@northharbor.health,Rohan Patel,Revenue Cycle,ic,domains_yml,slack_dm,2026-03-08T10:03:00,2026-03-08T10:20:00,24,2026-03-09T10:20:00,high,31,answered,"{""service_line"": ""OB/GYN"", ""variance_pct"": 31.9, ""encounter_count"": 127, ""baseline_amount"": ""2,451"", ""current_amount"": ""2,552""}"
TAP000125,TRG000213,charge_capture_variance,tactical,rcm.coding,2026-03,OBJ0145,coding_accuracy_rate,Oncology|0,kobrien@northharbor.health,Kate O'Brien,Revenue Cycle,ic,codeowners,slack_dm,2026-03-12T15:22:00,2026-03-12T15:35:00,24,2026-03-13T15:35:00,high,31,expired,"{""service_line"": ""Oncology"", ""variance_pct"": -9.5, ""encounter_count"": 1820, ""baseline_amount"": ""1,581"", ""current_amount"": ""1,156""}"
TAP000126,TRG000214,charge_capture_variance,tactical,rcm.coding,2026-03,OBJ0144,charge_lag_days,Emergency|5,nabara@northharbor.health,Nkechi Abara,Revenue Cycle,ic,domains_yml,slack_dm,2026-03-31T12:27:00,2026-03-31T13:12:00,24,2026-04-01T13:12:00,low,2,answered,"{""service_line"": ""Emergency"", ""variance_pct"": -5.3, ""encounter_count"": 904, ""baseline_amount"": ""5,167"", ""current_amount"": ""7,109""}"
TAP000127,TRG000215,charge_capture_variance,tactical,rcm.coding,2026-03,OBJ0147,payer_mix_commercial,Behavioral Health|5,kobrien@northharbor.health,Kate O'Brien,Revenue Cycle,ic,codeowners,slack_dm,2026-03-23T08:48:00,2026-03-23T08:56:00,24,2026-03-24T08:56:00,high,31,answered,"{""service_line"": ""Behavioral Health"", ""variance_pct"": 10.9, ""encounter_count"": 245, ""baseline_amount"": ""2,048"", ""current_amount"": ""2,489""}"
TAP000128,TRG000216,charge_capture_variance,tactical,rcm.coding,2026-03,OBJ0149,observation_conversion_rate,Endocrinology|5,thoffman@northharbor.health,Tobias Hoffman,Revenue Cycle,ic,domains_yml,slack_dm,2026-03-27T10:52:00,2026-03-27T11:44:00,24,2026-03-28T11:44:00,high,31,answered,"{""service_line"": ""Endocrinology"", ""variance_pct"": -28.1, ""encounter_count"": 1400, ""baseline_amount"": ""7,196"", ""current_amount"": ""7,259""}"
TAP000129,TRG000218,charge_capture_variance,tactical,rcm.coding,2026-03,OBJ0149,observation_conversion_rate,Pulmonology|5,nabara@northharbor.health,Nkechi Abara,Revenue Cycle,ic,codeowners,slack_dm,2026-03-14T10:31:00,2026-03-14T11:03:00,24,2026-03-15T11:03:00,high,31,answered,"{""service_line"": ""Pulmonology"", ""variance_pct"": -34.1, ""encounter_count"": 107, ""baseline_amount"": ""7,125"", ""current_amount"": ""6,774""}"
TAP000130,TRG000219,charge_capture_variance,tactical,rcm.coding,2026-03,OBJ0144,charge_lag_days,Cardiology|6,thoffman@northharbor.health,Tobias Hoffman,Revenue Cycle,ic,codeowners,slack_dm,2026-03-12T18:12:00,2026-03-12T18:31:00,24,2026-03-13T18:31:00,low,2,answered,"{""service_line"": ""Cardiology"", ""variance_pct"": 23.6, ""encounter_count"": 2160, ""baseline_amount"": ""4,718"", ""current_amount"": ""4,011""}"
TAP000131,TRG000221,charge_capture_variance,tactical,rcm.coding,2026-03,OBJ0149,observation_conversion_rate,Orthopedics|6,ysong@northharbor.health,Yuna Song,Revenue Cycle,lead,domains_yml,slack_dm,2026-03-03T08:04:00,2026-03-03T08:06:00,24,2026-03-04T08:06:00,high,31,answered,"{""service_line"": ""Orthopedics"", ""variance_pct"": 12.3, ""encounter_count"": 208, ""baseline_amount"": ""5,952"", ""current_amount"": ""6,938""}"
TAP000132,TRG000223,charge_capture_variance,tactical,rcm.coding,2026-03,OBJ0146,write_off_pct,Oncology|6,mdiallo@northharbor.health,Mariam Diallo,Revenue Cycle,ic,domains_yml,slack_dm,2026-03-16T10:43:00,2026-03-16T10:53:00,24,2026-03-17T10:53:00,low,4,timed_out,"{""service_line"": ""Oncology"", ""variance_pct"": -27.1, ""encounter_count"": 1036, ""baseline_amount"": ""7,072"", ""current_amount"": ""9,672""}"
TAP000133,TRG000224,charge_capture_variance,tactical,rcm.coding,2026-03,OBJ0146,write_off_pct,General Surgery|6,kobrien@northharbor.health,Kate O'Brien,Revenue Cycle,ic,codeowners,slack_dm,2026-03-16T10:44:00,2026-03-16T10:50:00,24,2026-03-17T10:50:00,low,4,answered,"{""service_line"": ""General Surgery"", ""variance_pct"": 21.3, ""encounter_count"": 2195, ""baseline_amount"": ""6,685"", ""current_amount"": ""4,710""}"
TAP000134,TRG000228,charge_capture_variance,tactical,rcm.coding,2026-03,OBJ0149,observation_conversion_rate,Neurology|6,thoffman@northharbor.health,Tobias Hoffman,Revenue Cycle,ic,domains_yml,slack_dm,2026-03-08T17:38:00,2026-03-08T18:11:00,24,2026-03-09T18:11:00,high,31,answered,"{""service_line"": ""Neurology"", ""variance_pct"": -2.6, ""encounter_count"": 874, ""baseline_amount"": ""2,820"", ""current_amount"": ""2,543""}"
TAP000135,TRG000229,charge_capture_variance,tactical,rcm.coding,2026-03,OBJ0148,encounters_per_provider_day,OB/GYN|6,thoffman@northharbor.health,Tobias Hoffman,Revenue Cycle,ic,domains_yml,slack_dm,2026-03-18T13:39:00,2026-03-18T13:48:00,24,2026-03-19T13:48:00,high,31,answered,"{""service_line"": ""OB/GYN"", ""variance_pct"": 8.5, ""encounter_count"": 177, ""baseline_amount"": ""5,419"", ""current_amount"": ""4,162""}"
TAP000136,TRG000230,charge_capture_variance,tactical,rcm.coding,2026-03,OBJ0149,observation_conversion_rate,Emergency|6,rpatel@northharbor.health,Rohan Patel,Revenue Cycle,ic,codeowners,slack_dm,2026-03-02T09:59:00,2026-03-02T10:47:00,24,2026-03-03T10:47:00,high,31,timed_out,"{""service_line"": ""Emergency"", ""variance_pct"": 25.3, ""encounter_count"": 1252, ""baseline_amount"": ""5,194"", ""current_amount"": ""5,899""}"
TAP000137,TRG000232,charge_capture_variance,tactical,rcm.coding,2026-03,OBJ0148,encounters_per_provider_day,Behavioral Health|6,rpatel@northharbor.health,Rohan Patel,Revenue Cycle,ic,domains_yml,slack_dm,2026-03-26T08:35:00,2026-03-26T09:05:00,24,2026-03-27T09:05:00,high,31,answered,"{""service_line"": ""Behavioral Health"", ""variance_pct"": -12.2, ""encounter_count"": 2112, ""baseline_amount"": ""5,237"", ""current_amount"": ""3,829""}"
TAP000138,TRG000236,charge_capture_variance,tactical,rcm.coding,2026-03,OBJ0145,coding_accuracy_rate,Endocrinology|6,nabara@northharbor.health,Nkechi Abara,Revenue Cycle,ic,codeowners,slack_dm,2026-03-22T12:16:00,2026-03-22T13:07:00,24,2026-03-23T13:07:00,high,31,answered,"{""service_line"": ""Endocrinology"", ""variance_pct"": 42.0, ""encounter_count"": 268, ""baseline_amount"": ""1,820"", ""current_amount"": ""1,401""}"
TAP000139,TRG000237,charge_capture_variance,tactical,rcm.coding,2026-03,OBJ0148,encounters_per_provider_day,Pulmonology|6,rpatel@northharbor.health,Rohan Patel,Revenue Cycle,ic,codeowners,slack_dm,2026-03-30T12:15:00,2026-03-30T12:19:00,24,2026-03-31T12:19:00,high,31,timed_out,"{""service_line"": ""Pulmonology"", ""variance_pct"": 12.8, ""encounter_count"": 430, ""baseline_amount"": ""6,059"", ""current_amount"": ""6,366""}"
TAP000140,TRG000238,charge_capture_variance,tactical,rcm.coding,2026-03,OBJ0149,observation_conversion_rate,Cardiology|7,kobrien@northharbor.health,Kate O'Brien,Revenue Cycle,ic,codeowners,slack_dm,2026-03-10T11:29:00,2026-03-10T12:13:00,24,2026-03-11T12:13:00,high,31,timed_out,"{""service_line"": ""Cardiology"", ""variance_pct"": 1.4, ""encounter_count"": 2112, ""baseline_amount"": ""8,153"", ""current_amount"": ""9,478""}"
TAP000141,TRG000242,charge_capture_variance,tactical,rcm.coding,2026-03,OBJ0145,coding_accuracy_rate,Oncology|7,nabara@northharbor.health,Nkechi Abara,Revenue Cycle,ic,domains_yml,slack_dm,2026-03-11T07:04:00,2026-03-11T07:31:00,24,2026-03-12T07:31:00,high,31,timed_out,"{""service_line"": ""Oncology"", ""variance_pct"": -8.8, ""encounter_count"": 480, ""baseline_amount"": ""6,665"", ""current_amount"": ""7,151""}"
TAP000142,TRG000244,charge_capture_variance,tactical,rcm.coding,2026-03,OBJ0144,charge_lag_days,Neurology|2,thoffman@northharbor.health,Tobias Hoffman,Revenue Cycle,ic,codeowners,slack_dm,2026-03-25T15:03:00,2026-03-25T15:06:00,24,2026-03-26T15:06:00,low,2,expired,"{""service_line"": ""Neurology"", ""variance_pct"": 12.3, ""encounter_count"": 1443, ""baseline_amount"": ""4,979"", ""current_amount"": ""4,474""}"
TAP000143,TRG000245,charge_capture_variance,tactical,rcm.coding,2026-03,OBJ0146,write_off_pct,General Surgery|7,thoffman@northharbor.health,Tobias Hoffman,Revenue Cycle,ic,codeowners,slack_dm,2026-03-26T09:16:00,2026-03-26T10:02:00,24,2026-03-27T10:02:00,low,4,timed_out,"{""service_line"": ""General Surgery"", ""variance_pct"": -23.9, ""encounter_count"": 388, ""baseline_amount"": ""3,702"", ""current_amount"": ""3,153""}"
TAP000144,TRG000248,charge_capture_variance,tactical,rcm.coding,2026-03,OBJ0149,observation_conversion_rate,Neurology|7,nabara@northharbor.health,Nkechi Abara,Revenue Cycle,ic,codeowners,slack_dm,2026-03-06T18:33:00,2026-03-06T18:34:00,24,2026-03-07T18:34:00,high,31,answered,"{""service_line"": ""Neurology"", ""variance_pct"": 11.1, ""encounter_count"": 212, ""baseline_amount"": ""1,949"", ""current_amount"": ""2,607""}"
TAP000145,TRG000250,charge_capture_variance,tactical,rcm.coding,2026-03,OBJ0146,write_off_pct,OB/GYN|7,ysong@northharbor.health,Yuna Song,Revenue Cycle,lead,codeowners,slack_dm,2026-03-22T15:21:00,2026-03-22T15:56:00,24,2026-03-23T15:56:00,low,4,timed_out,"{""service_line"": ""OB/GYN"", ""variance_pct"": 28.5, ""encounter_count"": 429, ""baseline_amount"": ""4,058"", ""current_amount"": ""4,887""}"
TAP000146,TRG000251,charge_capture_variance,tactical,rcm.coding,2026-03,OBJ0144,charge_lag_days,Emergency|7,mdiallo@northharbor.health,Mariam Diallo,Revenue Cycle,ic,codeowners,slack_dm,2026-03-01T11:30:00,2026-03-01T11:33:00,24,2026-03-02T11:33:00,low,2,answered,"{""service_line"": ""Emergency"", ""variance_pct"": 15.7, ""encounter_count"": 1665, ""baseline_amount"": ""6,810"", ""current_amount"": ""9,533""}"
TAP000147,TRG000252,charge_capture_variance,tactical,rcm.coding,2026-03,OBJ0146,write_off_pct,Behavioral Health|7,nabara@northharbor.health,Nkechi Abara,Revenue Cycle,ic,domains_yml,slack_dm,2026-03-01T10:04:00,2026-03-01T10:16:00,24,2026-03-02T10:16:00,low,4,timed_out,"{""service_line"": ""Behavioral Health"", ""variance_pct"": -4.9, ""encounter_count"": 2124, ""baseline_amount"": ""3,503"", ""current_amount"": ""3,183""}"
TAP000148,TRG000253,charge_capture_variance,tactical,rcm.coding,2026-03,OBJ0145,coding_accuracy_rate,Pulmonology|4,nabara@northharbor.health,Nkechi Abara,Revenue Cycle,ic,domains_yml,slack_dm,2026-03-05T10:01:00,2026-03-05T10:14:00,24,2026-03-06T10:14:00,high,31,timed_out,"{""service_line"": ""Pulmonology"", ""variance_pct"": -16.4, ""encounter_count"": 1514, ""baseline_amount"": ""1,347"", ""current_amount"": ""948""}"
TAP000149,TRG000254,charge_capture_variance,tactical,rcm.coding,2026-03,OBJ0147,payer_mix_commercial,Endocrinology|7,mdiallo@northharbor.health,Mariam Diallo,Revenue Cycle,ic,codeowners,slack_dm,2026-03-31T16:37:00,2026-03-31T16:54:00,24,2026-04-01T16:54:00,high,31,timed_out,"{""service_line"": ""Endocrinology"", ""variance_pct"": -20.4, ""encounter_count"": 1624, ""baseline_amount"": ""4,434"", ""current_amount"": ""5,942""}"
TAP000150,TRG000256,charge_capture_variance,tactical,rcm.coding,2026-03,OBJ0144,charge_lag_days,Orthopedics|2,mdiallo@northharbor.health,Mariam Diallo,Revenue Cycle,ic,codeowners,slack_dm,2026-03-31T07:58:00,2026-03-31T08:37:00,24,2026-04-01T08:37:00,low,2,timed_out,"{""service_line"": ""Orthopedics"", ""variance_pct"": 0.1, ""encounter_count"": 2014, ""baseline_amount"": ""2,635"", ""current_amount"": ""2,560""}"
TAP000151,TRG000257,charge_capture_variance,tactical,rcm.coding,2026-03,OBJ0149,observation_conversion_rate,Pulmonology|7,nabara@northharbor.health,Nkechi Abara,Revenue Cycle,ic,codeowners,slack_dm,2026-03-15T09:09:00,2026-03-15T10:03:00,24,2026-03-16T10:03:00,high,31,timed_out,"{""service_line"": ""Pulmonology"", ""variance_pct"": 37.3, ""encounter_count"": 2046, ""baseline_amount"": ""3,813"", ""current_amount"": ""3,459""}"
TAP000152,TRG000259,charge_capture_variance,tactical,rcm.coding,2026-03,OBJ0144,charge_lag_days,Cardiology|8,kobrien@northharbor.health,Kate O'Brien,Revenue Cycle,ic,codeowners,slack_dm,2026-03-07T10:48:00,2026-03-07T11:25:00,24,2026-03-08T11:25:00,low,2,timed_out,"{""service_line"": ""Cardiology"", ""variance_pct"": -37.6, ""encounter_count"": 993, ""baseline_amount"": ""1,151"", ""current_amount"": ""1,076""}"
TAP000153,TRG000260,charge_capture_variance,tactical,rcm.coding,2026-03,OBJ0145,coding_accuracy_rate,Orthopedics|8,ysong@northharbor.health,Yuna Song,Revenue Cycle,lead,domains_yml,slack_dm,2026-03-12T11:13:00,2026-03-12T12:06:00,24,2026-03-13T12:06:00,high,31,deflected,"{""service_line"": ""Orthopedics"", ""variance_pct"": 40.4, ""encounter_count"": 1072, ""baseline_amount"": ""8,116"", ""current_amount"": ""10,981""}"
TAP000154,TRG000261,charge_capture_variance,tactical,rcm.coding,2026-03,OBJ0146,write_off_pct,Oncology|8,mdiallo@northharbor.health,Mariam Diallo,Revenue Cycle,ic,codeowners,slack_dm,2026-03-24T12:35:00,2026-03-24T13:09:00,24,2026-03-25T13:09:00,low,4,answered,"{""service_line"": ""Oncology"", ""variance_pct"": -20.8, ""encounter_count"": 1412, ""baseline_amount"": ""1,878"", ""current_amount"": ""1,951""}"
TAP000155,TRG000262,charge_capture_variance,tactical,rcm.coding,2026-03,OBJ0146,write_off_pct,General Surgery|8,lbrennan@northharbor.health,Liam Brennan,Revenue Cycle,manager,codeowners,slack_dm,2026-03-03T11:41:00,2026-03-03T11:48:00,24,2026-03-04T11:48:00,low,4,expired,"{""service_line"": ""General Surgery"", ""variance_pct"": -30.5, ""encounter_count"": 2136, ""baseline_amount"": ""4,989"", ""current_amount"": ""3,795""}"
TAP000156,TRG000264,charge_capture_variance,tactical,rcm.coding,2026-03,OBJ0149,observation_conversion_rate,Neurology|8,rpatel@northharbor.health,Rohan Patel,Revenue Cycle,ic,domains_yml,slack_dm,2026-03-07T09:29:00,2026-03-07T10:18:00,24,2026-03-08T10:18:00,high,31,deflected,"{""service_line"": ""Neurology"", ""variance_pct"": 13.8, ""encounter_count"": 101, ""baseline_amount"": ""7,282"", ""current_amount"": ""9,670""}"
TAP000157,TRG000265,charge_capture_variance,tactical,rcm.coding,2026-03,OBJ0148,encounters_per_provider_day,OB/GYN|8,lbrennan@northharbor.health,Liam Brennan,Revenue Cycle,manager,codeowners,slack_dm,2026-03-28T13:53:00,2026-03-28T14:20:00,24,2026-03-29T14:20:00,high,31,answered,"{""service_line"": ""OB/GYN"", ""variance_pct"": 41.3, ""encounter_count"": 963, ""baseline_amount"": ""7,809"", ""current_amount"": ""7,265""}"
TAP000158,TRG000268,charge_capture_variance,tactical,rcm.coding,2026-03,OBJ0146,write_off_pct,Emergency|8,mdiallo@northharbor.health,Mariam Diallo,Revenue Cycle,ic,codeowners,slack_dm,2026-03-02T10:09:00,2026-03-02T10:57:00,24,2026-03-03T10:57:00,low,4,answered,"{""service_line"": ""Emergency"", ""variance_pct"": 33.5, ""encounter_count"": 1224, ""baseline_amount"": ""5,880"", ""current_amount"": ""5,016""}"
TAP000159,TRG000269,charge_capture_variance,tactical,rcm.coding,2026-03,OBJ0144,charge_lag_days,Behavioral Health|8,kobrien@northharbor.health,Kate O'Brien,Revenue Cycle,ic,codeowners,slack_dm,2026-03-17T13:56:00,2026-03-17T14:36:00,24,2026-03-18T14:36:00,low,2,answered,"{""service_line"": ""Behavioral Health"", ""variance_pct"": -29.6, ""encounter_count"": 1624, ""baseline_amount"": ""2,230"", ""current_amount"": ""2,112""}"
TAP000160,TRG000271,charge_capture_variance,tactical,rcm.coding,2026-03,OBJ0145,coding_accuracy_rate,Endocrinology|8,mdiallo@northharbor.health,Mariam Diallo,Revenue Cycle,ic,domains_yml,slack_dm,2026-03-18T12:44:00,2026-03-18T12:51:00,24,2026-03-19T12:51:00,high,31,timed_out,"{""service_line"": ""Endocrinology"", ""variance_pct"": 41.9, ""encounter_count"": 361, ""baseline_amount"": ""3,140"", ""current_amount"": ""3,169""}"
TAP000161,TRG000272,encounter_type_mapping,tactical,clinical.encounters,2026-03,OBJ0074,fct_appointments,VT-100,apereira@northharbor.health,Ana Pereira,Clinical Operations,ic,codeowners,slack_dm,2026-03-16T12:19:00,2026-03-16T12:26:00,12,2026-03-17T00:26:00,medium,15,answered,"{""visit_type_code"": ""VT-100"", ""visit_type_label"": ""Virtual urgent care"", ""source_system"": ""epic_clarity"", ""record_count"": 249, ""first_seen_date"": ""2026-02-25""}"
TAP000162,TRG000273,encounter_type_mapping,tactical,clinical.encounters,2026-03,OBJ0073,fct_encounters,VT-113,iharlow@northharbor.health,Ines Harlow,Clinical Operations,ic,codeowners,slack_dm,2026-03-16T17:12:00,2026-03-16T18:01:00,12,2026-03-17T06:01:00,medium,15,answered,"{""visit_type_code"": ""VT-113"", ""visit_type_label"": ""Post-op telephonic follow-up"", ""source_system"": ""epic_caboodle"", ""record_count"": 472, ""first_seen_date"": ""2026-03-19""}"
TAP000163,TRG000275,encounter_type_mapping,tactical,clinical.encounters,2026-03,OBJ0069,fct_providers,VT-126,apereira@northharbor.health,Ana Pereira,Clinical Operations,ic,codeowners,slack_dm,2026-03-17T18:21:00,2026-03-17T18:51:00,12,2026-03-18T06:51:00,high,34,deflected,"{""visit_type_code"": ""VT-126"", ""visit_type_label"": ""Infusion suite visit"", ""source_system"": ""waystar_claims"", ""record_count"": 104, ""first_seen_date"": ""2026-02-22""}"
TAP000164,TRG000277,encounter_type_mapping,tactical,clinical.encounters,2026-03,OBJ0065,fct_charges,VT-139,dschultz@northharbor.health,Dana Schultz,Clinical Operations,ic,codeowners,slack_dm,2026-03-30T11:44:00,2026-03-30T11:49:00,12,2026-03-30T23:49:00,low,4,answered,"{""visit_type_code"": ""VT-139"", ""visit_type_label"": ""Nurse-only wound check"", ""source_system"": ""redox_hl7"", ""record_count"": 370, ""first_seen_date"": ""2026-03-22""}"
TAP000165,TRG000280,encounter_type_mapping,tactical,clinical.encounters,2026-03,OBJ0071,fct_service_lines,VT-152,apereira@northharbor.health,Ana Pereira,Clinical Operations,ic,domains_yml,slack_dm,2026-03-02T18:01:00,2026-03-02T18:25:00,12,2026-03-03T06:25:00,low,8,deflected,"{""visit_type_code"": ""VT-152"", ""visit_type_label"": ""Sleep study - attended"", ""source_system"": ""labcorp_results"", ""record_count"": 450, ""first_seen_date"": ""2026-04-12""}"
TAP000166,TRG000282,encounter_type_mapping,tactical,clinical.encounters,2026-03,OBJ0074,fct_appointments,VT-165,iharlow@northharbor.health,Ines Harlow,Clinical Operations,ic,domains_yml,slack_dm,2026-03-06T11:09:00,2026-03-06T11:41:00,12,2026-03-06T23:41:00,medium,15,answered,"{""visit_type_code"": ""VT-165"", ""visit_type_label"": ""Cardiac rehab session"", ""source_system"": ""epic_clarity"", ""record_count"": 38, ""first_seen_date"": ""2026-02-13""}"
TAP000167,TRG000286,encounter_type_mapping,tactical,clinical.encounters,2026-03,OBJ0074,fct_appointments,VT-178,apereira@northharbor.health,Ana Pereira,Clinical Operations,ic,codeowners,slack_dm,2026-03-16T14:05:00,2026-03-16T14:56:00,12,2026-03-17T02:56:00,medium,15,answered,"{""visit_type_code"": ""VT-178"", ""visit_type_label"": ""Behavioral telehealth intake"", ""source_system"": ""epic_caboodle"", ""record_count"": 601, ""first_seen_date"": ""2026-07-17""}"
TAP000168,TRG000289,encounter_type_mapping,tactical,clinical.encounters,2026-03,OBJ0059,fct_numerators,VT-191,apereira@northharbor.health,Ana Pereira,Clinical Operations,ic,domains_yml,slack_dm,2026-03-06T17:43:00,2026-03-06T18:05:00,12,2026-03-07T06:05:00,medium,11,answered,"{""visit_type_code"": ""VT-191"", ""visit_type_label"": ""Observation - short stay"", ""source_system"": ""waystar_claims"", ""record_count"": 589, ""first_seen_date"": ""2026-06-16""}"
TAP000169,TRG000290,encounter_type_mapping,tactical,clinical.encounters,2026-03,OBJ0056,fct_payers,VT-204,hlindqvist@northharbor.health,Hanna Lindqvist,Clinical Operations,lead,domains_yml,slack_dm,2026-03-23T15:54:00,2026-03-23T16:13:00,12,2026-03-24T04:13:00,low,6,answered,"{""visit_type_code"": ""VT-204"", ""visit_type_label"": ""Pre-anesthesia evaluation"", ""source_system"": ""redox_hl7"", ""record_count"": 280, ""first_seen_date"": ""2026-05-05""}"
TAP000170,TRG000292,encounter_type_mapping,tactical,clinical.encounters,2026-03,OBJ0067,fct_facilities,VT-217,dschultz@northharbor.health,Dana Schultz,Clinical Operations,ic,domains_yml,slack_dm,2026-03-17T09:00:00,2026-03-17T09:32:00,12,2026-03-17T21:32:00,low,1,answered,"{""visit_type_code"": ""VT-217"", ""visit_type_label"": ""Mobile mammography"", ""source_system"": ""labcorp_results"", ""record_count"": 511, ""first_seen_date"": ""2026-06-24""}"
TAP000171,TRG000297,encounter_type_mapping,tactical,clinical.encounters,2026-03,OBJ0055,fct_cohorts,VT-230,dschultz@northharbor.health,Dana Schultz,Clinical Operations,ic,codeowners,slack_dm,2026-03-20T12:31:00,2026-03-20T13:01:00,12,2026-03-21T01:01:00,medium,19,answered,"{""visit_type_code"": ""VT-230"", ""visit_type_label"": ""Home health assessment"", ""source_system"": ""epic_clarity"", ""record_count"": 790, ""first_seen_date"": ""2026-06-10""}"
TAP000172,TRG000298,encounter_type_mapping,tactical,clinical.encounters,2026-03,OBJ0056,fct_payers,VT-243,iharlow@northharbor.health,Ines Harlow,Clinical Operations,ic,codeowners,slack_dm,2026-03-23T08:30:00,2026-03-23T08:32:00,12,2026-03-23T20:32:00,low,6,answered,"{""visit_type_code"": ""VT-243"", ""visit_type_label"": ""Group therapy session"", ""source_system"": ""epic_caboodle"", ""record_count"": 760, ""first_seen_date"": ""2026-02-12""}"
TAP000173,TRG000299,encounter_type_mapping,tactical,clinical.encounters,2026-03,OBJ0069,fct_providers,VT-256,obayo@northharbor.health,Olu Bayo,Clinical Operations,ic,domains_yml,slack_dm,2026-03-19T16:04:00,2026-03-19T16:47:00,12,2026-03-20T04:47:00,high,34,answered,"{""visit_type_code"": ""VT-256"", ""visit_type_label"": ""Retail clinic visit"", ""source_system"": ""waystar_claims"", ""record_count"": 86, ""first_seen_date"": ""2026-06-19""}"
TAP000174,TRG000302,encounter_type_mapping,tactical,clinical.encounters,2026-03,OBJ0063,fct_throughput,VT-282,apereira@northharbor.health,Ana Pereira,Clinical Operations,ic,domains_yml,slack_dm,2026-03-01T13:33:00,2026-03-01T13:49:00,12,2026-03-02T01:49:00,low,6,answered,"{""visit_type_code"": ""VT-282"", ""visit_type_label"": ""Palliative consult"", ""source_system"": ""labcorp_results"", ""record_count"": 647, ""first_seen_date"": ""2026-05-17""}"
TAP000175,TRG000303,encounter_type_mapping,tactical,clinical.encounters,2026-03,OBJ0055,fct_cohorts,VT-295,obayo@northharbor.health,Olu Bayo,Clinical Operations,ic,codeowners,slack_dm,2026-03-14T10:14:00,2026-03-14T11:08:00,12,2026-03-14T23:08:00,medium,19,answered,"{""visit_type_code"": ""VT-295"", ""visit_type_label"": ""Virtual urgent care"", ""source_system"": ""epic_clarity"", ""record_count"": 56, ""first_seen_date"": ""2026-03-31""}"
TAP000176,TRG000304,encounter_type_mapping,tactical,clinical.encounters,2026-03,OBJ0054,fct_departments,VT-308,jmwangi@northharbor.health,James Mwangi,Clinical Operations,ic,domains_yml,slack_dm,2026-03-29T09:26:00,2026-03-29T09:28:00,12,2026-03-29T21:28:00,medium,19,answered,"{""visit_type_code"": ""VT-308"", ""visit_type_label"": ""Post-op telephonic follow-up"", ""source_system"": ""epic_caboodle"", ""record_count"": 384, ""first_seen_date"": ""2026-04-08""}"
TAP000177,TRG000305,encounter_type_mapping,tactical,clinical.encounters,2026-03,OBJ0062,fct_remittances,VT-321,hlindqvist@northharbor.health,Hanna Lindqvist,Clinical Operations,lead,domains_yml,slack_dm,2026-03-22T16:58:00,2026-03-22T17:01:00,12,2026-03-23T05:01:00,medium,11,answered,"{""visit_type_code"": ""VT-321"", ""visit_type_label"": ""Infusion suite visit"", ""source_system"": ""waystar_claims"", ""record_count"": 714, ""first_seen_date"": ""2026-03-04""}"
TAP000178,TRG000306,encounter_type_mapping,tactical,clinical.encounters,2026-03,OBJ0053,fct_procedures,VT-334,jmwangi@northharbor.health,James Mwangi,Clinical Operations,ic,codeowners,slack_dm,2026-03-22T16:29:00,2026-03-22T17:21:00,12,2026-03-23T05:21:00,low,4,answered,"{""visit_type_code"": ""VT-334"", ""visit_type_label"": ""Nurse-only wound check"", ""source_system"": ""redox_hl7"", ""record_count"": 729, ""first_seen_date"": ""2026-03-27""}"
TAP000179,TRG000307,denial_reason_classification,tactical,rcm.denials,2026-04,OBJ0048,fct_denials,Cigna|CO-197,nabara@northharbor.health,Nkechi Abara,Revenue Cycle,ic,codeowners,slack_dm,2026-04-13T14:57:00,2026-04-13T15:43:00,8,2026-04-13T23:43:00,low,3,answered,"{""payer_name"": ""Cigna"", ""payer_code"": ""CO-197"", ""claim_id"": ""CLM0702701"", ""claim_amount"": ""244"", ""service_date"": ""2026-06-04"", ""similar_count"": 30}"
TAP000180,TRG000309,denial_reason_classification,tactical,rcm.denials,2026-04,OBJ0037,fct_facilities,Humana|CO-197,kobrien@northharbor.health,Kate O'Brien,Revenue Cycle,ic,domains_yml,slack_dm,2026-04-02T07:37:00,2026-04-02T08:25:00,8,2026-04-02T16:25:00,medium,15,answered,"{""payer_name"": ""Humana"", ""payer_code"": ""CO-197"", ""claim_id"": ""CLM0702738"", ""claim_amount"": ""24,747"", ""service_date"": ""2026-03-24"", ""similar_count"": 59}"
TAP000181,TRG000310,denial_reason_classification,tactical,rcm.denials,2026-04,OBJ0035,fct_charges,Medicare Part A|CO-197,ysong@northharbor.health,Yuna Song,Revenue Cycle,lead,domains_yml,slack_dm,2026-04-04T15:43:00,2026-04-04T16:02:00,8,2026-04-05T00:02:00,medium,19,answered,"{""payer_name"": ""Medicare Part A"", ""payer_code"": ""CO-197"", ""claim_id"": ""CLM0702775"", ""claim_amount"": ""18,821"", ""service_date"": ""2026-06-01"", ""similar_count"": 34}"
TAP000182,TRG000314,denial_reason_classification,tactical,rcm.denials,2026-04,OBJ0031,fct_adjustments,Molina|CO-197,kobrien@northharbor.health,Kate O'Brien,Revenue Cycle,ic,codeowners,slack_dm,2026-04-08T14:25:00,2026-04-08T14:35:00,8,2026-04-08T22:35:00,low,2,answered,"{""payer_name"": ""Molina"", ""payer_code"": ""CO-197"", ""claim_id"": ""CLM0702886"", ""claim_amount"": ""21,110"", ""service_date"": ""2026-02-19"", ""similar_count"": 21}"
TAP000183,TRG000317,denial_reason_classification,tactical,rcm.denials,2026-04,OBJ0051,fct_balances,Aetna|CO-29,ysong@northharbor.health,Yuna Song,Revenue Cycle,lead,codeowners,slack_dm,2026-04-29T12:45:00,2026-04-29T12:47:00,8,2026-04-29T20:47:00,low,4,answered,"{""payer_name"": ""Aetna"", ""payer_code"": ""CO-29"", ""claim_id"": ""CLM0702960"", ""claim_amount"": ""22,431"", ""service_date"": ""2026-05-17"", ""similar_count"": 81}"
TAP000184,TRG000318,denial_reason_classification,tactical,rcm.denials,2026-04,OBJ0040,fct_discharges,UnitedHealthcare|CO-29,rpatel@northharbor.health,Rohan Patel,Revenue Cycle,ic,codeowners,slack_dm,2026-04-30T15:15:00,2026-04-30T16:00:00,8,2026-05-01T00:00:00,low,8,timed_out,"{""payer_name"": ""UnitedHealthcare"", ""payer_code"": ""CO-29"", ""claim_id"": ""CLM0702997"", ""claim_amount"": ""8,900"", ""service_date"": ""2026-06-25"", ""similar_count"": 91}"
TAP000185,TRG000319,denial_reason_classification,tactical,rcm.denials,2026-04,OBJ0047,fct_aging,BCBS Michigan|CO-29,nabara@northharbor.health,Nkechi Abara,Revenue Cycle,ic,domains_yml,slack_dm,2026-04-02T08:40:00,2026-04-02T09:24:00,8,2026-04-02T17:24:00,high,34,answered,"{""payer_name"": ""BCBS Michigan"", ""payer_code"": ""CO-29"", ""claim_id"": ""CLM0703034"", ""claim_amount"": ""32,117"", ""service_date"": ""2026-02-08"", ""similar_count"": 29}"
TAP000186,TRG000320,denial_reason_classification,tactical,rcm.denials,2026-04,OBJ0050,fct_census,Cigna|CO-29,ysong@northharbor.health,Yuna Song,Revenue Cycle,lead,codeowners,slack_dm,2026-04-09T12:27:00,2026-04-09T13:01:00,8,2026-04-09T21:01:00,low,3,answered,"{""payer_name"": ""Cigna"", ""payer_code"": ""CO-29"", ""claim_id"": ""CLM0703071"", ""claim_amount"": ""30,273"", ""service_date"": ""2026-02-22"", ""similar_count"": 43}"
TAP000187,TRG000321,denial_reason_classification,tactical,rcm.denials,2026-04,OBJ0037,fct_facilities,Priority Health|CO-151,kobrien@northharbor.health,Kate O'Brien,Revenue Cycle,ic,codeowners,slack_dm,2026-04-18T16:02:00,2026-04-18T16:55:00,8,2026-04-19T00:55:00,medium,15,answered,"{""payer_name"": ""Priority Health"", ""payer_code"": ""CO-151"", ""claim_id"": ""CLM0702479"", ""claim_amount"": ""8,589"", ""service_date"": ""2026-03-07"", ""similar_count"": 5}"
TAP000188,TRG000323,denial_reason_classification,tactical,rcm.denials,2026-04,OBJ0032,fct_remittances,Humana|CO-29,rpatel@northharbor.health,Rohan Patel,Revenue Cycle,ic,codeowners,slack_dm,2026-04-19T11:56:00,2026-04-19T12:30:00,8,2026-04-19T20:30:00,medium,11,answered,"{""payer_name"": ""Humana"", ""payer_code"": ""CO-29"", ""claim_id"": ""CLM0703108"", ""claim_amount"": ""8,045"", ""service_date"": ""2026-03-21"", ""similar_count"": 3}"
TAP000189,TRG000324,denial_reason_classification,tactical,rcm.denials,2026-04,OBJ0040,fct_discharges,Medicare Part A|CO-29,kobrien@northharbor.health,Kate O'Brien,Revenue Cycle,ic,domains_yml,slack_dm,2026-04-18T08:12:00,2026-04-18T08:38:00,8,2026-04-18T16:38:00,low,8,answered,"{""payer_name"": ""Medicare Part A"", ""payer_code"": ""CO-29"", ""claim_id"": ""CLM0703145"", ""claim_amount"": ""7,440"", ""service_date"": ""2026-03-10"", ""similar_count"": 75}"
TAP000190,TRG000327,denial_reason_classification,tactical,rcm.denials,2026-04,OBJ0030,fct_claims,Medicaid MI|CO-29,thoffman@northharbor.health,Tobias Hoffman,Revenue Cycle,ic,codeowners,slack_dm,2026-04-28T12:06:00,2026-04-28T12:49:00,8,2026-04-28T20:49:00,low,3,timed_out,"{""payer_name"": ""Medicaid MI"", ""payer_code"": ""CO-29"", ""claim_id"": ""CLM0703182"", ""claim_amount"": ""32,614"", ""service_date"": ""2026-05-18"", ""similar_count"": 63}"
TAP000191,TRG000329,denial_reason_classification,tactical,rcm.denials,2026-04,OBJ0049,fct_coverage,Priority Health|CO-29,lbrennan@northharbor.health,Liam Brennan,Revenue Cycle,manager,codeowners,slack_dm,2026-04-08T14:31:00,2026-04-08T15:02:00,8,2026-04-08T23:02:00,high,34,answered,"{""payer_name"": ""Priority Health"", ""payer_code"": ""CO-29"", ""claim_id"": ""CLM0703219"", ""claim_amount"": ""9,383"", ""service_date"": ""2026-02-14"", ""similar_count"": 10}"
TAP000192,TRG000330,denial_reason_classification,tactical,rcm.denials,2026-04,OBJ0033,fct_throughput,Molina|CO-29,thoffman@northharbor.health,Tobias Hoffman,Revenue Cycle,ic,codeowners,slack_dm,2026-04-10T15:13:00,2026-04-10T15:59:00,8,2026-04-10T23:59:00,low,1,answered,"{""payer_name"": ""Molina"", ""payer_code"": ""CO-29"", ""claim_id"": ""CLM0703256"", ""claim_amount"": ""13,039"", ""service_date"": ""2026-05-22"", ""similar_count"": 14}"
TAP000193,TRG000331,denial_reason_classification,tactical,rcm.denials,2026-04,OBJ0042,fct_exclusions,Tricare|CO-29,thoffman@northharbor.health,Tobias Hoffman,Revenue Cycle,ic,domains_yml,slack_dm,2026-04-17T11:40:00,2026-04-17T12:13:00,8,2026-04-17T20:13:00,low,8,answered,"{""payer_name"": ""Tricare"", ""payer_code"": ""CO-29"", ""claim_id"": ""CLM0703293"", ""claim_amount"": ""6,039"", ""service_date"": ""2026-06-11"", ""similar_count"": 3}"
TAP000194,TRG000332,denial_reason_classification,tactical,rcm.denials,2026-04,OBJ0040,fct_discharges,Aetna|CO-11,thoffman@northharbor.health,Tobias Hoffman,Revenue Cycle,ic,codeowners,slack_dm,2026-04-27T12:49:00,2026-04-27T13:43:00,8,2026-04-27T21:43:00,low,8,answered,"{""payer_name"": ""Aetna"", ""payer_code"": ""CO-11"", ""claim_id"": ""CLM0703330"", ""claim_amount"": ""26,153"", ""service_date"": ""2026-02-19"", ""similar_count"": 48}"
TAP000195,TRG000335,encounter_type_mapping,tactical,clinical.encounters,2026-04,OBJ0066,fct_diagnoses,VT-347,iharlow@northharbor.health,Ines Harlow,Clinical Operations,ic,codeowners,slack_dm,2026-04-20T16:54:00,2026-04-20T17:04:00,12,2026-04-21T05:04:00,low,1,timed_out,"{""visit_type_code"": ""VT-347"", ""visit_type_label"": ""Sleep study - attended"", ""source_system"": ""labcorp_results"", ""record_count"": 931, ""first_seen_date"": ""2026-07-01""}"
TAP000196,TRG000336,encounter_type_mapping,tactical,clinical.encounters,2026-04,OBJ0064,fct_writeoffs,VT-360,hlindqvist@northharbor.health,Hanna Lindqvist,Clinical Operations,lead,domains_yml,slack_dm,2026-04-27T07:47:00,2026-04-27T08:07:00,12,2026-04-27T20:07:00,low,6,answered,"{""visit_type_code"": ""VT-360"", ""visit_type_label"": ""Cardiac rehab session"", ""source_system"": ""epic_clarity"", ""record_count"": 724, ""first_seen_date"": ""2026-04-20""}"
TAP000197,TRG000337,encounter_type_mapping,tactical,clinical.encounters,2026-04,OBJ0053,fct_procedures,VT-373,jmwangi@northharbor.health,James Mwangi,Clinical Operations,ic,domains_yml,slack_dm,2026-04-15T13:28:00,2026-04-15T14:23:00,12,2026-04-16T02:23:00,low,4,answered,"{""visit_type_code"": ""VT-373"", ""visit_type_label"": ""Behavioral telehealth intake"", ""source_system"": ""epic_caboodle"", ""record_count"": 564, ""first_seen_date"": ""2026-07-18""}"
TAP000198,TRG000338,encounter_type_mapping,tactical,clinical.encounters,2026-04,OBJ0068,fct_eligibility,VT-386,jmwangi@northharbor.health,James Mwangi,Clinical Operations,ic,codeowners,slack_dm,2026-04-25T14:25:00,2026-04-25T15:06:00,12,2026-04-26T03:06:00,low,3,answered,"{""visit_type_code"": ""VT-386"", ""visit_type_label"": ""Observation - short stay"", ""source_system"": ""waystar_claims"", ""record_count"": 286, ""first_seen_date"": ""2026-06-18""}"
TAP000199,TRG000339,encounter_type_mapping,tactical,clinical.encounters,2026-04,OBJ0071,fct_service_lines,VT-399,obayo@northharbor.health,Olu Bayo,Clinical Operations,ic,codeowners,slack_dm,2026-04-01T10:47:00,2026-04-01T11:06:00,12,2026-04-01T23:06:00,low,8,answered,"{""visit_type_code"": ""VT-399"", ""visit_type_label"": ""Pre-anesthesia evaluation"", ""source_system"": ""redox_hl7"", ""record_count"": 60, ""first_seen_date"": ""2026-05-12""}"
TAP000200,TRG000340,encounter_type_mapping,tactical,clinical.encounters,2026-04,OBJ0059,fct_numerators,VT-412,iharlow@northharbor.health,Ines Harlow,Clinical Operations,ic,codeowners,slack_dm,2026-04-21T12:25:00,2026-04-21T12:36:00,12,2026-04-22T00:36:00,medium,11,answered,"{""visit_type_code"": ""VT-412"", ""visit_type_label"": ""Mobile mammography"", ""source_system"": ""labcorp_results"", ""record_count"": 35, ""first_seen_date"": ""2026-04-15""}"
TAP000201,TRG000342,encounter_type_mapping,tactical,clinical.encounters,2026-04,OBJ0063,fct_throughput,VT-425,iharlow@northharbor.health,Ines Harlow,Clinical Operations,ic,codeowners,slack_dm,2026-04-24T15:38:00,2026-04-24T16:02:00,12,2026-04-25T04:02:00,low,6,deflected,"{""visit_type_code"": ""VT-425"", ""visit_type_label"": ""Home health assessment"", ""source_system"": ""epic_clarity"", ""record_count"": 95, ""first_seen_date"": ""2026-04-16""}"
TAP000202,TRG000343,encounter_type_mapping,tactical,clinical.encounters,2026-04,OBJ0064,fct_writeoffs,VT-438,obayo@northharbor.health,Olu Bayo,Clinical Operations,ic,codeowners,slack_dm,2026-04-26T14:46:00,2026-04-26T14:49:00,12,2026-04-27T02:49:00,low,6,timed_out,"{""visit_type_code"": ""VT-438"", ""visit_type_label"": ""Group therapy session"", ""source_system"": ""epic_caboodle"", ""record_count"": 386, ""first_seen_date"": ""2026-04-05""}"
TAP000203,TRG000344,phi_column_classification,tactical,compliance.phi,2026-04,OBJ0128,contractual_allowance,fct_discharges.mrn_alt_0,vosei@northharbor.health,Vera Osei,Compliance,manager,codeowners,slack_dm,2026-04-11T13:46:00,2026-04-11T13:53:00,24,2026-04-12T13:53:00,low,6,expired,"{""column_name"": ""mrn_alt"", ""model_name"": ""fct_discharges"", ""sample_values"": ""'Kaiser Foods LLC'"", ""exposure_count"": 5}"
TAP000204,TRG000345,phi_column_classification,tactical,compliance.phi,2026-04,OBJ0108,stg_denials,stg_eligibility.guarantor_dob_1,vosei@northharbor.health,Vera Osei,Compliance,manager,domains_yml,slack_dm,2026-04-09T08:53:00,2026-04-09T09:47:00,24,2026-04-10T09:47:00,low,6,answered,"{""column_name"": ""guarantor_dob"", ""model_name"": ""stg_eligibility"", ""sample_values"": ""'Kaiser Foods LLC'"", ""exposure_count"": 0}"
TAP000205,TRG000346,phi_column_classification,tactical,compliance.phi,2026-04,OBJ0120,stg_legacy_extract_2,fct_denials.subscriber_ssn_last4_2,bkoval@northharbor.health,Boris Koval,Compliance,ic,codeowners,slack_dm,2026-04-18T13:25:00,2026-04-18T14:02:00,24,2026-04-19T14:02:00,low,2,answered,"{""column_name"": ""subscriber_ssn_last4"", ""model_name"": ""fct_denials"", ""sample_values"": ""'a3f9\u2026', 'b71c\u2026'"", ""exposure_count"": 1}"
TAP000206,TRG000347,phi_column_classification,tactical,compliance.phi,2026-04,OBJ0090,stg_claims,fct_procedures.guarantor_dob_1,rsantos@northharbor.health,Rita Santos,Compliance,manager,domains_yml,slack_dm,2026-04-01T17:16:00,2026-04-01T17:34:00,24,2026-04-02T17:34:00,low,3,deflected,"{""column_name"": ""guarantor_dob"", ""model_name"": ""fct_procedures"", ""sample_values"": ""'Kaiser Foods LLC'"", ""exposure_count"": 0}"
TAP000207,TRG000348,phi_column_classification,tactical,compliance.phi,2026-04,OBJ0012,fct_exclusions,fct_encounters.home_phone_e164_3,rsantos@northharbor.health,Rita Santos,Compliance,manager,codeowners,slack_dm,2026-04-30T11:31:00,2026-04-30T12:05:00,24,2026-05-01T12:05:00,low,0,answered,"{""column_name"": ""home_phone_e164"", ""model_name"": ""fct_encounters"", ""sample_values"": ""'1993', '1978'"", ""exposure_count"": 1}"
TAP000208,TRG000349,phi_column_classification,tactical,compliance.phi,2026-04,OBJ0051,fct_balances,fct_eligibility.referring_npi_4,vosei@northharbor.health,Vera Osei,Compliance,manager,domains_yml,slack_dm,2026-04-26T12:33:00,2026-04-26T12:45:00,24,2026-04-27T12:45:00,low,4,timed_out,"{""column_name"": ""referring_npi"", ""model_name"": ""fct_eligibility"", ""sample_values"": ""'48226', '48201'"", ""exposure_count"": 3}"
TAP000209,TRG000350,phi_column_classification,tactical,compliance.phi,2026-04,OBJ0032,fct_remittances,stg_facilities.patient_email_hash_5,bkoval@northharbor.health,Boris Koval,Compliance,ic,codeowners,slack_dm,2026-04-08T11:26:00,2026-04-08T11:44:00,24,2026-04-09T11:44:00,medium,11,timed_out,"{""column_name"": ""patient_email_hash"", ""model_name"": ""stg_facilities"", ""sample_values"": ""'(313) 555-0148'"", ""exposure_count"": 2}"
TAP000210,TRG000351,phi_column_classification,tactical,compliance.phi,2026-04,OBJ0017,fct_aging,fct_facilities.mrn_alt_0,vosei@northharbor.health,Vera Osei,Compliance,manager,codeowners,slack_dm,2026-04-20T14:23:00,2026-04-20T14:49:00,24,2026-04-21T14:49:00,low,6,answered,"{""column_name"": ""mrn_alt"", ""model_name"": ""fct_facilities"", ""sample_values"": ""'Kaiser Foods LLC'"", ""exposure_count"": 1}"
TAP000211,TRG000352,phi_column_classification,tactical,compliance.phi,2026-04,OBJ0143,referral_conversion,stg_legacy_extract_7.zip_plus_four_6,bkoval@northharbor.health,Boris Koval,Compliance,ic,codeowners,slack_dm,2026-04-07T13:16:00,2026-04-07T13:40:00,24,2026-04-08T13:40:00,low,4,answered,"{""column_name"": ""zip_plus_four"", ""model_name"": ""stg_legacy_extract_7"", ""sample_values"": ""'a3f9\u2026', 'b71c\u2026'"", ""exposure_count"": 0}"
TAP000212,TRG000355,phi_column_classification,tactical,compliance.phi,2026-04,OBJ0109,stg_coverage,stg_charges.patient_email_hash_5,rsantos@northharbor.health,Rita Santos,Compliance,manager,codeowners,slack_dm,2026-04-21T08:12:00,2026-04-21T09:03:00,24,2026-04-22T09:03:00,low,6,timed_out,"{""column_name"": ""patient_email_hash"", ""model_name"": ""stg_charges"", ""sample_values"": ""'48226', '48201'"", ""exposure_count"": 3}"
TAP000213,TRG000356,phi_column_classification,tactical,compliance.phi,2026-04,OBJ0009,fct_providers,stg_procedures.member_id_raw_7,bkoval@northharbor.health,Boris Koval,Compliance,ic,codeowners,slack_dm,2026-04-01T17:16:00,2026-04-01T17:40:00,24,2026-04-02T17:40:00,medium,11,answered,"{""column_name"": ""member_id_raw"", ""model_name"": ""stg_procedures"", ""sample_values"": ""'Kaiser Foods LLC'"", ""exposure_count"": 3}"
TAP000214,TRG000357,phi_column_classification,tactical,compliance.phi,2026-04,OBJ0130,denial_rate,stg_facilities.referring_npi_4,bkoval@northharbor.health,Boris Koval,Compliance,ic,codeowners,slack_dm,2026-04-21T12:42:00,2026-04-21T13:24:00,24,2026-04-22T13:24:00,high,31,answered,"{""column_name"": ""referring_npi"", ""model_name"": ""stg_facilities"", ""sample_values"": ""'(313) 555-0148'"", ""exposure_count"": 2}"
TAP000215,TRG000358,phi_column_classification,tactical,compliance.phi,2026-04,OBJ0106,stg_measures,fct_procedures.mrn_alt_0,bkoval@northharbor.health,Boris Koval,Compliance,ic,codeowners,slack_dm,2026-04-02T10:49:00,2026-04-02T11:21:00,24,2026-04-03T11:21:00,high,34,answered,"{""column_name"": ""mrn_alt"", ""model_name"": ""fct_procedures"", ""sample_values"": ""'a3f9\u2026', 'b71c\u2026'"", ""exposure_count"": 0}"
TAP000216,TRG000359,phi_column_classification,tactical,compliance.phi,2026-04,OBJ0040,fct_discharges,fct_appointments.guarantor_dob_1,vosei@northharbor.health,Vera Osei,Compliance,manager,codeowners,slack_dm,2026-04-20T10:22:00,2026-04-20T10:39:00,24,2026-04-21T10:39:00,low,8,answered,"{""column_name"": ""guarantor_dob"", ""model_name"": ""fct_appointments"", ""sample_values"": ""'a3f9\u2026', 'b71c\u2026'"", ""exposure_count"": 0}"
TAP000217,TRG000360,phi_column_classification,tactical,compliance.phi,2026-04,OBJ0060,fct_claims,fct_writeoffs.zip_plus_four_6,rsantos@northharbor.health,Rita Santos,Compliance,manager,codeowners,slack_dm,2026-04-16T13:01:00,2026-04-16T13:12:00,24,2026-04-17T13:12:00,low,3,deflected,"{""column_name"": ""zip_plus_four"", ""model_name"": ""fct_writeoffs"", ""sample_values"": ""'a3f9\u2026', 'b71c\u2026'"", ""exposure_count"": 0}"
TAP000218,TRG000361,phi_column_classification,tactical,compliance.phi,2026-04,OBJ0151,epic_caboodle,fct_cohorts.emergency_contact_name_8,bkoval@northharbor.health,Boris Koval,Compliance,ic,codeowners,slack_dm,2026-04-11T16:44:00,2026-04-11T17:07:00,24,2026-04-12T17:07:00,medium,16,answered,"{""column_name"": ""emergency_contact_name"", ""model_name"": ""fct_cohorts"", ""sample_values"": ""'Kaiser Foods LLC'"", ""exposure_count"": 0}"
TAP000219,TRG000362,phi_column_classification,tactical,compliance.phi,2026-04,OBJ0145,coding_accuracy_rate,fct_balances.member_id_raw_7,vosei@northharbor.health,Vera Osei,Compliance,manager,codeowners,slack_dm,2026-04-25T10:01:00,2026-04-25T10:35:00,24,2026-04-26T10:35:00,high,31,timed_out,"{""column_name"": ""member_id_raw"", ""model_name"": ""fct_balances"", ""sample_values"": ""'1993', '1978'"", ""exposure_count"": 1}"
TAP000220,TRG000363,phi_column_classification,tactical,compliance.phi,2026-04,OBJ0104,stg_appointments,fct_appointments.policy_number_9,bkoval@northharbor.health,Boris Koval,Compliance,ic,codeowners,slack_dm,2026-04-13T16:19:00,2026-04-13T17:11:00,24,2026-04-14T17:11:00,low,6,answered,"{""column_name"": ""policy_number"", ""model_name"": ""fct_appointments"", ""sample_values"": ""'48226', '48201'"", ""exposure_count"": 0}"
TAP000221,TRG000364,phi_column_classification,tactical,compliance.phi,2026-04,OBJ0055,fct_cohorts,stg_appointments.device_serial_10,bkoval@northharbor.health,Boris Koval,Compliance,ic,domains_yml,slack_dm,2026-04-16T16:12:00,2026-04-16T16:28:00,24,2026-04-17T16:28:00,medium,19,answered,"{""column_name"": ""device_serial"", ""model_name"": ""stg_appointments"", ""sample_values"": ""'4871', '9920', '3364'"", ""exposure_count"": 5}"
TAP000222,TRG000365,phi_column_classification,tactical,compliance.phi,2026-04,OBJ0035,fct_charges,fct_payers.chart_note_excerpt_11,vosei@northharbor.health,Vera Osei,Compliance,manager,domains_yml,slack_dm,2026-04-25T14:58:00,2026-04-25T15:34:00,24,2026-04-26T15:34:00,medium,19,expired,"{""column_name"": ""chart_note_excerpt"", ""model_name"": ""fct_payers"", ""sample_values"": ""'4871', '9920', '3364'"", ""exposure_count"": 0}"
TAP000223,TRG000366,phi_column_classification,tactical,compliance.phi,2026-04,OBJ0076,fct_measures,fct_writeoffs.emergency_contact_name_8,rsantos@northharbor.health,Rita Santos,Compliance,manager,domains_yml,slack_dm,2026-04-04T09:00:00,2026-04-04T09:09:00,24,2026-04-05T09:09:00,low,6,expired,"{""column_name"": ""emergency_contact_name"", ""model_name"": ""fct_writeoffs"", ""sample_values"": ""'(313) 555-0148'"", ""exposure_count"": 1}"
TAP000224,TRG000367,phi_column_classification,tactical,compliance.phi,2026-04,OBJ0093,stg_throughput,fct_writeoffs.device_serial_10,bkoval@northharbor.health,Boris Koval,Compliance,ic,codeowners,slack_dm,2026-04-18T08:37:00,2026-04-18T09:15:00,24,2026-04-19T09:15:00,low,4,timed_out,"{""column_name"": ""device_serial"", ""model_name"": ""fct_writeoffs"", ""sample_values"": ""'1993', '1978'"", ""exposure_count"": 5}"
TAP000225,TRG000368,phi_column_classification,tactical,compliance.phi,2026-04,OBJ0093,stg_throughput,fct_diagnoses.insurance_group_id_12,bkoval@northharbor.health,Boris Koval,Compliance,ic,domains_yml,slack_dm,2026-04-05T09:22:00,2026-04-05T10:13:00,24,2026-04-06T10:13:00,low,4,answered,"{""column_name"": ""insurance_group_id"", ""model_name"": ""fct_diagnoses"", ""sample_values"": ""'4871', '9920', '3364'"", ""exposure_count"": 0}"
TAP000226,TRG000369,phi_column_classification,tactical,compliance.phi,2026-04,OBJ0038,fct_eligibility,fct_remittances.policy_number_9,bkoval@northharbor.health,Boris Koval,Compliance,ic,domains_yml,slack_dm,2026-04-22T09:22:00,2026-04-22T09:54:00,24,2026-04-23T09:54:00,low,3,timed_out,"{""column_name"": ""policy_number"", ""model_name"": ""fct_remittances"", ""sample_values"": ""'(313) 555-0148'"", ""exposure_count"": 2}"
TAP000227,TRG000370,phi_column_classification,tactical,compliance.phi,2026-04,OBJ0101,stg_service_lines,fct_measures.legal_guardian_name_13,bkoval@northharbor.health,Boris Koval,Compliance,ic,domains_yml,slack_dm,2026-04-19T12:56:00,2026-04-19T13:41:00,24,2026-04-20T13:41:00,low,6,answered,"{""column_name"": ""legal_guardian_name"", ""model_name"": ""fct_measures"", ""sample_values"": ""'(313) 555-0148'"", ""exposure_count"": 0}"
TAP000228,TRG000371,phi_column_classification,tactical,compliance.phi,2026-04,OBJ0066,fct_diagnoses,fct_diagnoses.dob_year_only_14,bkoval@northharbor.health,Boris Koval,Compliance,ic,domains_yml,slack_dm,2026-04-21T16:11:00,2026-04-21T16:19:00,24,2026-04-22T16:19:00,low,1,answered,"{""column_name"": ""dob_year_only"", ""model_name"": ""fct_diagnoses"", ""sample_values"": ""'Kaiser Foods LLC'"", ""exposure_count"": 0}"
TAP000229,TRG000372,phi_column_classification,tactical,compliance.phi,2026-04,OBJ0046,fct_measures,fct_encounters.geo_lat_rounded_15,rsantos@northharbor.health,Rita Santos,Compliance,manager,codeowners,slack_dm,2026-04-19T14:04:00,2026-04-19T14:22:00,24,2026-04-20T14:22:00,low,3,timed_out,"{""column_name"": ""geo_lat_rounded"", ""model_name"": ""fct_encounters"", ""sample_values"": ""'a3f9\u2026', 'b71c\u2026'"", ""exposure_count"": 3}"
TAP000230,TRG000373,phi_column_classification,tactical,compliance.phi,2026-04,OBJ0123,stg_legacy_extract_5,fct_admissions.policy_number_9,rsantos@northharbor.health,Rita Santos,Compliance,manager,domains_yml,slack_dm,2026-04-30T17:28:00,2026-04-30T17:51:00,24,2026-05-01T17:51:00,low,4,timed_out,"{""column_name"": ""policy_number"", ""model_name"": ""fct_admissions"", ""sample_values"": ""'Kaiser Foods LLC'"", ""exposure_count"": 4}"
TAP000231,TRG000374,phi_column_classification,tactical,compliance.phi,2026-04,OBJ0051,fct_balances,stg_coverage.account_alias_16,bkoval@northharbor.health,Boris Koval,Compliance,ic,domains_yml,slack_dm,2026-04-23T16:52:00,2026-04-23T17:33:00,24,2026-04-24T17:33:00,low,4,deflected,"{""column_name"": ""account_alias"", ""model_name"": ""stg_coverage"", ""sample_values"": ""'4871', '9920', '3364'"", ""exposure_count"": 0}"
TAP000232,TRG000375,phi_column_classification,tactical,compliance.phi,2026-04,OBJ0134,readmission_rate_30d,stg_legacy_extract_1.prior_auth_number_17,vosei@northharbor.health,Vera Osei,Compliance,manager,codeowners,slack_dm,2026-04-16T09:09:00,2026-04-16T09:51:00,24,2026-04-17T09:51:00,medium,18,answered,"{""column_name"": ""prior_auth_number"", ""model_name"": ""stg_legacy_extract_1"", ""sample_values"": ""'a3f9\u2026', 'b71c\u2026'"", ""exposure_count"": 0}"
TAP000233,TRG000376,phi_column_classification,tactical,compliance.phi,2026-04,OBJ0076,fct_measures,fct_charges.claim_note_text_18,bkoval@northharbor.health,Boris Koval,Compliance,ic,codeowners,slack_dm,2026-04-01T17:47:00,2026-04-01T18:21:00,24,2026-04-02T18:21:00,low,6,answered,"{""column_name"": ""claim_note_text"", ""model_name"": ""fct_charges"", ""sample_values"": ""'1993', '1978'"", ""exposure_count"": 1}"
TAP000234,TRG000377,phi_column_classification,tactical,compliance.phi,2026-04,OBJ0034,fct_writeoffs,fct_discharges.employer_name_19,bkoval@northharbor.health,Boris Koval,Compliance,ic,codeowners,slack_dm,2026-04-05T14:04:00,2026-04-05T14:07:00,24,2026-04-06T14:07:00,high,34,deflected,"{""column_name"": ""employer_name"", ""model_name"": ""fct_discharges"", ""sample_values"": ""'1993', '1978'"", ""exposure_count"": 5}"
TAP000235,TRG000378,phi_column_classification,tactical,compliance.phi,2026-04,OBJ0116,stg_payers,fct_diagnoses.mrn_alt_20,vosei@northharbor.health,Vera Osei,Compliance,manager,domains_yml,slack_dm,2026-04-27T15:56:00,2026-04-27T16:15:00,24,2026-04-28T16:15:00,low,0,answered,"{""column_name"": ""mrn_alt"", ""model_name"": ""fct_diagnoses"", ""sample_values"": ""'48226', '48201'"", ""exposure_count"": 0}"
TAP000236,TRG000379,phi_column_classification,tactical,compliance.phi,2026-04,OBJ0055,fct_cohorts,fct_cohorts.subscriber_ssn_last4_2,rsantos@northharbor.health,Rita Santos,Compliance,manager,codeowners,slack_dm,2026-04-27T15:57:00,2026-04-27T16:20:00,24,2026-04-28T16:20:00,medium,19,timed_out,"{""column_name"": ""subscriber_ssn_last4"", ""model_name"": ""fct_cohorts"", ""sample_values"": ""'4871', '9920', '3364'"", ""exposure_count"": 2}"
TAP000237,TRG000380,phi_column_classification,tactical,compliance.phi,2026-04,OBJ0073,fct_encounters,stg_appointments.guarantor_dob_21,bkoval@northharbor.health,Boris Koval,Compliance,ic,domains_yml,slack_dm,2026-04-17T14:11:00,2026-04-17T14:51:00,24,2026-04-18T14:51:00,medium,15,answered,"{""column_name"": ""guarantor_dob"", ""model_name"": ""stg_appointments"", ""sample_values"": ""'1993', '1978'"", ""exposure_count"": 5}"
TAP000238,TRG000381,phi_column_classification,tactical,compliance.phi,2026-04,OBJ0028,fct_referrals,fct_procedures.prior_auth_number_17,vosei@northharbor.health,Vera Osei,Compliance,manager,domains_yml,slack_dm,2026-04-05T13:07:00,2026-04-05T13:52:00,24,2026-04-06T13:52:00,low,0,answered,"{""column_name"": ""prior_auth_number"", ""model_name"": ""fct_procedures"", ""sample_values"": ""'4871', '9920', '3364'"", ""exposure_count"": 1}"
TAP000239,TRG000382,phi_column_classification,tactical,compliance.phi,2026-04,OBJ0047,fct_aging,fct_payers.subscriber_ssn_last4_22,bkoval@northharbor.health,Boris Koval,Compliance,ic,codeowners,slack_dm,2026-04-25T11:41:00,2026-04-25T12:30:00,24,2026-04-26T12:30:00,high,34,answered,"{""column_name"": ""subscriber_ssn_last4"", ""model_name"": ""fct_payers"", ""sample_values"": ""'48226', '48201'"", ""exposure_count"": 2}"
TAP000240,TRG000383,phi_column_classification,tactical,compliance.phi,2026-04,OBJ0100,stg_discharges,fct_throughput.employer_name_19,bkoval@northharbor.health,Boris Koval,Compliance,ic,codeowners,slack_dm,2026-04-28T11:23:00,2026-04-28T11:32:00,24,2026-04-29T11:32:00,low,4,answered,"{""column_name"": ""employer_name"", ""model_name"": ""fct_throughput"", ""sample_values"": ""'4871', '9920', '3364'"", ""exposure_count"": 1}"
TAP000241,TRG000384,phi_column_classification,tactical,compliance.phi,2026-04,OBJ0112,stg_patients,stg_payers.home_phone_e164_23,bkoval@northharbor.health,Boris Koval,Compliance,ic,domains_yml,slack_dm,2026-04-21T10:48:00,2026-04-21T10:59:00,24,2026-04-22T10:59:00,medium,15,answered,"{""column_name"": ""home_phone_e164"", ""model_name"": ""stg_payers"", ""sample_values"": ""'1993', '1978'"", ""exposure_count"": 0}"
TAP000242,TRG000385,phi_column_classification,tactical,compliance.phi,2026-04,OBJ0009,fct_providers,stg_numerators.referring_npi_24,bkoval@northharbor.health,Boris Koval,Compliance,ic,codeowners,slack_dm,2026-04-16T16:22:00,2026-04-16T16:30:00,24,2026-04-17T16:30:00,medium,11,timed_out,"{""column_name"": ""referring_npi"", ""model_name"": ""stg_numerators"", ""sample_values"": ""'(313) 555-0148'"", ""exposure_count"": 0}"
TAP000243,TRG000386,phi_column_classification,tactical,compliance.phi,2026-04,OBJ0097,stg_facilities,fct_referrals.prior_auth_number_17,rsantos@northharbor.health,Rita Santos,Compliance,manager,codeowners,slack_dm,2026-04-15T10:34:00,2026-04-15T11:22:00,24,2026-04-16T11:22:00,low,3,answered,"{""column_name"": ""prior_auth_number"", ""model_name"": ""fct_referrals"", ""sample_values"": ""'Kaiser Foods LLC'"", ""exposure_count"": 0}"
TAP000244,TRG000387,phi_column_classification,tactical,compliance.phi,2026-04,OBJ0026,fct_payers,stg_admissions.prior_auth_number_17,rsantos@northharbor.health,Rita Santos,Compliance,manager,codeowners,slack_dm,2026-04-16T14:54:00,2026-04-16T15:17:00,24,2026-04-17T15:17:00,low,0,answered,"{""column_name"": ""prior_auth_number"", ""model_name"": ""stg_admissions"", ""sample_values"": ""'48226', '48201'"", ""exposure_count"": 0}"
TAP000245,TRG000388,phi_column_classification,tactical,compliance.phi,2026-04,OBJ0046,fct_measures,fct_writeoffs.patient_email_hash_25,bkoval@northharbor.health,Boris Koval,Compliance,ic,domains_yml,slack_dm,2026-04-27T09:30:00,2026-04-27T10:20:00,24,2026-04-28T10:20:00,low,3,timed_out,"{""column_name"": ""patient_email_hash"", ""model_name"": ""fct_writeoffs"", ""sample_values"": ""'Kaiser Foods LLC'"", ""exposure_count"": 1}"
TAP000246,TRG000389,phi_column_classification,tactical,compliance.phi,2026-04,OBJ0147,payer_mix_commercial,fct_coverage.zip_plus_four_26,vosei@northharbor.health,Vera Osei,Compliance,manager,domains_yml,slack_dm,2026-04-11T09:05:00,2026-04-11T09:27:00,24,2026-04-12T09:27:00,high,31,expired,"{""column_name"": ""zip_plus_four"", ""model_name"": ""fct_coverage"", ""sample_values"": ""'a3f9\u2026', 'b71c\u2026'"", ""exposure_count"": 3}"
TAP000247,TRG000390,phi_column_classification,tactical,compliance.phi,2026-04,OBJ0074,fct_appointments,fct_exclusions.geo_lat_rounded_15,bkoval@northharbor.health,Boris Koval,Compliance,ic,codeowners,slack_dm,2026-04-26T15:57:00,2026-04-26T16:19:00,24,2026-04-27T16:19:00,medium,15,expired,"{""column_name"": ""geo_lat_rounded"", ""model_name"": ""fct_exclusions"", ""sample_values"": ""'4871', '9920', '3364'"", ""exposure_count"": 2}"
TAP000248,TRG000391,phi_column_classification,tactical,compliance.phi,2026-04,OBJ0119,stg_legacy_extract_1,stg_coverage.member_id_raw_7,bkoval@northharbor.health,Boris Koval,Compliance,ic,codeowners,slack_dm,2026-04-03T15:01:00,2026-04-03T15:18:00,24,2026-04-04T15:18:00,low,1,expired,"{""column_name"": ""member_id_raw"", ""model_name"": ""stg_coverage"", ""sample_values"": ""'Kaiser Foods LLC'"", ""exposure_count"": 0}"
TAP000249,TRG000392,phi_column_classification,tactical,compliance.phi,2026-04,OBJ0061,fct_adjustments,stg_adjustments.guarantor_dob_1,vosei@northharbor.health,Vera Osei,Compliance,manager,codeowners,slack_dm,2026-04-25T11:33:00,2026-04-25T11:49:00,24,2026-04-26T11:49:00,medium,11,answered,"{""column_name"": ""guarantor_dob"", ""model_name"": ""stg_adjustments"", ""sample_values"": ""'1993', '1978'"", ""exposure_count"": 2}"
TAP000250,TRG000393,phi_column_classification,tactical,compliance.phi,2026-04,OBJ0125,stg_legacy_extract_7,stg_legacy_extract_2.mrn_alt_20,bkoval@northharbor.health,Boris Koval,Compliance,ic,codeowners,slack_dm,2026-04-03T16:58:00,2026-04-03T17:18:00,24,2026-04-04T17:18:00,low,0,answered,"{""column_name"": ""mrn_alt"", ""model_name"": ""stg_legacy_extract_2"", ""sample_values"": ""'48226', '48201'"", ""exposure_count"": 0}"
TAP000251,TRG000394,phi_column_classification,tactical,compliance.phi,2026-04,OBJ0110,stg_census,stg_denials.member_id_raw_27,bkoval@northharbor.health,Boris Koval,Compliance,ic,domains_yml,slack_dm,2026-04-08T18:09:00,2026-04-08T18:16:00,24,2026-04-09T18:16:00,low,2,answered,"{""column_name"": ""member_id_raw"", ""model_name"": ""stg_denials"", ""sample_values"": ""'a3f9\u2026', 'b71c\u2026'"", ""exposure_count"": 1}"
TAP000252,TRG000395,phi_column_classification,tactical,compliance.phi,2026-04,OBJ0040,fct_discharges,stg_patients.mrn_alt_0,rsantos@northharbor.health,Rita Santos,Compliance,manager,domains_yml,slack_dm,2026-04-13T08:21:00,2026-04-13T09:02:00,24,2026-04-14T09:02:00,low,8,timed_out,"{""column_name"": ""mrn_alt"", ""model_name"": ""stg_patients"", ""sample_values"": ""'1993', '1978'"", ""exposure_count"": 3}"
TAP000253,TRG000396,phi_column_classification,tactical,compliance.phi,2026-04,OBJ0050,fct_census,fct_coverage.referring_npi_24,bkoval@northharbor.health,Boris Koval,Compliance,ic,domains_yml,slack_dm,2026-04-09T11:16:00,2026-04-09T11:24:00,24,2026-04-10T11:24:00,low,3,answered,"{""column_name"": ""referring_npi"", ""model_name"": ""fct_coverage"", ""sample_values"": ""'4871', '9920', '3364'"", ""exposure_count"": 0}"
TAP000254,TRG000397,phi_column_classification,tactical,compliance.phi,2026-04,OBJ0045,fct_authorizations,fct_adjustments.emergency_contact_name_28,bkoval@northharbor.health,Boris Koval,Compliance,ic,domains_yml,slack_dm,2026-04-08T10:17:00,2026-04-08T11:09:00,24,2026-04-09T11:09:00,low,8,answered,"{""column_name"": ""emergency_contact_name"", ""model_name"": ""fct_adjustments"", ""sample_values"": ""'1993', '1978'"", ""exposure_count"": 3}"
TAP000255,TRG000399,phi_column_classification,tactical,compliance.phi,2026-04,OBJ0006,fct_diagnoses,fct_providers.policy_number_29,bkoval@northharbor.health,Boris Koval,Compliance,ic,codeowners,slack_dm,2026-04-22T09:13:00,2026-04-22T10:01:00,24,2026-04-23T10:01:00,low,1,expired,"{""column_name"": ""policy_number"", ""model_name"": ""fct_providers"", ""sample_values"": ""'1993', '1978'"", ""exposure_count"": 5}"
TAP000256,TRG000400,phi_column_classification,tactical,compliance.phi,2026-04,OBJ0085,fct_cohorts,fct_census.device_serial_30,bkoval@northharbor.health,Boris Koval,Compliance,ic,codeowners,slack_dm,2026-04-02T10:16:00,2026-04-02T10:32:00,24,2026-04-03T10:32:00,medium,11,answered,"{""column_name"": ""device_serial"", ""model_name"": ""fct_census"", ""sample_values"": ""'(313) 555-0148'"", ""exposure_count"": 1}"
TAP000257,TRG000403,phi_column_classification,tactical,compliance.phi,2026-04,OBJ0141,hcahps_top_box,fct_adjustments.insurance_group_id_32,bkoval@northharbor.health,Boris Koval,Compliance,ic,codeowners,slack_dm,2026-04-13T09:03:00,2026-04-13T09:54:00,24,2026-04-14T09:54:00,low,3,answered,"{""column_name"": ""insurance_group_id"", ""model_name"": ""fct_adjustments"", ""sample_values"": ""'(313) 555-0148'"", ""exposure_count"": 0}"
TAP000258,TRG000404,phi_column_classification,tactical,compliance.phi,2026-04,OBJ0040,fct_discharges,stg_legacy_extract_2.legal_guardian_name_33,rsantos@northharbor.health,Rita Santos,Compliance,manager,codeowners,slack_dm,2026-04-26T12:41:00,2026-04-26T13:11:00,24,2026-04-27T13:11:00,low,8,answered,"{""column_name"": ""legal_guardian_name"", ""model_name"": ""stg_legacy_extract_2"", ""sample_values"": ""'Kaiser Foods LLC'"", ""exposure_count"": 0}"
TAP000259,TRG000405,phi_column_classification,tactical,compliance.phi,2026-04,OBJ0059,fct_numerators,stg_measures.dob_year_only_34,bkoval@northharbor.health,Boris Koval,Compliance,ic,codeowners,slack_dm,2026-04-30T10:46:00,2026-04-30T11:22:00,24,2026-05-01T11:22:00,medium,11,answered,"{""column_name"": ""dob_year_only"", ""model_name"": ""stg_measures"", ""sample_values"": ""'48226', '48201'"", ""exposure_count"": 5}"
TAP000260,TRG000406,phi_column_classification,tactical,compliance.phi,2026-04,OBJ0099,stg_providers,stg_admissions.zip_plus_four_6,vosei@northharbor.health,Vera Osei,Compliance,manager,codeowners,slack_dm,2026-04-10T14:34:00,2026-04-10T14:36:00,24,2026-04-11T14:36:00,medium,11,answered,"{""column_name"": ""zip_plus_four"", ""model_name"": ""stg_admissions"", ""sample_values"": ""'4871', '9920', '3364'"", ""exposure_count"": 0}"
TAP000261,TRG000407,phi_column_classification,tactical,compliance.phi,2026-04,OBJ0090,stg_claims,fct_eligibility.geo_lat_rounded_35,vosei@northharbor.health,Vera Osei,Compliance,manager,codeowners,slack_dm,2026-04-27T12:51:00,2026-04-27T13:14:00,24,2026-04-28T13:14:00,low,3,answered,"{""column_name"": ""geo_lat_rounded"", ""model_name"": ""fct_eligibility"", ""sample_values"": ""'4871', '9920', '3364'"", ""exposure_count"": 3}"
TAP000262,TRG000408,phi_column_classification,tactical,compliance.phi,2026-04,OBJ0081,fct_balances,stg_legacy_extract_1.patient_email_hash_5,bkoval@northharbor.health,Boris Koval,Compliance,ic,domains_yml,slack_dm,2026-04-20T09:37:00,2026-04-20T10:24:00,24,2026-04-21T10:24:00,low,1,expired,"{""column_name"": ""patient_email_hash"", ""model_name"": ""stg_legacy_extract_1"", ""sample_values"": ""'4871', '9920', '3364'"", ""exposure_count"": 0}"
TAP000263,TRG000409,phi_column_classification,tactical,compliance.phi,2026-04,OBJ0064,fct_writeoffs,stg_discharges.account_alias_36,bkoval@northharbor.health,Boris Koval,Compliance,ic,domains_yml,slack_dm,2026-04-12T14:13:00,2026-04-12T14:33:00,24,2026-04-13T14:33:00,low,6,expired,"{""column_name"": ""account_alias"", ""model_name"": ""stg_discharges"", ""sample_values"": ""'(313) 555-0148'"", ""exposure_count"": 4}"
TAP000264,TRG000410,phi_column_classification,tactical,compliance.phi,2026-04,OBJ0046,fct_measures,fct_encounters.prior_auth_number_37,vosei@northharbor.health,Vera Osei,Compliance,manager,domains_yml,slack_dm,2026-04-16T13:03:00,2026-04-16T13:06:00,24,2026-04-17T13:06:00,low,3,answered,"{""column_name"": ""prior_auth_number"", ""model_name"": ""fct_encounters"", ""sample_values"": ""'a3f9\u2026', 'b71c\u2026'"", ""exposure_count"": 1}"
TAP000265,TRG000411,phi_column_classification,tactical,compliance.phi,2026-04,OBJ0051,fct_balances,fct_payers.claim_note_text_38,bkoval@northharbor.health,Boris Koval,Compliance,ic,codeowners,slack_dm,2026-04-07T09:28:00,2026-04-07T09:58:00,24,2026-04-08T09:58:00,low,4,answered,"{""column_name"": ""claim_note_text"", ""model_name"": ""fct_payers"", ""sample_values"": ""'(313) 555-0148'"", ""exposure_count"": 0}"
TAP000266,TRG000412,phi_column_classification,tactical,compliance.phi,2026-04,OBJ0098,stg_eligibility,fct_aging.employer_name_39,bkoval@northharbor.health,Boris Koval,Compliance,ic,domains_yml,slack_dm,2026-04-08T16:09:00,2026-04-08T16:17:00,24,2026-04-09T16:17:00,high,34,deflected,"{""column_name"": ""employer_name"", ""model_name"": ""fct_aging"", ""sample_values"": ""'a3f9\u2026', 'b71c\u2026'"", ""exposure_count"": 0}"
TAP000267,TRG000413,phi_column_classification,tactical,compliance.phi,2026-04,OBJ0049,fct_coverage,fct_facilities.mrn_alt_40,bkoval@northharbor.health,Boris Koval,Compliance,ic,domains_yml,slack_dm,2026-04-07T09:11:00,2026-04-07T09:55:00,24,2026-04-08T09:55:00,high,34,deflected,"{""column_name"": ""mrn_alt"", ""model_name"": ""fct_facilities"", ""sample_values"": ""'Kaiser Foods LLC'"", ""exposure_count"": 1}"
TAP000268,TRG000414,phi_column_classification,tactical,compliance.phi,2026-04,OBJ0088,fct_referrals,fct_providers.home_phone_e164_3,bkoval@northharbor.health,Boris Koval,Compliance,ic,codeowners,slack_dm,2026-04-23T08:34:00,2026-04-23T08:45:00,24,2026-04-24T08:45:00,low,1,answered,"{""column_name"": ""home_phone_e164"", ""model_name"": ""fct_providers"", ""sample_values"": ""'(313) 555-0148'"", ""exposure_count"": 5}"
TAP000269,TRG000415,phi_column_classification,tactical,compliance.phi,2026-04,OBJ0037,fct_facilities,fct_diagnoses.guarantor_dob_41,rsantos@northharbor.health,Rita Santos,Compliance,manager,codeowners,slack_dm,2026-04-01T10:07:00,2026-04-01T10:08:00,24,2026-04-02T10:08:00,medium,15,timed_out,"{""column_name"": ""guarantor_dob"", ""model_name"": ""fct_diagnoses"", ""sample_values"": ""'1993', '1978'"", ""exposure_count"": 0}"
TAP000270,TRG000416,phi_column_classification,tactical,compliance.phi,2026-04,OBJ0018,fct_denials,fct_service_lines.subscriber_ssn_last4_42,bkoval@northharbor.health,Boris Koval,Compliance,ic,codeowners,slack_dm,2026-04-15T12:51:00,2026-04-15T13:04:00,24,2026-04-16T13:04:00,low,1,timed_out,"{""column_name"": ""subscriber_ssn_last4"", ""model_name"": ""fct_service_lines"", ""sample_values"": ""'(313) 555-0148'"", ""exposure_count"": 0}"
TAP000271,TRG000417,phi_column_classification,tactical,compliance.phi,2026-04,OBJ0150,epic_clarity,fct_remittances.emergency_contact_name_8,vosei@northharbor.health,Vera Osei,Compliance,manager,codeowners,slack_dm,2026-04-10T09:07:00,2026-04-10T09:50:00,24,2026-04-11T09:50:00,medium,12,answered,"{""column_name"": ""emergency_contact_name"", ""model_name"": ""fct_remittances"", ""sample_values"": ""'(313) 555-0148'"", ""exposure_count"": 2}"
TAP000272,TRG000418,phi_column_classification,tactical,compliance.phi,2026-04,OBJ0012,fct_exclusions,stg_encounters.subscriber_ssn_last4_2,bkoval@northharbor.health,Boris Koval,Compliance,ic,codeowners,slack_dm,2026-04-28T14:19:00,2026-04-28T14:42:00,24,2026-04-29T14:42:00,low,0,deflected,"{""column_name"": ""subscriber_ssn_last4"", ""model_name"": ""stg_encounters"", ""sample_values"": ""'a3f9\u2026', 'b71c\u2026'"", ""exposure_count"": 0}"
TAP000273,TRG000419,phi_column_classification,tactical,compliance.phi,2026-04,OBJ0074,fct_appointments,fct_patients.home_phone_e164_43,bkoval@northharbor.health,Boris Koval,Compliance,ic,codeowners,slack_dm,2026-04-06T10:24:00,2026-04-06T10:44:00,24,2026-04-07T10:44:00,medium,15,deflected,"{""column_name"": ""home_phone_e164"", ""model_name"": ""fct_patients"", ""sample_values"": ""'(313) 555-0148'"", ""exposure_count"": 1}"
TAP000274,TRG000420,phi_column_classification,tactical,compliance.phi,2026-04,OBJ0010,fct_discharges,fct_denials.referring_npi_44,bkoval@northharbor.health,Boris Koval,Compliance,ic,codeowners,slack_dm,2026-04-20T13:28:00,2026-04-20T13:54:00,24,2026-04-21T13:54:00,medium,11,answered,"{""column_name"": ""referring_npi"", ""model_name"": ""fct_denials"", ""sample_values"": ""'a3f9\u2026', 'b71c\u2026'"", ""exposure_count"": 1}"
TAP000275,TRG000421,phi_column_classification,tactical,compliance.phi,2026-04,OBJ0150,epic_clarity,fct_appointments.prior_auth_number_17,bkoval@northharbor.health,Boris Koval,Compliance,ic,codeowners,slack_dm,2026-04-01T08:19:00,2026-04-01T08:42:00,24,2026-04-02T08:42:00,medium,12,answered,"{""column_name"": ""prior_auth_number"", ""model_name"": ""fct_appointments"", ""sample_values"": ""'4871', '9920', '3364'"", ""exposure_count"": 0}"
TAP000276,TRG000422,phi_column_classification,tactical,compliance.phi,2026-04,OBJ0103,stg_encounters,stg_cohorts.patient_email_hash_45,bkoval@northharbor.health,Boris Koval,Compliance,ic,domains_yml,slack_dm,2026-04-30T12:25:00,2026-04-30T12:50:00,24,2026-05-01T12:50:00,low,3,answered,"{""column_name"": ""patient_email_hash"", ""model_name"": ""stg_cohorts"", ""sample_values"": ""'48226', '48201'"", ""exposure_count"": 1}"
TAP000277,TRG000423,phi_column_classification,tactical,compliance.phi,2026-04,OBJ0046,fct_measures,stg_remittances.zip_plus_four_46,rsantos@northharbor.health,Rita Santos,Compliance,manager,domains_yml,slack_dm,2026-04-04T08:23:00,2026-04-04T08:24:00,24,2026-04-05T08:24:00,low,3,timed_out,"{""column_name"": ""zip_plus_four"", ""model_name"": ""stg_remittances"", ""sample_values"": ""'a3f9\u2026', 'b71c\u2026'"", ""exposure_count"": 3}"
TAP000278,TRG000424,phi_column_classification,tactical,compliance.phi,2026-04,OBJ0159,redox_hl7,fct_adjustments.member_id_raw_47,vosei@northharbor.health,Vera Osei,Compliance,manager,codeowners,slack_dm,2026-04-03T18:16:00,2026-04-03T18:38:00,24,2026-04-04T18:38:00,low,3,timed_out,"{""column_name"": ""member_id_raw"", ""model_name"": ""fct_adjustments"", ""sample_values"": ""'(313) 555-0148'"", ""exposure_count"": 0}"
TAP000279,TRG000425,phi_column_classification,tactical,compliance.phi,2026-04,OBJ0159,redox_hl7,fct_encounters.geo_lat_rounded_35,rsantos@northharbor.health,Rita Santos,Compliance,manager,domains_yml,slack_dm,2026-04-09T12:52:00,2026-04-09T13:26:00,24,2026-04-10T13:26:00,low,3,answered,"{""column_name"": ""geo_lat_rounded"", ""model_name"": ""fct_encounters"", ""sample_values"": ""'Kaiser Foods LLC'"", ""exposure_count"": 3}"
TAP000280,TRG000426,phi_column_classification,tactical,compliance.phi,2026-04,OBJ0020,fct_census,fct_payers.emergency_contact_name_48,bkoval@northharbor.health,Boris Koval,Compliance,ic,codeowners,slack_dm,2026-04-01T13:45:00,2026-04-01T14:28:00,24,2026-04-02T14:28:00,low,1,timed_out,"{""column_name"": ""emergency_contact_name"", ""model_name"": ""fct_payers"", ""sample_values"": ""'1993', '1978'"", ""exposure_count"": 2}"
TAP000281,TRG000427,phi_column_classification,tactical,compliance.phi,2026-04,OBJ0120,stg_legacy_extract_2,fct_denials.mrn_alt_0,bkoval@northharbor.health,Boris Koval,Compliance,ic,codeowners,slack_dm,2026-04-25T18:33:00,2026-04-25T18:43:00,24,2026-04-26T18:43:00,low,2,answered,"{""column_name"": ""mrn_alt"", ""model_name"": ""fct_denials"", ""sample_values"": ""'a3f9\u2026', 'b71c\u2026'"", ""exposure_count"": 1}"
TAP000282,TRG000428,phi_column_classification,tactical,compliance.phi,2026-04,OBJ0100,stg_discharges,fct_diagnoses.patient_email_hash_5,bkoval@northharbor.health,Boris Koval,Compliance,ic,domains_yml,slack_dm,2026-04-10T15:54:00,2026-04-10T16:05:00,24,2026-04-11T16:05:00,low,4,answered,"{""column_name"": ""patient_email_hash"", ""model_name"": ""fct_diagnoses"", ""sample_values"": ""'(313) 555-0148'"", ""exposure_count"": 0}"
TAP000283,TRG000429,phi_column_classification,tactical,compliance.phi,2026-04,OBJ0103,stg_encounters,fct_diagnoses.policy_number_49,bkoval@northharbor.health,Boris Koval,Compliance,ic,domains_yml,slack_dm,2026-04-22T13:09:00,2026-04-22T13:24:00,24,2026-04-23T13:24:00,low,3,answered,"{""column_name"": ""policy_number"", ""model_name"": ""fct_diagnoses"", ""sample_values"": ""'48226', '48201'"", ""exposure_count"": 0}"
TAP000284,TRG000430,phi_column_classification,tactical,compliance.phi,2026-04,OBJ0099,stg_providers,stg_service_lines.device_serial_50,rsantos@northharbor.health,Rita Santos,Compliance,manager,codeowners,slack_dm,2026-04-12T11:27:00,2026-04-12T12:04:00,24,2026-04-13T12:04:00,medium,11,deflected,"{""column_name"": ""device_serial"", ""model_name"": ""stg_service_lines"", ""sample_values"": ""'1993', '1978'"", ""exposure_count"": 0}"
TAP000285,TRG000431,phi_column_classification,tactical,compliance.phi,2026-04,OBJ0131,first_pass_yield,fct_coverage.chart_note_excerpt_51,vosei@northharbor.health,Vera Osei,Compliance,manager,codeowners,slack_dm,2026-04-25T10:58:00,2026-04-25T11:30:00,24,2026-04-26T11:30:00,low,3,timed_out,"{""column_name"": ""chart_note_excerpt"", ""model_name"": ""fct_coverage"", ""sample_values"": ""'(313) 555-0148'"", ""exposure_count"": 0}"
TAP000286,TRG000432,phi_column_classification,tactical,compliance.phi,2026-04,OBJ0127,gross_charges,stg_authorizations.insurance_group_id_52,bkoval@northharbor.health,Boris Koval,Compliance,ic,codeowners,slack_dm,2026-04-22T09:25:00,2026-04-22T09:33:00,24,2026-04-23T09:33:00,medium,18,answered,"{""column_name"": ""insurance_group_id"", ""model_name"": ""stg_authorizations"", ""sample_values"": ""'4871', '9920', '3364'"", ""exposure_count"": 0}"
TAP000287,TRG000434,phi_column_classification,tactical,compliance.phi,2026-04,OBJ0159,redox_hl7,fct_census.legal_guardian_name_53,bkoval@northharbor.health,Boris Koval,Compliance,ic,codeowners,slack_dm,2026-04-21T09:32:00,2026-04-21T10:12:00,24,2026-04-22T10:12:00,low,3,answered,"{""column_name"": ""legal_guardian_name"", ""model_name"": ""fct_census"", ""sample_values"": ""'4871', '9920', '3364'"", ""exposure_count"": 1}"
TAP000288,TRG000435,phi_column_classification,tactical,compliance.phi,2026-04,OBJ0150,epic_clarity,fct_numerators.dob_year_only_54,vosei@northharbor.health,Vera Osei,Compliance,manager,domains_yml,slack_dm,2026-04-04T07:42:00,2026-04-04T07:58:00,24,2026-04-05T07:58:00,medium,12,answered,"{""column_name"": ""dob_year_only"", ""model_name"": ""fct_numerators"", ""sample_values"": ""'48226', '48201'"", ""exposure_count"": 1}"
TAP000289,TRG000436,phi_column_classification,tactical,compliance.phi,2026-04,OBJ0061,fct_adjustments,fct_referrals.geo_lat_rounded_55,rsantos@northharbor.health,Rita Santos,Compliance,manager,codeowners,slack_dm,2026-04-26T15:41:00,2026-04-26T15:53:00,24,2026-04-27T15:53:00,medium,11,timed_out,"{""column_name"": ""geo_lat_rounded"", ""model_name"": ""fct_referrals"", ""sample_values"": ""'Kaiser Foods LLC'"", ""exposure_count"": 0}"
TAP000290,TRG000437,phi_column_classification,tactical,compliance.phi,2026-04,OBJ0044,fct_appointments,stg_remittances.account_alias_56,bkoval@northharbor.health,Boris Koval,Compliance,ic,domains_yml,slack_dm,2026-04-07T12:27:00,2026-04-07T12:36:00,24,2026-04-08T12:36:00,low,0,expired,"{""column_name"": ""account_alias"", ""model_name"": ""stg_remittances"", ""sample_values"": ""'1993', '1978'"", ""exposure_count"": 3}"
TAP000291,TRG000438,phi_column_classification,tactical,compliance.phi,2026-04,OBJ0095,stg_charges,fct_measures.guarantor_dob_21,rsantos@northharbor.health,Rita Santos,Compliance,manager,codeowners,slack_dm,2026-04-15T11:23:00,2026-04-15T12:13:00,24,2026-04-16T12:13:00,medium,11,answered,"{""column_name"": ""guarantor_dob"", ""model_name"": ""fct_measures"", ""sample_values"": ""'1993', '1978'"", ""exposure_count"": 3}"
TAP000292,TRG000440,phi_column_classification,tactical,compliance.phi,2026-04,OBJ0154,press_ganey,stg_diagnoses.mrn_alt_20,bkoval@northharbor.health,Boris Koval,Compliance,ic,codeowners,slack_dm,2026-04-23T14:04:00,2026-04-23T14:07:00,24,2026-04-24T14:07:00,medium,12,timed_out,"{""column_name"": ""mrn_alt"", ""model_name"": ""stg_diagnoses"", ""sample_values"": ""'48226', '48201'"", ""exposure_count"": 0}"
TAP000293,TRG000441,phi_column_classification,tactical,compliance.phi,2026-04,OBJ0101,stg_service_lines,stg_coverage.guarantor_dob_1,bkoval@northharbor.health,Boris Koval,Compliance,ic,codeowners,slack_dm,2026-04-28T13:12:00,2026-04-28T13:25:00,24,2026-04-29T13:25:00,low,6,timed_out,"{""column_name"": ""guarantor_dob"", ""model_name"": ""stg_coverage"", ""sample_values"": ""'1993', '1978'"", ""exposure_count"": 0}"
TAP000294,TRG000442,phi_column_classification,tactical,compliance.phi,2026-04,OBJ0155,kronos_staffing,fct_diagnoses.dob_year_only_34,bkoval@northharbor.health,Boris Koval,Compliance,ic,codeowners,slack_dm,2026-04-18T09:22:00,2026-04-18T09:48:00,24,2026-04-19T09:48:00,low,3,timed_out,"{""column_name"": ""dob_year_only"", ""model_name"": ""fct_diagnoses"", ""sample_values"": ""'a3f9\u2026', 'b71c\u2026'"", ""exposure_count"": 0}"
TAP000295,TRG000443,phi_column_classification,tactical,compliance.phi,2026-04,OBJ0037,fct_facilities,fct_adjustments.dob_year_only_14,rsantos@northharbor.health,Rita Santos,Compliance,manager,codeowners,slack_dm,2026-04-30T15:00:00,2026-04-30T15:19:00,24,2026-05-01T15:19:00,medium,15,timed_out,"{""column_name"": ""dob_year_only"", ""model_name"": ""fct_adjustments"", ""sample_values"": ""'1993', '1978'"", ""exposure_count"": 0}"
TAP000296,TRG000444,phi_column_classification,tactical,compliance.phi,2026-04,OBJ0134,readmission_rate_30d,fct_referrals.prior_auth_number_57,bkoval@northharbor.health,Boris Koval,Compliance,ic,codeowners,slack_dm,2026-04-04T11:06:00,2026-04-04T11:52:00,24,2026-04-05T11:52:00,medium,18,timed_out,"{""column_name"": ""prior_auth_number"", ""model_name"": ""fct_referrals"", ""sample_values"": ""'a3f9\u2026', 'b71c\u2026'"", ""exposure_count"": 0}"
TAP000297,TRG000445,phi_column_classification,tactical,compliance.phi,2026-04,OBJ0081,fct_balances,fct_balances.claim_note_text_58,bkoval@northharbor.health,Boris Koval,Compliance,ic,codeowners,slack_dm,2026-04-20T09:32:00,2026-04-20T09:34:00,24,2026-04-21T09:34:00,low,1,answered,"{""column_name"": ""claim_note_text"", ""model_name"": ""fct_balances"", ""sample_values"": ""'Kaiser Foods LLC'"", ""exposure_count"": 2}"
TAP000298,TRG000446,phi_column_classification,tactical,compliance.phi,2026-04,OBJ0013,fct_encounters,fct_diagnoses.policy_number_29,vosei@northharbor.health,Vera Osei,Compliance,manager,codeowners,slack_dm,2026-04-23T10:07:00,2026-04-23T10:11:00,24,2026-04-24T10:11:00,low,1,answered,"{""column_name"": ""policy_number"", ""model_name"": ""fct_diagnoses"", ""sample_values"": ""'4871', '9920', '3364'"", ""exposure_count"": 0}"
TAP000299,TRG000447,phi_column_classification,tactical,compliance.phi,2026-04,OBJ0011,fct_service_lines,fct_diagnoses.employer_name_59,vosei@northharbor.health,Vera Osei,Compliance,manager,domains_yml,slack_dm,2026-04-28T11:22:00,2026-04-28T11:40:00,24,2026-04-29T11:40:00,low,4,answered,"{""column_name"": ""employer_name"", ""model_name"": ""fct_diagnoses"", ""sample_values"": ""'1993', '1978'"", ""exposure_count"": 0}"
TAP000300,TRG000448,phi_column_classification,tactical,compliance.phi,2026-04,OBJ0028,fct_referrals,fct_charges.mrn_alt_60,bkoval@northharbor.health,Boris Koval,Compliance,ic,codeowners,slack_dm,2026-04-17T11:11:00,2026-04-17T11:50:00,24,2026-04-18T11:50:00,low,0,timed_out,"{""column_name"": ""mrn_alt"", ""model_name"": ""fct_charges"", ""sample_values"": ""'a3f9\u2026', 'b71c\u2026'"", ""exposure_count"": 5}"
TAP000301,TRG000449,phi_column_classification,tactical,compliance.phi,2026-04,OBJ0091,stg_adjustments,fct_patients.geo_lat_rounded_55,rsantos@northharbor.health,Rita Santos,Compliance,manager,domains_yml,slack_dm,2026-04-12T08:45:00,2026-04-12T08:50:00,24,2026-04-13T08:50:00,low,3,expired,"{""column_name"": ""geo_lat_rounded"", ""model_name"": ""fct_patients"", ""sample_values"": ""'1993', '1978'"", ""exposure_count"": 0}"
TAP000302,TRG000450,phi_column_classification,tactical,compliance.phi,2026-04,OBJ0008,fct_eligibility,fct_discharges.guarantor_dob_61,bkoval@northharbor.health,Boris Koval,Compliance,ic,codeowners,slack_dm,2026-04-14T11:28:00,2026-04-14T11:52:00,24,2026-04-15T11:52:00,medium,15,timed_out,"{""column_name"": ""guarantor_dob"", ""model_name"": ""fct_discharges"", ""sample_values"": ""'4871', '9920', '3364'"", ""exposure_count"": 0}"
TAP000303,TRG000451,phi_column_classification,tactical,compliance.phi,2026-04,OBJ0152,waystar_claims,stg_departments.chart_note_excerpt_31,bkoval@northharbor.health,Boris Koval,Compliance,ic,codeowners,slack_dm,2026-04-20T07:32:00,2026-04-20T07:55:00,24,2026-04-21T07:55:00,low,9,answered,"{""column_name"": ""chart_note_excerpt"", ""model_name"": ""stg_departments"", ""sample_values"": ""'48226', '48201'"", ""exposure_count"": 0}"
TAP000304,TRG000452,phi_column_classification,tactical,compliance.phi,2026-04,OBJ0123,stg_legacy_extract_5,fct_facilities.subscriber_ssn_last4_62,rsantos@northharbor.health,Rita Santos,Compliance,manager,domains_yml,slack_dm,2026-04-19T16:08:00,2026-04-19T16:25:00,24,2026-04-20T16:25:00,low,4,answered,"{""column_name"": ""subscriber_ssn_last4"", ""model_name"": ""fct_facilities"", ""sample_values"": ""'Kaiser Foods LLC'"", ""exposure_count"": 1}"
TAP000305,TRG000453,phi_column_classification,tactical,compliance.phi,2026-04,OBJ0092,stg_remittances,fct_throughput.home_phone_e164_63,bkoval@northharbor.health,Boris Koval,Compliance,ic,codeowners,slack_dm,2026-04-20T12:22:00,2026-04-20T12:28:00,24,2026-04-21T12:28:00,medium,19,expired,"{""column_name"": ""home_phone_e164"", ""model_name"": ""fct_throughput"", ""sample_values"": ""'1993', '1978'"", ""exposure_count"": 1}"
TAP000306,TRG000454,phi_column_classification,tactical,compliance.phi,2026-04,OBJ0043,fct_encounters,fct_admissions.mrn_alt_40,bkoval@northharbor.health,Boris Koval,Compliance,ic,codeowners,slack_dm,2026-04-17T12:19:00,2026-04-17T12:51:00,24,2026-04-18T12:51:00,medium,11,timed_out,"{""column_name"": ""mrn_alt"", ""model_name"": ""fct_admissions"", ""sample_values"": ""'a3f9\u2026', 'b71c\u2026'"", ""exposure_count"": 0}"
TAP000307,TRG000455,phi_column_classification,tactical,compliance.phi,2026-04,OBJ0007,fct_facilities,fct_diagnoses.referring_npi_64,bkoval@northharbor.health,Boris Koval,Compliance,ic,codeowners,slack_dm,2026-04-18T15:33:00,2026-04-18T16:15:00,24,2026-04-19T16:15:00,low,1,answered,"{""column_name"": ""referring_npi"", ""model_name"": ""fct_diagnoses"", ""sample_values"": ""'1993', '1978'"", ""exposure_count"": 0}"
TAP000308,TRG000456,phi_column_classification,tactical,compliance.phi,2026-04,OBJ0138,hedis_bcs_compliance,fct_balances.geo_lat_rounded_35,rsantos@northharbor.health,Rita Santos,Compliance,manager,domains_yml,slack_dm,2026-04-15T12:22:00,2026-04-15T12:47:00,24,2026-04-16T12:47:00,high,31,answered,"{""column_name"": ""geo_lat_rounded"", ""model_name"": ""fct_balances"", ""sample_values"": ""'1993', '1978'"", ""exposure_count"": 1}"
TAP000309,TRG000457,phi_column_classification,tactical,compliance.phi,2026-04,OBJ0004,fct_writeoffs,stg_legacy_extract_6.patient_email_hash_65,rsantos@northharbor.health,Rita Santos,Compliance,manager,domains_yml,slack_dm,2026-04-25T08:00:00,2026-04-25T08:55:00,24,2026-04-26T08:55:00,low,0,answered,"{""column_name"": ""patient_email_hash"", ""model_name"": ""stg_legacy_extract_6"", ""sample_values"": ""'4871', '9920', '3364'"", ""exposure_count"": 0}"
TAP000310,TRG000458,phi_column_classification,tactical,compliance.phi,2026-04,OBJ0044,fct_appointments,stg_appointments.zip_plus_four_66,bkoval@northharbor.health,Boris Koval,Compliance,ic,domains_yml,slack_dm,2026-04-03T09:15:00,2026-04-03T09:21:00,24,2026-04-04T09:21:00,low,0,answered,"{""column_name"": ""zip_plus_four"", ""model_name"": ""stg_appointments"", ""sample_values"": ""'4871', '9920', '3364'"", ""exposure_count"": 5}"
TAP000311,TRG000459,phi_column_classification,tactical,compliance.phi,2026-04,OBJ0029,fct_numerators,fct_charges.home_phone_e164_3,bkoval@northharbor.health,Boris Koval,Compliance,ic,codeowners,slack_dm,2026-04-28T14:55:00,2026-04-28T15:28:00,24,2026-04-29T15:28:00,low,4,answered,"{""column_name"": ""home_phone_e164"", ""model_name"": ""fct_charges"", ""sample_values"": ""'1993', '1978'"", ""exposure_count"": 5}"
TAP000312,TRG000460,phi_column_classification,tactical,compliance.phi,2026-04,OBJ0028,fct_referrals,stg_legacy_extract_5.referring_npi_44,bkoval@northharbor.health,Boris Koval,Compliance,ic,codeowners,slack_dm,2026-04-04T13:21:00,2026-04-04T13:38:00,24,2026-04-05T13:38:00,low,0,answered,"{""column_name"": ""referring_npi"", ""model_name"": ""stg_legacy_extract_5"", ""sample_values"": ""'4871', '9920', '3364'"", ""exposure_count"": 0}"
TAP000313,TRG000461,phi_column_classification,tactical,compliance.phi,2026-04,OBJ0125,stg_legacy_extract_7,stg_census.member_id_raw_67,bkoval@northharbor.health,Boris Koval,Compliance,ic,domains_yml,slack_dm,2026-04-09T11:14:00,2026-04-09T12:05:00,24,2026-04-10T12:05:00,low,0,timed_out,"{""column_name"": ""member_id_raw"", ""model_name"": ""stg_census"", ""sample_values"": ""'48226', '48201'"", ""exposure_count"": 0}"
TAP000314,TRG000462,phi_column_classification,tactical,compliance.phi,2026-04,OBJ0027,fct_admissions,fct_patients.emergency_contact_name_68,bkoval@northharbor.health,Boris Koval,Compliance,ic,codeowners,slack_dm,2026-04-04T09:13:00,2026-04-04T09:44:00,24,2026-04-05T09:44:00,low,1,answered,"{""column_name"": ""emergency_contact_name"", ""model_name"": ""fct_patients"", ""sample_values"": ""'4871', '9920', '3364'"", ""exposure_count"": 1}"
TAP000315,TRG000463,phi_column_classification,tactical,compliance.phi,2026-04,OBJ0135,ed_left_without_being_seen,fct_admissions.policy_number_69,rsantos@northharbor.health,Rita Santos,Compliance,manager,domains_yml,slack_dm,2026-04-13T15:28:00,2026-04-13T16:03:00,24,2026-04-14T16:03:00,high,31,answered,"{""column_name"": ""policy_number"", ""model_name"": ""fct_admissions"", ""sample_values"": ""'4871', '9920', '3364'"", ""exposure_count"": 0}"
TAP000316,TRG000464,phi_column_classification,tactical,compliance.phi,2026-04,OBJ0050,fct_census,fct_referrals.policy_number_9,bkoval@northharbor.health,Boris Koval,Compliance,ic,codeowners,slack_dm,2026-04-15T09:08:00,2026-04-15T09:30:00,24,2026-04-16T09:30:00,low,3,answered,"{""column_name"": ""policy_number"", ""model_name"": ""fct_referrals"", ""sample_values"": ""'Kaiser Foods LLC'"", ""exposure_count"": 0}"
TAP000317,TRG000465,phi_column_classification,tactical,compliance.phi,2026-04,OBJ0107,stg_aging,fct_measures.device_serial_70,vosei@northharbor.health,Vera Osei,Compliance,manager,codeowners,slack_dm,2026-04-30T14:38:00,2026-04-30T14:56:00,24,2026-05-01T14:56:00,low,3,timed_out,"{""column_name"": ""device_serial"", ""model_name"": ""fct_measures"", ""sample_values"": ""'(313) 555-0148'"", ""exposure_count"": 0}"
TAP000318,TRG000466,phi_column_classification,tactical,compliance.phi,2026-04,OBJ0105,stg_authorizations,stg_patients.chart_note_excerpt_71,bkoval@northharbor.health,Boris Koval,Compliance,ic,domains_yml,slack_dm,2026-04-06T10:37:00,2026-04-06T11:19:00,24,2026-04-07T11:19:00,high,34,answered,"{""column_name"": ""chart_note_excerpt"", ""model_name"": ""stg_patients"", ""sample_values"": ""'(313) 555-0148'"", ""exposure_count"": 3}"
TAP000319,TRG000467,phi_column_classification,tactical,compliance.phi,2026-04,OBJ0069,fct_providers,fct_providers.insurance_group_id_72,bkoval@northharbor.health,Boris Koval,Compliance,ic,codeowners,slack_dm,2026-04-18T09:34:00,2026-04-18T10:17:00,24,2026-04-19T10:17:00,high,34,answered,"{""column_name"": ""insurance_group_id"", ""model_name"": ""fct_providers"", ""sample_values"": ""'a3f9\u2026', 'b71c\u2026'"", ""exposure_count"": 5}"
TAP000320,TRG000468,phi_column_classification,tactical,compliance.phi,2026-04,OBJ0076,fct_measures,stg_procedures.legal_guardian_name_73,bkoval@northharbor.health,Boris Koval,Compliance,ic,domains_yml,slack_dm,2026-04-09T08:02:00,2026-04-09T08:37:00,24,2026-04-10T08:37:00,low,6,answered,"{""column_name"": ""legal_guardian_name"", ""model_name"": ""stg_procedures"", ""sample_values"": ""'a3f9\u2026', 'b71c\u2026'"", ""exposure_count"": 3}"
TAP000321,TRG000470,phi_column_classification,tactical,compliance.phi,2026-04,OBJ0160,labcorp_results,fct_patients.geo_lat_rounded_75,bkoval@northharbor.health,Boris Koval,Compliance,ic,codeowners,slack_dm,2026-04-28T10:30:00,2026-04-28T10:42:00,24,2026-04-29T10:42:00,medium,21,answered,"{""column_name"": ""geo_lat_rounded"", ""model_name"": ""fct_patients"", ""sample_values"": ""'48226', '48201'"", ""exposure_count"": 0}"
TAP000322,TRG000471,phi_column_classification,tactical,compliance.phi,2026-04,OBJ0156,lawson_gl,stg_legacy_extract_7.account_alias_16,vosei@northharbor.health,Vera Osei,Compliance,manager,codeowners,slack_dm,2026-04-02T16:30:00,2026-04-02T17:13:00,24,2026-04-03T17:13:00,medium,21,answered,"{""column_name"": ""account_alias"", ""model_name"": ""stg_legacy_extract_7"", ""sample_values"": ""'a3f9\u2026', 'b71c\u2026'"", ""exposure_count"": 0}"
TAP000323,TRG000472,phi_column_classification,tactical,compliance.phi,2026-04,OBJ0042,fct_exclusions,fct_encounters.account_alias_76,vosei@northharbor.health,Vera Osei,Compliance,manager,codeowners,slack_dm,2026-04-18T11:05:00,2026-04-18T11:26:00,24,2026-04-19T11:26:00,low,8,expired,"{""column_name"": ""account_alias"", ""model_name"": ""fct_encounters"", ""sample_values"": ""'Kaiser Foods LLC'"", ""exposure_count"": 1}"
TAP000324,TRG000473,phi_column_classification,tactical,compliance.phi,2026-04,OBJ0078,fct_denials,stg_legacy_extract_6.prior_auth_number_77,bkoval@northharbor.health,Boris Koval,Compliance,ic,domains_yml,slack_dm,2026-04-05T11:03:00,2026-04-05T11:56:00,24,2026-04-06T11:56:00,low,3,answered,"{""column_name"": ""prior_auth_number"", ""model_name"": ""stg_legacy_extract_6"", ""sample_values"": ""'a3f9\u2026', 'b71c\u2026'"", ""exposure_count"": 0}"
TAP000325,TRG000474,phi_column_classification,tactical,compliance.phi,2026-04,OBJ0116,stg_payers,fct_eligibility.claim_note_text_78,vosei@northharbor.health,Vera Osei,Compliance,manager,domains_yml,slack_dm,2026-04-11T12:47:00,2026-04-11T12:52:00,24,2026-04-12T12:52:00,low,0,answered,"{""column_name"": ""claim_note_text"", ""model_name"": ""fct_eligibility"", ""sample_values"": ""'48226', '48201'"", ""exposure_count"": 3}"
TAP000326,TRG000475,phi_column_classification,tactical,compliance.phi,2026-04,OBJ0075,fct_authorizations,fct_encounters.employer_name_79,rsantos@northharbor.health,Rita Santos,Compliance,manager,domains_yml,slack_dm,2026-04-05T09:56:00,2026-04-05T10:40:00,24,2026-04-06T10:40:00,high,34,answered,"{""column_name"": ""employer_name"", ""model_name"": ""fct_encounters"", ""sample_values"": ""'(313) 555-0148'"", ""exposure_count"": 1}"
TAP000327,TRG000476,phi_column_classification,tactical,compliance.phi,2026-04,OBJ0147,payer_mix_commercial,fct_exclusions.mrn_alt_80,bkoval@northharbor.health,Boris Koval,Compliance,ic,codeowners,slack_dm,2026-04-06T13:57:00,2026-04-06T14:12:00,24,2026-04-07T14:12:00,high,31,answered,"{""column_name"": ""mrn_alt"", ""model_name"": ""fct_exclusions"", ""sample_values"": ""'Kaiser Foods LLC'"", ""exposure_count"": 2}"
TAP000328,TRG000477,phi_column_classification,tactical,compliance.phi,2026-04,OBJ0109,stg_coverage,stg_facilities.guarantor_dob_81,bkoval@northharbor.health,Boris Koval,Compliance,ic,codeowners,slack_dm,2026-04-11T13:16:00,2026-04-11T13:45:00,24,2026-04-12T13:45:00,low,6,answered,"{""column_name"": ""guarantor_dob"", ""model_name"": ""stg_facilities"", ""sample_values"": ""'1993', '1978'"", ""exposure_count"": 2}"
TAP000329,TRG000478,phi_column_classification,tactical,compliance.phi,2026-04,OBJ0040,fct_discharges,fct_coverage.emergency_contact_name_48,bkoval@northharbor.health,Boris Koval,Compliance,ic,domains_yml,slack_dm,2026-04-21T15:20:00,2026-04-21T16:07:00,24,2026-04-22T16:07:00,low,8,deflected,"{""column_name"": ""emergency_contact_name"", ""model_name"": ""fct_coverage"", ""sample_values"": ""'Kaiser Foods LLC'"", ""exposure_count"": 0}"
TAP000330,TRG000479,phi_column_classification,tactical,compliance.phi,2026-04,OBJ0011,fct_service_lines,stg_exclusions.subscriber_ssn_last4_82,rsantos@northharbor.health,Rita Santos,Compliance,manager,codeowners,slack_dm,2026-04-23T10:13:00,2026-04-23T10:48:00,24,2026-04-24T10:48:00,low,4,answered,"{""column_name"": ""subscriber_ssn_last4"", ""model_name"": ""stg_exclusions"", ""sample_values"": ""'Kaiser Foods LLC'"", ""exposure_count"": 3}"
TAP000331,TRG000480,phi_column_classification,tactical,compliance.phi,2026-04,OBJ0069,fct_providers,fct_discharges.home_phone_e164_83,rsantos@northharbor.health,Rita Santos,Compliance,manager,codeowners,slack_dm,2026-04-20T11:54:00,2026-04-20T12:29:00,24,2026-04-21T12:29:00,high,34,answered,"{""column_name"": ""home_phone_e164"", ""model_name"": ""fct_discharges"", ""sample_values"": ""'4871', '9920', '3364'"", ""exposure_count"": 5}"
TAP000332,TRG000481,phi_column_classification,tactical,compliance.phi,2026-04,OBJ0144,charge_lag_days,fct_charges.referring_npi_84,bkoval@northharbor.health,Boris Koval,Compliance,ic,codeowners,slack_dm,2026-04-14T08:59:00,2026-04-14T09:13:00,24,2026-04-15T09:13:00,low,2,deflected,"{""column_name"": ""referring_npi"", ""model_name"": ""fct_charges"", ""sample_values"": ""'(313) 555-0148'"", ""exposure_count"": 5}"
TAP000333,TRG000482,phi_column_classification,tactical,compliance.phi,2026-04,OBJ0057,fct_admissions,fct_eligibility.patient_email_hash_85,vosei@northharbor.health,Vera Osei,Compliance,manager,codeowners,slack_dm,2026-04-26T09:48:00,2026-04-26T10:34:00,24,2026-04-27T10:34:00,low,4,answered,"{""column_name"": ""patient_email_hash"", ""model_name"": ""fct_eligibility"", ""sample_values"": ""'Kaiser Foods LLC'"", ""exposure_count"": 3}"
TAP000334,TRG000483,phi_column_classification,tactical,compliance.phi,2026-04,OBJ0032,fct_remittances,fct_patients.zip_plus_four_86,bkoval@northharbor.health,Boris Koval,Compliance,ic,domains_yml,slack_dm,2026-04-06T10:05:00,2026-04-06T10:31:00,24,2026-04-07T10:31:00,medium,11,answered,"{""column_name"": ""zip_plus_four"", ""model_name"": ""fct_patients"", ""sample_values"": ""'1993', '1978'"", ""exposure_count"": 0}"
TAP000335,TRG000484,phi_column_classification,tactical,compliance.phi,2026-04,OBJ0072,fct_exclusions,stg_measures.member_id_raw_87,bkoval@northharbor.health,Boris Koval,Compliance,ic,codeowners,slack_dm,2026-04-09T16:32:00,2026-04-09T17:00:00,24,2026-04-10T17:00:00,low,0,answered,"{""column_name"": ""member_id_raw"", ""model_name"": ""stg_measures"", ""sample_values"": ""'4871', '9920', '3364'"", ""exposure_count"": 5}"
TAP000336,TRG000485,phi_column_classification,tactical,compliance.phi,2026-04,OBJ0054,fct_departments,stg_legacy_extract_1.emergency_contact_name_88,bkoval@northharbor.health,Boris Koval,Compliance,ic,domains_yml,slack_dm,2026-04-23T12:45:00,2026-04-23T13:06:00,24,2026-04-24T13:06:00,medium,19,expired,"{""column_name"": ""emergency_contact_name"", ""model_name"": ""stg_legacy_extract_1"", ""sample_values"": ""'4871', '9920', '3364'"", ""exposure_count"": 0}"
TAP000337,TRG000486,phi_column_classification,tactical,compliance.phi,2026-04,OBJ0122,stg_legacy_extract_4,fct_remittances.policy_number_89,vosei@northharbor.health,Vera Osei,Compliance,manager,domains_yml,slack_dm,2026-04-30T08:55:00,2026-04-30T09:29:00,24,2026-05-01T09:29:00,low,0,answered,"{""column_name"": ""policy_number"", ""model_name"": ""fct_remittances"", ""sample_values"": ""'a3f9\u2026', 'b71c\u2026'"", ""exposure_count"": 1}"
TAP000338,TRG000487,phi_column_classification,tactical,compliance.phi,2026-04,OBJ0132,clean_claim_rate,stg_appointments.device_serial_90,bkoval@northharbor.health,Boris Koval,Compliance,ic,codeowners,slack_dm,2026-04-27T11:25:00,2026-04-27T11:56:00,24,2026-04-28T11:56:00,high,25,answered,"{""column_name"": ""device_serial"", ""model_name"": ""stg_appointments"", ""sample_values"": ""'4871', '9920', '3364'"", ""exposure_count"": 5}"
TAP000339,TRG000488,phi_column_classification,tactical,compliance.phi,2026-04,OBJ0129,days_in_ar,fct_denials.patient_email_hash_45,bkoval@northharbor.health,Boris Koval,Compliance,ic,domains_yml,slack_dm,2026-04-28T07:57:00,2026-04-28T08:22:00,24,2026-04-29T08:22:00,medium,12,answered,"{""column_name"": ""patient_email_hash"", ""model_name"": ""fct_denials"", ""sample_values"": ""'Kaiser Foods LLC'"", ""exposure_count"": 1}"
TAP000340,TRG000489,phi_column_classification,tactical,compliance.phi,2026-04,OBJ0147,payer_mix_commercial,fct_providers.chart_note_excerpt_91,rsantos@northharbor.health,Rita Santos,Compliance,manager,codeowners,slack_dm,2026-04-03T08:45:00,2026-04-03T09:33:00,24,2026-04-04T09:33:00,high,31,timed_out,"{""column_name"": ""chart_note_excerpt"", ""model_name"": ""fct_providers"", ""sample_values"": ""'4871', '9920', '3364'"", ""exposure_count"": 0}"
TAP000341,TRG000490,phi_column_classification,tactical,compliance.phi,2026-04,OBJ0013,fct_encounters,stg_diagnoses.insurance_group_id_92,bkoval@northharbor.health,Boris Koval,Compliance,ic,codeowners,slack_dm,2026-04-21T16:08:00,2026-04-21T16:31:00,24,2026-04-22T16:31:00,low,1,answered,"{""column_name"": ""insurance_group_id"", ""model_name"": ""stg_diagnoses"", ""sample_values"": ""'Kaiser Foods LLC'"", ""exposure_count"": 0}"
TAP000342,TRG000491,phi_column_classification,tactical,compliance.phi,2026-04,OBJ0123,stg_legacy_extract_5,fct_diagnoses.legal_guardian_name_93,bkoval@northharbor.health,Boris Koval,Compliance,ic,codeowners,slack_dm,2026-04-20T16:38:00,2026-04-20T17:32:00,24,2026-04-21T17:32:00,low,4,answered,"{""column_name"": ""legal_guardian_name"", ""model_name"": ""fct_diagnoses"", ""sample_values"": ""'4871', '9920', '3364'"", ""exposure_count"": 0}"
TAP000343,TRG000492,phi_column_classification,tactical,compliance.phi,2026-04,OBJ0098,stg_eligibility,fct_departments.dob_year_only_94,bkoval@northharbor.health,Boris Koval,Compliance,ic,codeowners,slack_dm,2026-04-18T10:41:00,2026-04-18T11:35:00,24,2026-04-19T11:35:00,high,34,answered,"{""column_name"": ""dob_year_only"", ""model_name"": ""fct_departments"", ""sample_values"": ""'4871', '9920', '3364'"", ""exposure_count"": 0}"
TAP000344,TRG000493,phi_column_classification,tactical,compliance.phi,2026-04,OBJ0103,stg_encounters,fct_facilities.geo_lat_rounded_95,vosei@northharbor.health,Vera Osei,Compliance,manager,codeowners,slack_dm,2026-04-10T07:20:00,2026-04-10T07:55:00,24,2026-04-11T07:55:00,low,3,timed_out,"{""column_name"": ""geo_lat_rounded"", ""model_name"": ""fct_facilities"", ""sample_values"": ""'Kaiser Foods LLC'"", ""exposure_count"": 1}"
TAP000345,TRG000494,phi_column_classification,tactical,compliance.phi,2026-04,OBJ0049,fct_coverage,stg_legacy_extract_4.account_alias_16,vosei@northharbor.health,Vera Osei,Compliance,manager,domains_yml,slack_dm,2026-04-04T11:44:00,2026-04-04T11:53:00,24,2026-04-05T11:53:00,high,34,answered,"{""column_name"": ""account_alias"", ""model_name"": ""stg_legacy_extract_4"", ""sample_values"": ""'Kaiser Foods LLC'"", ""exposure_count"": 0}"
TAP000346,TRG000495,phi_column_classification,tactical,compliance.phi,2026-04,OBJ0030,fct_claims,stg_cohorts.account_alias_96,rsantos@northharbor.health,Rita Santos,Compliance,manager,codeowners,slack_dm,2026-04-15T09:56:00,2026-04-15T10:21:00,24,2026-04-16T10:21:00,low,3,answered,"{""column_name"": ""account_alias"", ""model_name"": ""stg_cohorts"", ""sample_values"": ""'a3f9\u2026', 'b71c\u2026'"", ""exposure_count"": 1}"
TAP000347,TRG000496,phi_column_classification,tactical,compliance.phi,2026-04,OBJ0087,fct_admissions,fct_diagnoses.employer_name_79,vosei@northharbor.health,Vera Osei,Compliance,manager,codeowners,slack_dm,2026-04-07T13:11:00,2026-04-07T13:56:00,24,2026-04-08T13:56:00,low,3,answered,"{""column_name"": ""employer_name"", ""model_name"": ""fct_diagnoses"", ""sample_values"": ""'Kaiser Foods LLC'"", ""exposure_count"": 0}"
TAP000348,TRG000497,phi_column_classification,tactical,compliance.phi,2026-04,OBJ0114,stg_departments,fct_throughput.prior_auth_number_97,bkoval@northharbor.health,Boris Koval,Compliance,ic,codeowners,slack_dm,2026-04-10T15:05:00,2026-04-10T15:55:00,24,2026-04-11T15:55:00,low,0,answered,"{""column_name"": ""prior_auth_number"", ""model_name"": ""fct_throughput"", ""sample_values"": ""'(313) 555-0148'"", ""exposure_count"": 1}"
TAP000349,TRG000498,phi_column_classification,tactical,compliance.phi,2026-04,OBJ0118,stg_referrals,stg_census.claim_note_text_98,bkoval@northharbor.health,Boris Koval,Compliance,ic,codeowners,slack_dm,2026-04-03T15:52:00,2026-04-03T16:14:00,24,2026-04-04T16:14:00,low,0,deflected,"{""column_name"": ""claim_note_text"", ""model_name"": ""stg_census"", ""sample_values"": ""'(313) 555-0148'"", ""exposure_count"": 0}"
TAP000350,TRG000500,phi_column_classification,tactical,compliance.phi,2026-04,OBJ0030,fct_claims,fct_balances.mrn_alt_100,bkoval@northharbor.health,Boris Koval,Compliance,ic,domains_yml,slack_dm,2026-04-24T14:37:00,2026-04-24T15:02:00,24,2026-04-25T15:02:00,low,3,answered,"{""column_name"": ""mrn_alt"", ""model_name"": ""fct_balances"", ""sample_values"": ""'(313) 555-0148'"", ""exposure_count"": 1}"
TAP000351,TRG000501,phi_column_classification,tactical,compliance.phi,2026-04,OBJ0028,fct_referrals,fct_patients.legal_guardian_name_53,rsantos@northharbor.health,Rita Santos,Compliance,manager,codeowners,slack_dm,2026-04-12T14:55:00,2026-04-12T15:49:00,24,2026-04-13T15:49:00,low,0,answered,"{""column_name"": ""legal_guardian_name"", ""model_name"": ""fct_patients"", ""sample_values"": ""'Kaiser Foods LLC'"", ""exposure_count"": 1}"
TAP000352,TRG000502,phi_column_classification,tactical,compliance.phi,2026-04,OBJ0042,fct_exclusions,fct_charges.guarantor_dob_101,bkoval@northharbor.health,Boris Koval,Compliance,ic,domains_yml,slack_dm,2026-04-19T09:40:00,2026-04-19T10:11:00,24,2026-04-20T10:11:00,low,8,answered,"{""column_name"": ""guarantor_dob"", ""model_name"": ""fct_charges"", ""sample_values"": ""'a3f9\u2026', 'b71c\u2026'"", ""exposure_count"": 1}"
TAP000353,TRG000503,phi_column_classification,tactical,compliance.phi,2026-04,OBJ0101,stg_service_lines,fct_claims.subscriber_ssn_last4_102,vosei@northharbor.health,Vera Osei,Compliance,manager,domains_yml,slack_dm,2026-04-01T11:06:00,2026-04-01T11:49:00,24,2026-04-02T11:49:00,low,6,answered,"{""column_name"": ""subscriber_ssn_last4"", ""model_name"": ""fct_claims"", ""sample_values"": ""'a3f9\u2026', 'b71c\u2026'"", ""exposure_count"": 1}"
TAP000354,TRG000505,phi_column_classification,tactical,compliance.phi,2026-04,OBJ0061,fct_adjustments,fct_appointments.mrn_alt_40,bkoval@northharbor.health,Boris Koval,Compliance,ic,codeowners,slack_dm,2026-04-10T16:11:00,2026-04-10T16:36:00,24,2026-04-11T16:36:00,medium,11,timed_out,"{""column_name"": ""mrn_alt"", ""model_name"": ""fct_appointments"", ""sample_values"": ""'a3f9\u2026', 'b71c\u2026'"", ""exposure_count"": 0}"
TAP000355,TRG000506,phi_column_classification,tactical,compliance.phi,2026-04,OBJ0157,salesforce_referrals,fct_service_lines.referring_npi_104,bkoval@northharbor.health,Boris Koval,Compliance,ic,codeowners,slack_dm,2026-04-28T11:51:00,2026-04-28T12:41:00,24,2026-04-29T12:41:00,low,3,timed_out,"{""column_name"": ""referring_npi"", ""model_name"": ""fct_service_lines"", ""sample_values"": ""'(313) 555-0148'"", ""exposure_count"": 0}"
TAP000356,TRG000507,phi_column_classification,tactical,compliance.phi,2026-04,OBJ0109,stg_coverage,stg_legacy_extract_3.policy_number_89,bkoval@northharbor.health,Boris Koval,Compliance,ic,domains_yml,slack_dm,2026-04-11T08:15:00,2026-04-11T09:07:00,24,2026-04-12T09:07:00,low,6,answered,"{""column_name"": ""policy_number"", ""model_name"": ""stg_legacy_extract_3"", ""sample_values"": ""'Kaiser Foods LLC'"", ""exposure_count"": 0}"
TAP000357,TRG000508,phi_column_classification,tactical,compliance.phi,2026-04,OBJ0143,referral_conversion,fct_claims.patient_email_hash_105,rsantos@northharbor.health,Rita Santos,Compliance,manager,domains_yml,slack_dm,2026-04-14T13:53:00,2026-04-14T14:17:00,24,2026-04-15T14:17:00,low,4,answered,"{""column_name"": ""patient_email_hash"", ""model_name"": ""fct_claims"", ""sample_values"": ""'4871', '9920', '3364'"", ""exposure_count"": 1}"
TAP000358,TRG000509,phi_column_classification,tactical,compliance.phi,2026-04,OBJ0118,stg_referrals,fct_patients.zip_plus_four_106,bkoval@northharbor.health,Boris Koval,Compliance,ic,codeowners,slack_dm,2026-04-16T18:08:00,2026-04-16T18:21:00,24,2026-04-17T18:21:00,low,0,answered,"{""column_name"": ""zip_plus_four"", ""model_name"": ""fct_patients"", ""sample_values"": ""'Kaiser Foods LLC'"", ""exposure_count"": 1}"
TAP000359,TRG000510,phi_column_classification,tactical,compliance.phi,2026-04,OBJ0097,stg_facilities,stg_departments.member_id_raw_107,rsantos@northharbor.health,Rita Santos,Compliance,manager,codeowners,slack_dm,2026-04-20T14:32:00,2026-04-20T15:06:00,24,2026-04-21T15:06:00,low,3,answered,"{""column_name"": ""member_id_raw"", ""model_name"": ""stg_departments"", ""sample_values"": ""'a3f9\u2026', 'b71c\u2026'"", ""exposure_count"": 0}"
TAP000360,TRG000511,phi_column_classification,tactical,compliance.phi,2026-04,OBJ0127,gross_charges,fct_balances.emergency_contact_name_108,bkoval@northharbor.health,Boris Koval,Compliance,ic,codeowners,slack_dm,2026-04-15T13:01:00,2026-04-15T13:42:00,24,2026-04-16T13:42:00,medium,18,answered,"{""column_name"": ""emergency_contact_name"", ""model_name"": ""fct_balances"", ""sample_values"": ""'Kaiser Foods LLC'"", ""exposure_count"": 1}"
TAP000361,TRG000512,phi_column_classification,tactical,compliance.phi,2026-04,OBJ0001,fct_adjustments,fct_departments.policy_number_109,bkoval@northharbor.health,Boris Koval,Compliance,ic,codeowners,slack_dm,2026-04-18T10:20:00,2026-04-18T10:32:00,24,2026-04-19T10:32:00,low,2,answered,"{""column_name"": ""policy_number"", ""model_name"": ""fct_departments"", ""sample_values"": ""'4871', '9920', '3364'"", ""exposure_count"": 5}"
TAP000362,TRG000513,phi_column_classification,tactical,compliance.phi,2026-04,OBJ0094,stg_writeoffs,fct_eligibility.device_serial_110,bkoval@northharbor.health,Boris Koval,Compliance,ic,codeowners,slack_dm,2026-04-21T18:33:00,2026-04-21T18:39:00,24,2026-04-22T18:39:00,low,4,answered,"{""column_name"": ""device_serial"", ""model_name"": ""fct_eligibility"", ""sample_values"": ""'Kaiser Foods LLC'"", ""exposure_count"": 0}"
TAP000363,TRG000514,phi_column_classification,tactical,compliance.phi,2026-04,OBJ0148,encounters_per_provider_day,fct_payers.chart_note_excerpt_111,bkoval@northharbor.health,Boris Koval,Compliance,ic,codeowners,slack_dm,2026-04-10T09:49:00,2026-04-10T10:17:00,24,2026-04-11T10:17:00,high,31,answered,"{""column_name"": ""chart_note_excerpt"", ""model_name"": ""fct_payers"", ""sample_values"": ""'Kaiser Foods LLC'"", ""exposure_count"": 0}"
TAP000364,TRG000515,phi_column_classification,tactical,compliance.phi,2026-04,OBJ0041,fct_service_lines,fct_departments.insurance_group_id_112,bkoval@northharbor.health,Boris Koval,Compliance,ic,domains_yml,slack_dm,2026-04-30T14:48:00,2026-04-30T15:12:00,24,2026-05-01T15:12:00,medium,19,answered,"{""column_name"": ""insurance_group_id"", ""model_name"": ""fct_departments"", ""sample_values"": ""'(313) 555-0148'"", ""exposure_count"": 2}"
TAP000365,TRG000516,phi_column_classification,tactical,compliance.phi,2026-04,OBJ0021,fct_balances,stg_throughput.legal_guardian_name_113,bkoval@northharbor.health,Boris Koval,Compliance,ic,codeowners,slack_dm,2026-04-11T17:57:00,2026-04-11T18:18:00,24,2026-04-12T18:18:00,medium,11,timed_out,"{""column_name"": ""legal_guardian_name"", ""model_name"": ""stg_throughput"", ""sample_values"": ""'a3f9\u2026', 'b71c\u2026'"", ""exposure_count"": 1}"
TAP000366,TRG000517,phi_column_classification,tactical,compliance.phi,2026-04,OBJ0030,fct_claims,fct_authorizations.dob_year_only_114,rsantos@northharbor.health,Rita Santos,Compliance,manager,domains_yml,slack_dm,2026-04-11T15:53:00,2026-04-11T16:06:00,24,2026-04-12T16:06:00,low,3,answered,"{""column_name"": ""dob_year_only"", ""model_name"": ""fct_authorizations"", ""sample_values"": ""'a3f9\u2026', 'b71c\u2026'"", ""exposure_count"": 4}"
TAP000367,TRG000518,phi_column_classification,tactical,compliance.phi,2026-04,OBJ0024,fct_departments,fct_throughput.geo_lat_rounded_115,bkoval@northharbor.health,Boris Koval,Compliance,ic,codeowners,slack_dm,2026-04-11T13:39:00,2026-04-11T14:16:00,24,2026-04-12T14:16:00,high,26,answered,"{""column_name"": ""geo_lat_rounded"", ""model_name"": ""fct_throughput"", ""sample_values"": ""'48226', '48201'"", ""exposure_count"": 1}"
TAP000368,TRG000519,phi_column_classification,tactical,compliance.phi,2026-04,OBJ0081,fct_balances,fct_measures.account_alias_116,bkoval@northharbor.health,Boris Koval,Compliance,ic,codeowners,slack_dm,2026-04-20T17:08:00,2026-04-20T17:46:00,24,2026-04-21T17:46:00,low,1,deflected,"{""column_name"": ""account_alias"", ""model_name"": ""fct_measures"", ""sample_values"": ""'48226', '48201'"", ""exposure_count"": 0}"
TAP000369,TRG000520,phi_column_classification,tactical,compliance.phi,2026-04,OBJ0088,fct_referrals,fct_appointments.policy_number_29,bkoval@northharbor.health,Boris Koval,Compliance,ic,domains_yml,slack_dm,2026-04-11T12:05:00,2026-04-11T12:47:00,24,2026-04-12T12:47:00,low,1,answered,"{""column_name"": ""policy_number"", ""model_name"": ""fct_appointments"", ""sample_values"": ""'4871', '9920', '3364'"", ""exposure_count"": 0}"
TAP000370,TRG000521,phi_column_classification,tactical,compliance.phi,2026-04,OBJ0032,fct_remittances,fct_procedures.subscriber_ssn_last4_82,bkoval@northharbor.health,Boris Koval,Compliance,ic,codeowners,slack_dm,2026-04-19T10:03:00,2026-04-19T10:05:00,24,2026-04-20T10:05:00,medium,11,answered,"{""column_name"": ""subscriber_ssn_last4"", ""model_name"": ""fct_procedures"", ""sample_values"": ""'4871', '9920', '3364'"", ""exposure_count"": 1}"
TAP000371,TRG000522,revenue_definition_change,strategic,finance.revenue,2026-04,OBJ0127,gross_charges,net_patient_revenue|0,rmarsh@northharbor.health,Robert Marsh,Finance,cxo,domains_yml,email,2026-04-19T16:06:00,2026-04-20T02:05:00,24,2026-04-21T02:05:00,medium,18,answered,"{""metric_name"": ""net_patient_revenue"", ""actor"": ""Simone Whitaker"", ""change_summary"": ""excludes self-pay accounts from the numerator"", ""previous_definition_date"": ""2025-01-27"", ""branch"": ""feat/allowance-fix-302"", ""top_exposure"": ""Monthly Close Package""}"
TAP000372,TRG000529,revenue_definition_change,strategic,finance.revenue,2026-04,OBJ0020,fct_census,gross_charges|0,rmarsh@northharbor.health,Robert Marsh,Finance,cxo,domains_yml,email,2026-04-23T12:01:00,2026-04-23T23:33:00,24,2026-04-24T23:33:00,low,1,answered,"{""metric_name"": ""gross_charges"", ""actor"": ""Phong Tran"", ""change_summary"": ""includes 340B pharmacy revenue"", ""previous_definition_date"": ""2024-11-30"", ""branch"": ""feat/rev-recog-898"", ""top_exposure"": ""Board Pack Q2""}"
TAP000373,TRG000530,revenue_definition_change,strategic,finance.revenue,2026-04,OBJ0026,fct_payers,contractual_allowance|0,rmarsh@northharbor.health,Robert Marsh,Finance,cxo,domains_yml,email,2026-04-25T09:30:00,2026-04-25T12:21:00,24,2026-04-26T12:21:00,low,0,answered,"{""metric_name"": ""contractual_allowance"", ""actor"": ""Hana Yusuf"", ""change_summary"": ""switches from posted date to accrual date"", ""previous_definition_date"": ""2024-08-01"", ""branch"": ""feat/netting-891"", ""top_exposure"": ""Board Pack Q2""}"
TAP000374,TRG000532,revenue_definition_change,strategic,finance.revenue,2026-04,OBJ0005,fct_charges,days_in_ar|0,rmarsh@northharbor.health,Robert Marsh,Finance,cxo,domains_yml,email,2026-04-30T11:59:00,2026-04-30T22:05:00,24,2026-05-01T22:05:00,low,1,answered,"{""metric_name"": ""days_in_ar"", ""actor"": ""Marcus Keller"", ""change_summary"": ""moves contractual allowance recognition to the service date"", ""previous_definition_date"": ""2024-11-12"", ""branch"": ""feat/allowance-fix-675"", ""top_exposure"": ""Payer Mix Review""}"
TAP000375,TRG000533,revenue_definition_change,strategic,finance.revenue,2026-04,OBJ0128,contractual_allowance,denial_rate|0,rmarsh@northharbor.health,Robert Marsh,Finance,cxo,domains_yml,email,2026-04-05T08:14:00,2026-04-05T12:04:00,24,2026-04-06T12:04:00,low,6,answered,"{""metric_name"": ""denial_rate"", ""actor"": ""Elias Garrido"", ""change_summary"": ""excludes self-pay accounts from the numerator"", ""previous_definition_date"": ""2024-04-14"", ""branch"": ""feat/accrual-218"", ""top_exposure"": ""Board Pack Q2""}"
TAP000376,TRG000534,denial_reason_classification,tactical,rcm.denials,2026-05,OBJ0049,fct_coverage,UnitedHealthcare|CO-11,nabara@northharbor.health,Nkechi Abara,Revenue Cycle,ic,codeowners,slack_dm,2026-05-27T11:12:00,2026-05-27T11:19:00,8,2026-05-27T19:19:00,high,34,answered,"{""payer_name"": ""UnitedHealthcare"", ""payer_code"": ""CO-11"", ""claim_id"": ""CLM0703367"", ""claim_amount"": ""799"", ""service_date"": ""2026-05-12"", ""similar_count"": 65}"
TAP000377,TRG000536,denial_reason_classification,tactical,rcm.denials,2026-05,OBJ0040,fct_discharges,BCBS Michigan|CO-11,lbrennan@northharbor.health,Liam Brennan,Revenue Cycle,manager,domains_yml,slack_dm,2026-05-25T08:11:00,2026-05-25T08:12:00,8,2026-05-25T16:12:00,low,8,answered,"{""payer_name"": ""BCBS Michigan"", ""payer_code"": ""CO-11"", ""claim_id"": ""CLM0703404"", ""claim_amount"": ""3,927"", ""service_date"": ""2026-03-28"", ""similar_count"": 56}"
TAP000378,TRG000537,denial_reason_classification,tactical,rcm.denials,2026-05,OBJ0034,fct_writeoffs,Cigna|CO-11,thoffman@northharbor.health,Tobias Hoffman,Revenue Cycle,ic,domains_yml,slack_dm,2026-05-28T10:49:00,2026-05-28T11:03:00,8,2026-05-28T19:03:00,high,34,answered,"{""payer_name"": ""Cigna"", ""payer_code"": ""CO-11"", ""claim_id"": ""CLM0703441"", ""claim_amount"": ""6,863"", ""service_date"": ""2026-05-06"", ""similar_count"": 92}"
TAP000379,TRG000540,denial_reason_classification,tactical,rcm.denials,2026-05,OBJ0046,fct_measures,Humana|CO-11,nabara@northharbor.health,Nkechi Abara,Revenue Cycle,ic,codeowners,slack_dm,2026-05-01T16:58:00,2026-05-01T17:13:00,8,2026-05-02T01:13:00,low,3,answered,"{""payer_name"": ""Humana"", ""payer_code"": ""CO-11"", ""claim_id"": ""CLM0703478"", ""claim_amount"": ""22,424"", ""service_date"": ""2026-06-26"", ""similar_count"": 28}"
TAP000380,TRG000541,denial_reason_classification,tactical,rcm.denials,2026-05,OBJ0031,fct_adjustments,Medicare Part A|CO-11,thoffman@northharbor.health,Tobias Hoffman,Revenue Cycle,ic,codeowners,slack_dm,2026-05-05T09:36:00,2026-05-05T09:57:00,8,2026-05-05T17:57:00,low,2,answered,"{""payer_name"": ""Medicare Part A"", ""payer_code"": ""CO-11"", ""claim_id"": ""CLM0703515"", ""claim_amount"": ""260"", ""service_date"": ""2026-03-14"", ""similar_count"": 76}"
TAP000381,TRG000543,denial_reason_classification,tactical,rcm.denials,2026-05,OBJ0036,fct_diagnoses,Medicaid MI|CO-11,nabara@northharbor.health,Nkechi Abara,Revenue Cycle,ic,domains_yml,slack_dm,2026-05-07T15:31:00,2026-05-07T16:10:00,8,2026-05-08T00:10:00,low,0,answered,"{""payer_name"": ""Medicaid MI"", ""payer_code"": ""CO-11"", ""claim_id"": ""CLM0703552"", ""claim_amount"": ""8,869"", ""service_date"": ""2026-04-15"", ""similar_count"": 96}"
TAP000382,TRG000548,denial_reason_classification,tactical,rcm.denials,2026-05,OBJ0033,fct_throughput,Molina|CO-11,rpatel@northharbor.health,Rohan Patel,Revenue Cycle,ic,codeowners,slack_dm,2026-05-17T17:04:00,2026-05-17T17:51:00,8,2026-05-18T01:51:00,low,1,timed_out,"{""payer_name"": ""Molina"", ""payer_code"": ""CO-11"", ""claim_id"": ""CLM0703626"", ""claim_amount"": ""30,585"", ""service_date"": ""2026-01-25"", ""similar_count"": 68}"
TAP000383,TRG000550,denial_reason_classification,tactical,rcm.denials,2026-05,OBJ0041,fct_service_lines,Aetna|OA-23,lbrennan@northharbor.health,Liam Brennan,Revenue Cycle,manager,codeowners,slack_dm,2026-05-29T09:20:00,2026-05-29T09:35:00,8,2026-05-29T17:35:00,medium,19,timed_out,"{""payer_name"": ""Aetna"", ""payer_code"": ""OA-23"", ""claim_id"": ""CLM0703700"", ""claim_amount"": ""24,921"", ""service_date"": ""2026-01-31"", ""similar_count"": 68}"
TAP000384,TRG000551,denial_reason_classification,tactical,rcm.denials,2026-05,OBJ0034,fct_writeoffs,UnitedHealthcare|OA-23,kobrien@northharbor.health,Kate O'Brien,Revenue Cycle,ic,codeowners,slack_dm,2026-05-30T11:15:00,2026-05-30T12:10:00,8,2026-05-30T20:10:00,high,34,expired,"{""payer_name"": ""UnitedHealthcare"", ""payer_code"": ""OA-23"", ""claim_id"": ""CLM0703737"", ""claim_amount"": ""5,257"", ""service_date"": ""2026-02-04"", ""similar_count"": 32}"
TAP000385,TRG000553,denial_reason_classification,tactical,rcm.denials,2026-05,OBJ0046,fct_measures,BCBS Michigan|OA-23,mdiallo@northharbor.health,Mariam Diallo,Revenue Cycle,ic,codeowners,slack_dm,2026-05-26T15:35:00,2026-05-26T15:51:00,8,2026-05-26T23:51:00,low,3,answered,"{""payer_name"": ""BCBS Michigan"", ""payer_code"": ""OA-23"", ""claim_id"": ""CLM0703774"", ""claim_amount"": ""25,836"", ""service_date"": ""2026-02-18"", ""similar_count"": 36}"
TAP000386,TRG000554,denial_reason_classification,tactical,rcm.denials,2026-05,OBJ0043,fct_encounters,Cigna|OA-23,mdiallo@northharbor.health,Mariam Diallo,Revenue Cycle,ic,codeowners,slack_dm,2026-05-11T12:46:00,2026-05-11T13:04:00,8,2026-05-11T21:04:00,medium,11,answered,"{""payer_name"": ""Cigna"", ""payer_code"": ""OA-23"", ""claim_id"": ""CLM0703811"", ""claim_amount"": ""11,488"", ""service_date"": ""2026-04-10"", ""similar_count"": 91}"
TAP000387,TRG000555,denial_reason_classification,tactical,rcm.denials,2026-05,OBJ0052,fct_patients,Humana|OA-23,lbrennan@northharbor.health,Liam Brennan,Revenue Cycle,manager,codeowners,slack_dm,2026-05-02T14:24:00,2026-05-02T15:18:00,8,2026-05-02T23:18:00,medium,11,answered,"{""payer_name"": ""Humana"", ""payer_code"": ""OA-23"", ""claim_id"": ""CLM0703848"", ""claim_amount"": ""22,048"", ""service_date"": ""2026-04-06"", ""similar_count"": 12}"
TAP000388,TRG000556,encounter_type_mapping,tactical,clinical.encounters,2026-05,OBJ0072,fct_exclusions,VT-451,iharlow@northharbor.health,Ines Harlow,Clinical Operations,ic,domains_yml,slack_dm,2026-05-27T14:25:00,2026-05-27T14:52:00,12,2026-05-28T02:52:00,low,0,timed_out,"{""visit_type_code"": ""VT-451"", ""visit_type_label"": ""Retail clinic visit"", ""source_system"": ""waystar_claims"", ""record_count"": 641, ""first_seen_date"": ""2026-07-14""}"
TAP000389,TRG000558,encounter_type_mapping,tactical,clinical.encounters,2026-05,OBJ0062,fct_remittances,VT-464,apereira@northharbor.health,Ana Pereira,Clinical Operations,ic,codeowners,slack_dm,2026-05-16T14:18:00,2026-05-16T14:20:00,12,2026-05-17T02:20:00,medium,11,deflected,"{""visit_type_code"": ""VT-464"", ""visit_type_label"": ""Occupational health screen"", ""source_system"": ""redox_hl7"", ""record_count"": 610, ""first_seen_date"": ""2026-03-16""}"
TAP000390,TRG000561,encounter_type_mapping,tactical,clinical.encounters,2026-05,OBJ0054,fct_departments,VT-477,iharlow@northharbor.health,Ines Harlow,Clinical Operations,ic,domains_yml,slack_dm,2026-05-16T12:08:00,2026-05-16T12:56:00,12,2026-05-17T00:56:00,medium,19,answered,"{""visit_type_code"": ""VT-477"", ""visit_type_label"": ""Palliative consult"", ""source_system"": ""labcorp_results"", ""record_count"": 310, ""first_seen_date"": ""2026-04-23""}"
TAP000391,TRG000562,encounter_type_mapping,tactical,clinical.encounters,2026-05,OBJ0062,fct_remittances,VT-490,dschultz@northharbor.health,Dana Schultz,Clinical Operations,ic,codeowners,slack_dm,2026-05-16T16:56:00,2026-05-16T17:24:00,12,2026-05-17T05:24:00,medium,11,answered,"{""visit_type_code"": ""VT-490"", ""visit_type_label"": ""Virtual urgent care"", ""source_system"": ""epic_clarity"", ""record_count"": 341, ""first_seen_date"": ""2026-05-21""}"
TAP000392,TRG000563,encounter_type_mapping,tactical,clinical.encounters,2026-05,OBJ0063,fct_throughput,VT-503,apereira@northharbor.health,Ana Pereira,Clinical Operations,ic,codeowners,slack_dm,2026-05-04T14:15:00,2026-05-04T14:29:00,12,2026-05-05T02:29:00,low,6,answered,"{""visit_type_code"": ""VT-503"", ""visit_type_label"": ""Post-op telephonic follow-up"", ""source_system"": ""epic_caboodle"", ""record_count"": 451, ""first_seen_date"": ""2026-06-02""}"
TAP000393,TRG000564,phi_column_classification,tactical,compliance.phi,2026-05,OBJ0107,stg_aging,fct_diagnoses.prior_auth_number_117,bkoval@northharbor.health,Boris Koval,Compliance,ic,codeowners,slack_dm,2026-05-03T14:53:00,2026-05-03T15:08:00,24,2026-05-04T15:08:00,low,3,answered,"{""column_name"": ""prior_auth_number"", ""model_name"": ""fct_diagnoses"", ""sample_values"": ""'1993', '1978'"", ""exposure_count"": 0}"
TAP000394,TRG000566,phi_column_classification,tactical,compliance.phi,2026-05,OBJ0123,stg_legacy_extract_5,stg_diagnoses.mrn_alt_80,rsantos@northharbor.health,Rita Santos,Compliance,manager,domains_yml,slack_dm,2026-05-02T18:23:00,2026-05-02T18:36:00,24,2026-05-03T18:36:00,low,4,timed_out,"{""column_name"": ""mrn_alt"", ""model_name"": ""stg_diagnoses"", ""sample_values"": ""'48226', '48201'"", ""exposure_count"": 0}"
TAP000395,TRG000567,phi_column_classification,tactical,compliance.phi,2026-05,OBJ0074,fct_appointments,fct_denials.insurance_group_id_52,rsantos@northharbor.health,Rita Santos,Compliance,manager,codeowners,slack_dm,2026-05-24T15:07:00,2026-05-24T15:29:00,24,2026-05-25T15:29:00,medium,15,answered,"{""column_name"": ""insurance_group_id"", ""model_name"": ""fct_denials"", ""sample_values"": ""'a3f9\u2026', 'b71c\u2026'"", ""exposure_count"": 1}"
TAP000396,TRG000568,phi_column_classification,tactical,compliance.phi,2026-05,OBJ0094,stg_writeoffs,fct_adjustments.emergency_contact_name_68,bkoval@northharbor.health,Boris Koval,Compliance,ic,domains_yml,slack_dm,2026-05-24T18:52:00,2026-05-24T19:34:00,24,2026-05-25T19:34:00,low,4,deflected,"{""column_name"": ""emergency_contact_name"", ""model_name"": ""fct_adjustments"", ""sample_values"": ""'1993', '1978'"", ""exposure_count"": 3}"
TAP000397,TRG000569,phi_column_classification,tactical,compliance.phi,2026-05,OBJ0014,fct_appointments,stg_aging.claim_note_text_118,bkoval@northharbor.health,Boris Koval,Compliance,ic,codeowners,slack_dm,2026-05-26T11:51:00,2026-05-26T12:11:00,24,2026-05-27T12:11:00,low,6,answered,"{""column_name"": ""claim_note_text"", ""model_name"": ""stg_aging"", ""sample_values"": ""'48226', '48201'"", ""exposure_count"": 1}"
TAP000398,TRG000570,phi_column_classification,tactical,compliance.phi,2026-05,OBJ0108,stg_denials,fct_providers.patient_email_hash_45,bkoval@northharbor.health,Boris Koval,Compliance,ic,codeowners,slack_dm,2026-05-29T08:55:00,2026-05-29T09:50:00,24,2026-05-30T09:50:00,low,6,answered,"{""column_name"": ""patient_email_hash"", ""model_name"": ""fct_providers"", ""sample_values"": ""'4871', '9920', '3364'"", ""exposure_count"": 5}"
TAP000399,TRG000571,phi_column_classification,tactical,compliance.phi,2026-05,OBJ0065,fct_charges,fct_diagnoses.employer_name_119,bkoval@northharbor.health,Boris Koval,Compliance,ic,codeowners,slack_dm,2026-05-21T16:25:00,2026-05-21T16:28:00,24,2026-05-22T16:28:00,low,4,answered,"{""column_name"": ""employer_name"", ""model_name"": ""fct_diagnoses"", ""sample_values"": ""'4871', '9920', '3364'"", ""exposure_count"": 0}"
TAP000400,TRG000572,phi_column_classification,tactical,compliance.phi,2026-05,OBJ0073,fct_encounters,stg_measures.mrn_alt_120,bkoval@northharbor.health,Boris Koval,Compliance,ic,domains_yml,slack_dm,2026-05-08T11:34:00,2026-05-08T11:54:00,24,2026-05-09T11:54:00,medium,15,answered,"{""column_name"": ""mrn_alt"", ""model_name"": ""stg_measures"", ""sample_values"": ""'a3f9\u2026', 'b71c\u2026'"", ""exposure_count"": 5}"
TAP000401,TRG000573,phi_column_classification,tactical,compliance.phi,2026-05,OBJ0082,fct_patients,stg_legacy_extract_5.guarantor_dob_121,bkoval@northharbor.health,Boris Koval,Compliance,ic,domains_yml,slack_dm,2026-05-18T12:17:00,2026-05-18T12:43:00,24,2026-05-19T12:43:00,medium,19,timed_out,"{""column_name"": ""guarantor_dob"", ""model_name"": ""stg_legacy_extract_5"", ""sample_values"": ""'1993', '1978'"", ""exposure_count"": 0}"
TAP000402,TRG000574,phi_column_classification,tactical,compliance.phi,2026-05,OBJ0004,fct_writeoffs,stg_departments.subscriber_ssn_last4_122,bkoval@northharbor.health,Boris Koval,Compliance,ic,codeowners,slack_dm,2026-05-22T16:06:00,2026-05-22T16:56:00,24,2026-05-23T16:56:00,low,0,timed_out,"{""column_name"": ""subscriber_ssn_last4"", ""model_name"": ""stg_departments"", ""sample_values"": ""'Kaiser Foods LLC'"", ""exposure_count"": 0}"
TAP000403,TRG000575,phi_column_classification,tactical,compliance.phi,2026-05,OBJ0101,stg_service_lines,fct_service_lines.home_phone_e164_123,bkoval@northharbor.health,Boris Koval,Compliance,ic,codeowners,slack_dm,2026-05-13T08:02:00,2026-05-13T08:23:00,24,2026-05-14T08:23:00,low,6,answered,"{""column_name"": ""home_phone_e164"", ""model_name"": ""fct_service_lines"", ""sample_values"": ""'48226', '48201'"", ""exposure_count"": 1}"
TAP000404,TRG000576,phi_column_classification,tactical,compliance.phi,2026-05,OBJ0034,fct_writeoffs,fct_admissions.member_id_raw_47,rsantos@northharbor.health,Rita Santos,Compliance,manager,codeowners,slack_dm,2026-05-19T07:48:00,2026-05-19T08:43:00,24,2026-05-20T08:43:00,high,34,timed_out,"{""column_name"": ""member_id_raw"", ""model_name"": ""fct_admissions"", ""sample_values"": ""'4871', '9920', '3364'"", ""exposure_count"": 4}"
TAP000405,TRG000577,phi_column_classification,tactical,compliance.phi,2026-05,OBJ0100,stg_discharges,fct_providers.employer_name_59,bkoval@northharbor.health,Boris Koval,Compliance,ic,codeowners,slack_dm,2026-05-28T08:24:00,2026-05-28T08:54:00,24,2026-05-29T08:54:00,low,4,answered,"{""column_name"": ""employer_name"", ""model_name"": ""fct_providers"", ""sample_values"": ""'(313) 555-0148'"", ""exposure_count"": 0}"
TAP000406,TRG000578,phi_column_classification,tactical,compliance.phi,2026-05,OBJ0137,bed_occupancy_rate,fct_admissions.referring_npi_124,bkoval@northharbor.health,Boris Koval,Compliance,ic,domains_yml,slack_dm,2026-05-08T15:46:00,2026-05-08T16:19:00,24,2026-05-09T16:19:00,low,4,answered,"{""column_name"": ""referring_npi"", ""model_name"": ""fct_admissions"", ""sample_values"": ""'(313) 555-0148'"", ""exposure_count"": 0}"
TAP000407,TRG000579,phi_column_classification,tactical,compliance.phi,2026-05,OBJ0061,fct_adjustments,fct_discharges.patient_email_hash_125,bkoval@northharbor.health,Boris Koval,Compliance,ic,codeowners,slack_dm,2026-05-20T16:55:00,2026-05-20T17:43:00,24,2026-05-21T17:43:00,medium,11,answered,"{""column_name"": ""patient_email_hash"", ""model_name"": ""fct_discharges"", ""sample_values"": ""'Kaiser Foods LLC'"", ""exposure_count"": 0}"
TAP000408,TRG000580,phi_column_classification,tactical,compliance.phi,2026-05,OBJ0027,fct_admissions,fct_numerators.zip_plus_four_126,rsantos@northharbor.health,Rita Santos,Compliance,manager,codeowners,slack_dm,2026-05-18T13:50:00,2026-05-18T14:34:00,24,2026-05-19T14:34:00,low,1,timed_out,"{""column_name"": ""zip_plus_four"", ""model_name"": ""fct_numerators"", ""sample_values"": ""'1993', '1978'"", ""exposure_count"": 0}"
TAP000409,TRG000581,phi_column_classification,tactical,compliance.phi,2026-05,OBJ0105,stg_authorizations,fct_writeoffs.dob_year_only_34,bkoval@northharbor.health,Boris Koval,Compliance,ic,codeowners,slack_dm,2026-05-23T10:07:00,2026-05-23T10:45:00,24,2026-05-24T10:45:00,high,34,answered,"{""column_name"": ""dob_year_only"", ""model_name"": ""fct_writeoffs"", ""sample_values"": ""'48226', '48201'"", ""exposure_count"": 1}"
TAP000410,TRG000582,phi_column_classification,tactical,compliance.phi,2026-05,OBJ0103,stg_encounters,fct_adjustments.mrn_alt_80,vosei@northharbor.health,Vera Osei,Compliance,manager,codeowners,slack_dm,2026-05-22T16:52:00,2026-05-22T17:39:00,24,2026-05-23T17:39:00,low,3,answered,"{""column_name"": ""mrn_alt"", ""model_name"": ""fct_adjustments"", ""sample_values"": ""'1993', '1978'"", ""exposure_count"": 3}"
TAP000411,TRG000583,phi_column_classification,tactical,compliance.phi,2026-05,OBJ0030,fct_claims,stg_payers.member_id_raw_127,rsantos@northharbor.health,Rita Santos,Compliance,manager,codeowners,slack_dm,2026-05-25T09:49:00,2026-05-25T10:11:00,24,2026-05-26T10:11:00,low,3,timed_out,"{""column_name"": ""member_id_raw"", ""model_name"": ""stg_payers"", ""sample_values"": ""'a3f9\u2026', 'b71c\u2026'"", ""exposure_count"": 0}"
TAP000412,TRG000584,phi_column_classification,tactical,compliance.phi,2026-05,OBJ0063,fct_throughput,stg_payers.device_serial_10,bkoval@northharbor.health,Boris Koval,Compliance,ic,codeowners,slack_dm,2026-05-13T08:55:00,2026-05-13T09:23:00,24,2026-05-14T09:23:00,low,6,deflected,"{""column_name"": ""device_serial"", ""model_name"": ""stg_payers"", ""sample_values"": ""'a3f9\u2026', 'b71c\u2026'"", ""exposure_count"": 0}"
TAP000413,TRG000585,phi_column_classification,tactical,compliance.phi,2026-05,OBJ0138,hedis_bcs_compliance,fct_encounters.emergency_contact_name_128,bkoval@northharbor.health,Boris Koval,Compliance,ic,codeowners,slack_dm,2026-05-24T10:11:00,2026-05-24T10:36:00,24,2026-05-25T10:36:00,high,31,answered,"{""column_name"": ""emergency_contact_name"", ""model_name"": ""fct_encounters"", ""sample_values"": ""'48226', '48201'"", ""exposure_count"": 1}"
TAP000414,TRG000586,phi_column_classification,tactical,compliance.phi,2026-05,OBJ0148,encounters_per_provider_day,fct_referrals.policy_number_129,bkoval@northharbor.health,Boris Koval,Compliance,ic,domains_yml,slack_dm,2026-05-23T13:04:00,2026-05-23T13:12:00,24,2026-05-24T13:12:00,high,31,answered,"{""column_name"": ""policy_number"", ""model_name"": ""fct_referrals"", ""sample_values"": ""'(313) 555-0148'"", ""exposure_count"": 1}"
TAP000415,TRG000587,phi_column_classification,tactical,compliance.phi,2026-05,OBJ0034,fct_writeoffs,fct_discharges.emergency_contact_name_88,vosei@northharbor.health,Vera Osei,Compliance,manager,codeowners,slack_dm,2026-05-21T12:00:00,2026-05-21T12:10:00,24,2026-05-22T12:10:00,high,34,answered,"{""column_name"": ""emergency_contact_name"", ""model_name"": ""fct_discharges"", ""sample_values"": ""'a3f9\u2026', 'b71c\u2026'"", ""exposure_count"": 5}"
TAP000416,TRG000588,phi_column_classification,tactical,compliance.phi,2026-05,OBJ0159,redox_hl7,fct_remittances.device_serial_130,bkoval@northharbor.health,Boris Koval,Compliance,ic,codeowners,slack_dm,2026-05-13T12:14:00,2026-05-13T12:31:00,24,2026-05-14T12:31:00,low,3,answered,"{""column_name"": ""device_serial"", ""model_name"": ""fct_remittances"", ""sample_values"": ""'4871', '9920', '3364'"", ""exposure_count"": 1}"
TAP000417,TRG000589,phi_column_classification,tactical,compliance.phi,2026-05,OBJ0139,hedis_cbp_compliance,fct_authorizations.legal_guardian_name_13,bkoval@northharbor.health,Boris Koval,Compliance,ic,domains_yml,slack_dm,2026-05-29T15:55:00,2026-05-29T16:26:00,24,2026-05-30T16:26:00,high,31,answered,"{""column_name"": ""legal_guardian_name"", ""model_name"": ""fct_authorizations"", ""sample_values"": ""'(313) 555-0148'"", ""exposure_count"": 2}"
TAP000418,TRG000590,phi_column_classification,tactical,compliance.phi,2026-05,OBJ0034,fct_writeoffs,fct_facilities.chart_note_excerpt_131,vosei@northharbor.health,Vera Osei,Compliance,manager,codeowners,slack_dm,2026-05-05T16:56:00,2026-05-05T17:43:00,24,2026-05-06T17:43:00,high,34,answered,"{""column_name"": ""chart_note_excerpt"", ""model_name"": ""fct_facilities"", ""sample_values"": ""'1993', '1978'"", ""exposure_count"": 1}"
TAP000419,TRG000591,phi_column_classification,tactical,compliance.phi,2026-05,OBJ0010,fct_discharges,fct_discharges.insurance_group_id_132,bkoval@northharbor.health,Boris Koval,Compliance,ic,codeowners,slack_dm,2026-05-27T10:43:00,2026-05-27T10:48:00,24,2026-05-28T10:48:00,medium,11,timed_out,"{""column_name"": ""insurance_group_id"", ""model_name"": ""fct_discharges"", ""sample_values"": ""'4871', '9920', '3364'"", ""exposure_count"": 5}"
TAP000420,TRG000592,phi_column_classification,tactical,compliance.phi,2026-05,OBJ0113,stg_procedures,fct_claims.legal_guardian_name_133,bkoval@northharbor.health,Boris Koval,Compliance,ic,codeowners,slack_dm,2026-05-07T16:46:00,2026-05-07T16:58:00,24,2026-05-08T16:58:00,low,4,answered,"{""column_name"": ""legal_guardian_name"", ""model_name"": ""fct_claims"", ""sample_values"": ""'(313) 555-0148'"", ""exposure_count"": 0}"
TAP000421,TRG000593,phi_column_classification,tactical,compliance.phi,2026-05,OBJ0056,fct_payers,fct_payers.dob_year_only_134,rsantos@northharbor.health,Rita Santos,Compliance,manager,domains_yml,slack_dm,2026-05-27T12:25:00,2026-05-27T13:03:00,24,2026-05-28T13:03:00,low,6,answered,"{""column_name"": ""dob_year_only"", ""model_name"": ""fct_payers"", ""sample_values"": ""'a3f9\u2026', 'b71c\u2026'"", ""exposure_count"": 2}"
TAP000422,TRG000594,phi_column_classification,tactical,compliance.phi,2026-05,OBJ0103,stg_encounters,fct_patients.geo_lat_rounded_135,vosei@northharbor.health,Vera Osei,Compliance,manager,codeowners,slack_dm,2026-05-14T14:52:00,2026-05-14T15:14:00,24,2026-05-15T15:14:00,low,3,expired,"{""column_name"": ""geo_lat_rounded"", ""model_name"": ""fct_patients"", ""sample_values"": ""'(313) 555-0148'"", ""exposure_count"": 1}"
TAP000423,TRG000595,phi_column_classification,tactical,compliance.phi,2026-05,OBJ0023,fct_procedures,fct_departments.account_alias_136,rsantos@northharbor.health,Rita Santos,Compliance,manager,codeowners,slack_dm,2026-05-28T11:59:00,2026-05-28T12:34:00,24,2026-05-29T12:34:00,low,1,answered,"{""column_name"": ""account_alias"", ""model_name"": ""fct_departments"", ""sample_values"": ""'Kaiser Foods LLC'"", ""exposure_count"": 2}"
TAP000424,TRG000596,phi_column_classification,tactical,compliance.phi,2026-05,OBJ0090,stg_claims,stg_legacy_extract_4.chart_note_excerpt_131,rsantos@northharbor.health,Rita Santos,Compliance,manager,codeowners,slack_dm,2026-05-31T10:55:00,2026-05-31T11:16:00,24,2026-06-01T11:16:00,low,3,answered,"{""column_name"": ""chart_note_excerpt"", ""model_name"": ""stg_legacy_extract_4"", ""sample_values"": ""'Kaiser Foods LLC'"", ""exposure_count"": 0}"
TAP000425,TRG000597,phi_column_classification,tactical,compliance.phi,2026-05,OBJ0017,fct_aging,fct_coverage.account_alias_36,bkoval@northharbor.health,Boris Koval,Compliance,ic,codeowners,slack_dm,2026-05-17T14:03:00,2026-05-17T14:30:00,24,2026-05-18T14:30:00,low,6,timed_out,"{""column_name"": ""account_alias"", ""model_name"": ""fct_coverage"", ""sample_values"": ""'a3f9\u2026', 'b71c\u2026'"", ""exposure_count"": 3}"
TAP000426,TRG000598,phi_column_classification,tactical,compliance.phi,2026-05,OBJ0086,fct_payers,stg_exclusions.prior_auth_number_137,vosei@northharbor.health,Vera Osei,Compliance,manager,domains_yml,slack_dm,2026-05-13T09:14:00,2026-05-13T09:38:00,24,2026-05-14T09:38:00,low,3,timed_out,"{""column_name"": ""prior_auth_number"", ""model_name"": ""stg_exclusions"", ""sample_values"": ""'Kaiser Foods LLC'"", ""exposure_count"": 3}"
TAP000427,TRG000599,phi_column_classification,tactical,compliance.phi,2026-05,OBJ0085,fct_cohorts,fct_authorizations.claim_note_text_138,bkoval@northharbor.health,Boris Koval,Compliance,ic,codeowners,slack_dm,2026-05-15T11:53:00,2026-05-15T11:54:00,24,2026-05-16T11:54:00,medium,11,answered,"{""column_name"": ""claim_note_text"", ""model_name"": ""fct_authorizations"", ""sample_values"": ""'4871', '9920', '3364'"", ""exposure_count"": 4}"
TAP000428,TRG000600,phi_column_classification,tactical,compliance.phi,2026-05,OBJ0113,stg_procedures,fct_admissions.employer_name_139,bkoval@northharbor.health,Boris Koval,Compliance,ic,codeowners,slack_dm,2026-05-13T13:24:00,2026-05-13T14:08:00,24,2026-05-14T14:08:00,low,4,expired,"{""column_name"": ""employer_name"", ""model_name"": ""fct_admissions"", ""sample_values"": ""'a3f9\u2026', 'b71c\u2026'"", ""exposure_count"": 0}"
TAP000429,TRG000601,phi_column_classification,tactical,compliance.phi,2026-05,OBJ0084,fct_departments,fct_throughput.mrn_alt_140,bkoval@northharbor.health,Boris Koval,Compliance,ic,domains_yml,slack_dm,2026-05-01T12:07:00,2026-05-01T12:19:00,24,2026-05-02T12:19:00,high,34,timed_out,"{""column_name"": ""mrn_alt"", ""model_name"": ""fct_throughput"", ""sample_values"": ""'1993', '1978'"", ""exposure_count"": 1}"
TAP000430,TRG000602,phi_column_classification,tactical,compliance.phi,2026-05,OBJ0018,fct_denials,fct_coverage.referring_npi_44,vosei@northharbor.health,Vera Osei,Compliance,manager,domains_yml,slack_dm,2026-05-09T17:06:00,2026-05-09T17:56:00,24,2026-05-10T17:56:00,low,1,timed_out,"{""column_name"": ""referring_npi"", ""model_name"": ""fct_coverage"", ""sample_values"": ""'1993', '1978'"", ""exposure_count"": 5}"
TAP000431,TRG000603,phi_column_classification,tactical,compliance.phi,2026-05,OBJ0161,quest_results,fct_departments.guarantor_dob_141,bkoval@northharbor.health,Boris Koval,Compliance,ic,domains_yml,slack_dm,2026-05-27T10:38:00,2026-05-27T11:20:00,24,2026-05-28T11:20:00,medium,12,expired,"{""column_name"": ""guarantor_dob"", ""model_name"": ""fct_departments"", ""sample_values"": ""'a3f9\u2026', 'b71c\u2026'"", ""exposure_count"": 2}"
TAP000432,TRG000604,phi_column_classification,tactical,compliance.phi,2026-05,OBJ0012,fct_exclusions,stg_remittances.subscriber_ssn_last4_142,bkoval@northharbor.health,Boris Koval,Compliance,ic,codeowners,slack_dm,2026-05-15T10:56:00,2026-05-15T11:18:00,24,2026-05-16T11:18:00,low,0,answered,"{""column_name"": ""subscriber_ssn_last4"", ""model_name"": ""stg_remittances"", ""sample_values"": ""'a3f9\u2026', 'b71c\u2026'"", ""exposure_count"": 3}"
TAP000433,TRG000605,phi_column_classification,tactical,compliance.phi,2026-05,OBJ0091,stg_adjustments,fct_coverage.claim_note_text_78,bkoval@northharbor.health,Boris Koval,Compliance,ic,codeowners,slack_dm,2026-05-26T10:34:00,2026-05-26T10:54:00,24,2026-05-27T10:54:00,low,3,answered,"{""column_name"": ""claim_note_text"", ""model_name"": ""fct_coverage"", ""sample_values"": ""'Kaiser Foods LLC'"", ""exposure_count"": 0}"
TAP000434,TRG000606,phi_column_classification,tactical,compliance.phi,2026-05,OBJ0124,stg_legacy_extract_6,stg_adjustments.home_phone_e164_143,vosei@northharbor.health,Vera Osei,Compliance,manager,codeowners,slack_dm,2026-05-11T16:36:00,2026-05-11T17:23:00,24,2026-05-12T17:23:00,low,2,answered,"{""column_name"": ""home_phone_e164"", ""model_name"": ""stg_adjustments"", ""sample_values"": ""'a3f9\u2026', 'b71c\u2026'"", ""exposure_count"": 2}"
TAP000435,TRG000607,phi_column_classification,tactical,compliance.phi,2026-05,OBJ0157,salesforce_referrals,fct_exclusions.geo_lat_rounded_75,bkoval@northharbor.health,Boris Koval,Compliance,ic,domains_yml,slack_dm,2026-05-08T12:06:00,2026-05-08T12:38:00,24,2026-05-09T12:38:00,low,3,answered,"{""column_name"": ""geo_lat_rounded"", ""model_name"": ""fct_exclusions"", ""sample_values"": ""'48226', '48201'"", ""exposure_count"": 0}"
TAP000436,TRG000608,phi_column_classification,tactical,compliance.phi,2026-05,OBJ0020,fct_census,fct_service_lines.device_serial_50,vosei@northharbor.health,Vera Osei,Compliance,manager,domains_yml,slack_dm,2026-05-15T14:04:00,2026-05-15T14:26:00,24,2026-05-16T14:26:00,low,1,answered,"{""column_name"": ""device_serial"", ""model_name"": ""fct_service_lines"", ""sample_values"": ""'1993', '1978'"", ""exposure_count"": 1}"
TAP000437,TRG000609,phi_column_classification,tactical,compliance.phi,2026-05,OBJ0095,stg_charges,fct_remittances.referring_npi_144,bkoval@northharbor.health,Boris Koval,Compliance,ic,codeowners,slack_dm,2026-05-15T11:23:00,2026-05-15T12:02:00,24,2026-05-16T12:02:00,medium,11,answered,"{""column_name"": ""referring_npi"", ""model_name"": ""fct_remittances"", ""sample_values"": ""'Kaiser Foods LLC'"", ""exposure_count"": 3}"
TAP000438,TRG000610,phi_column_classification,tactical,compliance.phi,2026-05,OBJ0002,fct_remittances,stg_legacy_extract_6.patient_email_hash_145,vosei@northharbor.health,Vera Osei,Compliance,manager,domains_yml,slack_dm,2026-05-22T15:43:00,2026-05-22T16:32:00,24,2026-05-23T16:32:00,medium,15,answered,"{""column_name"": ""patient_email_hash"", ""model_name"": ""stg_legacy_extract_6"", ""sample_values"": ""'a3f9\u2026', 'b71c\u2026'"", ""exposure_count"": 0}"
TAP000439,TRG000611,phi_column_classification,tactical,compliance.phi,2026-05,OBJ0143,referral_conversion,fct_claims.zip_plus_four_146,bkoval@northharbor.health,Boris Koval,Compliance,ic,domains_yml,slack_dm,2026-05-14T09:38:00,2026-05-14T09:51:00,24,2026-05-15T09:51:00,low,4,answered,"{""column_name"": ""zip_plus_four"", ""model_name"": ""fct_claims"", ""sample_values"": ""'4871', '9920', '3364'"", ""exposure_count"": 1}"
TAP000440,TRG000612,phi_column_classification,tactical,compliance.phi,2026-05,OBJ0022,fct_patients,fct_cohorts.member_id_raw_147,bkoval@northharbor.health,Boris Koval,Compliance,ic,codeowners,slack_dm,2026-05-27T15:15:00,2026-05-27T16:00:00,24,2026-05-28T16:00:00,low,6,answered,"{""column_name"": ""member_id_raw"", ""model_name"": ""fct_cohorts"", ""sample_values"": ""'1993', '1978'"", ""exposure_count"": 2}"
TAP000441,TRG000613,phi_column_classification,tactical,compliance.phi,2026-05,OBJ0132,clean_claim_rate,fct_eligibility.emergency_contact_name_148,vosei@northharbor.health,Vera Osei,Compliance,manager,codeowners,slack_dm,2026-05-18T16:04:00,2026-05-18T16:16:00,24,2026-05-19T16:16:00,high,25,expired,"{""column_name"": ""emergency_contact_name"", ""model_name"": ""fct_eligibility"", ""sample_values"": ""'1993', '1978'"", ""exposure_count"": 3}"
TAP000442,TRG000614,phi_column_classification,tactical,compliance.phi,2026-05,OBJ0043,fct_encounters,fct_cohorts.policy_number_149,bkoval@northharbor.health,Boris Koval,Compliance,ic,domains_yml,slack_dm,2026-05-22T14:49:00,2026-05-22T15:04:00,24,2026-05-23T15:04:00,medium,11,answered,"{""column_name"": ""policy_number"", ""model_name"": ""fct_cohorts"", ""sample_values"": ""'1993', '1978'"", ""exposure_count"": 0}"
TAP000443,TRG000615,phi_column_classification,tactical,compliance.phi,2026-05,OBJ0123,stg_legacy_extract_5,fct_diagnoses.member_id_raw_7,bkoval@northharbor.health,Boris Koval,Compliance,ic,domains_yml,slack_dm,2026-05-07T13:05:00,2026-05-07T13:38:00,24,2026-05-08T13:38:00,low,4,answered,"{""column_name"": ""member_id_raw"", ""model_name"": ""fct_diagnoses"", ""sample_values"": ""'Kaiser Foods LLC'"", ""exposure_count"": 0}"
TAP000444,TRG000616,phi_column_classification,tactical,compliance.phi,2026-05,OBJ0076,fct_measures,fct_cohorts.patient_email_hash_65,bkoval@northharbor.health,Boris Koval,Compliance,ic,codeowners,slack_dm,2026-05-15T10:17:00,2026-05-15T10:34:00,24,2026-05-16T10:34:00,low,6,answered,"{""column_name"": ""patient_email_hash"", ""model_name"": ""fct_cohorts"", ""sample_values"": ""'Kaiser Foods LLC'"", ""exposure_count"": 0}"
TAP000445,TRG000617,phi_column_classification,tactical,compliance.phi,2026-05,OBJ0070,fct_discharges,stg_balances.device_serial_150,bkoval@northharbor.health,Boris Koval,Compliance,ic,domains_yml,slack_dm,2026-05-14T12:43:00,2026-05-14T13:07:00,24,2026-05-15T13:07:00,low,3,answered,"{""column_name"": ""device_serial"", ""model_name"": ""stg_balances"", ""sample_values"": ""'Kaiser Foods LLC'"", ""exposure_count"": 1}"
TAP000446,TRG000618,phi_column_classification,tactical,compliance.phi,2026-05,OBJ0154,press_ganey,stg_claims.subscriber_ssn_last4_102,rsantos@northharbor.health,Rita Santos,Compliance,manager,codeowners,slack_dm,2026-05-11T14:47:00,2026-05-11T15:16:00,24,2026-05-12T15:16:00,medium,12,answered,"{""column_name"": ""subscriber_ssn_last4"", ""model_name"": ""stg_claims"", ""sample_values"": ""'48226', '48201'"", ""exposure_count"": 1}"
TAP000447,TRG000620,phi_column_classification,tactical,compliance.phi,2026-05,OBJ0032,fct_remittances,fct_denials.chart_note_excerpt_151,bkoval@northharbor.health,Boris Koval,Compliance,ic,domains_yml,slack_dm,2026-05-29T13:58:00,2026-05-29T14:05:00,24,2026-05-30T14:05:00,medium,11,answered,"{""column_name"": ""chart_note_excerpt"", ""model_name"": ""fct_denials"", ""sample_values"": ""'a3f9\u2026', 'b71c\u2026'"", ""exposure_count"": 1}"
TAP000448,TRG000621,phi_column_classification,tactical,compliance.phi,2026-05,OBJ0079,fct_coverage,fct_procedures.device_serial_70,bkoval@northharbor.health,Boris Koval,Compliance,ic,codeowners,slack_dm,2026-05-22T16:55:00,2026-05-22T17:49:00,24,2026-05-23T17:49:00,low,3,answered,"{""column_name"": ""device_serial"", ""model_name"": ""fct_procedures"", ""sample_values"": ""'1993', '1978'"", ""exposure_count"": 1}"
TAP000449,TRG000622,phi_column_classification,tactical,compliance.phi,2026-05,OBJ0114,stg_departments,fct_aging.insurance_group_id_152,bkoval@northharbor.health,Boris Koval,Compliance,ic,codeowners,slack_dm,2026-05-16T07:35:00,2026-05-16T08:12:00,24,2026-05-17T08:12:00,low,0,answered,"{""column_name"": ""insurance_group_id"", ""model_name"": ""fct_aging"", ""sample_values"": ""'(313) 555-0148'"", ""exposure_count"": 0}"
TAP000450,TRG000623,phi_column_classification,tactical,compliance.phi,2026-05,OBJ0157,salesforce_referrals,stg_denials.legal_guardian_name_153,rsantos@northharbor.health,Rita Santos,Compliance,manager,codeowners,slack_dm,2026-05-24T13:53:00,2026-05-24T13:54:00,24,2026-05-25T13:54:00,low,3,timed_out,"{""column_name"": ""legal_guardian_name"", ""model_name"": ""stg_denials"", ""sample_values"": ""'(313) 555-0148'"", ""exposure_count"": 1}"
TAP000451,TRG000624,phi_column_classification,tactical,compliance.phi,2026-05,OBJ0121,stg_legacy_extract_3,fct_procedures.dob_year_only_154,vosei@northharbor.health,Vera Osei,Compliance,manager,codeowners,slack_dm,2026-05-03T10:04:00,2026-05-03T10:46:00,24,2026-05-04T10:46:00,low,1,answered,"{""column_name"": ""dob_year_only"", ""model_name"": ""fct_procedures"", ""sample_values"": ""'a3f9\u2026', 'b71c\u2026'"", ""exposure_count"": 0}"
TAP000452,TRG000625,phi_column_classification,tactical,compliance.phi,2026-05,OBJ0040,fct_discharges,fct_patients.emergency_contact_name_148,bkoval@northharbor.health,Boris Koval,Compliance,ic,codeowners,slack_dm,2026-05-27T09:01:00,2026-05-27T09:12:00,24,2026-05-28T09:12:00,low,8,answered,"{""column_name"": ""emergency_contact_name"", ""model_name"": ""fct_patients"", ""sample_values"": ""'(313) 555-0148'"", ""exposure_count"": 0}"
TAP000453,TRG000626,phi_column_classification,tactical,compliance.phi,2026-05,OBJ0061,fct_adjustments,fct_eligibility.geo_lat_rounded_155,bkoval@northharbor.health,Boris Koval,Compliance,ic,codeowners,slack_dm,2026-05-02T13:33:00,2026-05-02T14:01:00,24,2026-05-03T14:01:00,medium,11,answered,"{""column_name"": ""geo_lat_rounded"", ""model_name"": ""fct_eligibility"", ""sample_values"": ""'Kaiser Foods LLC'"", ""exposure_count"": 3}"
TAP000454,TRG000627,phi_column_classification,tactical,compliance.phi,2026-05,OBJ0010,fct_discharges,fct_balances.account_alias_156,bkoval@northharbor.health,Boris Koval,Compliance,ic,domains_yml,slack_dm,2026-05-30T09:31:00,2026-05-30T09:55:00,24,2026-05-31T09:55:00,medium,11,answered,"{""column_name"": ""account_alias"", ""model_name"": ""fct_balances"", ""sample_values"": ""'1993', '1978'"", ""exposure_count"": 1}"
TAP000455,TRG000629,phi_column_classification,tactical,compliance.phi,2026-05,OBJ0076,fct_measures,fct_eligibility.account_alias_76,vosei@northharbor.health,Vera Osei,Compliance,manager,codeowners,slack_dm,2026-05-10T18:21:00,2026-05-10T18:29:00,24,2026-05-11T18:29:00,low,6,answered,"{""column_name"": ""account_alias"", ""model_name"": ""fct_eligibility"", ""sample_values"": ""'1993', '1978'"", ""exposure_count"": 0}"
TAP000456,TRG000630,phi_column_classification,tactical,compliance.phi,2026-05,OBJ0017,fct_aging,fct_payers.claim_note_text_158,vosei@northharbor.health,Vera Osei,Compliance,manager,codeowners,slack_dm,2026-05-12T15:11:00,2026-05-12T15:20:00,24,2026-05-13T15:20:00,low,6,expired,"{""column_name"": ""claim_note_text"", ""model_name"": ""fct_payers"", ""sample_values"": ""'1993', '1978'"", ""exposure_count"": 0}"
TAP000457,TRG000631,phi_column_classification,tactical,compliance.phi,2026-05,OBJ0064,fct_writeoffs,fct_denials.employer_name_159,bkoval@northharbor.health,Boris Koval,Compliance,ic,codeowners,slack_dm,2026-05-15T12:50:00,2026-05-15T12:57:00,24,2026-05-16T12:57:00,low,6,deflected,"{""column_name"": ""employer_name"", ""model_name"": ""fct_denials"", ""sample_values"": ""'1993', '1978'"", ""exposure_count"": 1}"
TAP000458,TRG000632,phi_column_classification,tactical,compliance.phi,2026-05,OBJ0147,payer_mix_commercial,fct_service_lines.zip_plus_four_26,rsantos@northharbor.health,Rita Santos,Compliance,manager,codeowners,slack_dm,2026-05-15T15:57:00,2026-05-15T16:11:00,24,2026-05-16T16:11:00,high,31,answered,"{""column_name"": ""zip_plus_four"", ""model_name"": ""fct_service_lines"", ""sample_values"": ""'(313) 555-0148'"", ""exposure_count"": 0}"
TAP000459,TRG000633,phi_column_classification,tactical,compliance.phi,2026-05,OBJ0073,fct_encounters,fct_eligibility.guarantor_dob_101,bkoval@northharbor.health,Boris Koval,Compliance,ic,domains_yml,slack_dm,2026-05-14T09:15:00,2026-05-14T10:03:00,24,2026-05-15T10:03:00,medium,15,answered,"{""column_name"": ""guarantor_dob"", ""model_name"": ""fct_eligibility"", ""sample_values"": ""'4871', '9920', '3364'"", ""exposure_count"": 0}"
TAP000460,TRG000634,phi_column_classification,tactical,compliance.phi,2026-05,OBJ0157,salesforce_referrals,stg_cohorts.emergency_contact_name_8,vosei@northharbor.health,Vera Osei,Compliance,manager,codeowners,slack_dm,2026-05-13T14:52:00,2026-05-13T15:13:00,24,2026-05-14T15:13:00,low,3,answered,"{""column_name"": ""emergency_contact_name"", ""model_name"": ""stg_cohorts"", ""sample_values"": ""'4871', '9920', '3364'"", ""exposure_count"": 1}"
TAP000461,TRG000635,phi_column_classification,tactical,compliance.phi,2026-05,OBJ0114,stg_departments,fct_procedures.employer_name_119,bkoval@northharbor.health,Boris Koval,Compliance,ic,domains_yml,slack_dm,2026-05-03T09:42:00,2026-05-03T10:01:00,24,2026-05-04T10:01:00,low,0,answered,"{""column_name"": ""employer_name"", ""model_name"": ""fct_procedures"", ""sample_values"": ""'1993', '1978'"", ""exposure_count"": 0}"
TAP000462,TRG000637,phi_column_classification,tactical,compliance.phi,2026-05,OBJ0154,press_ganey,stg_departments.device_serial_130,bkoval@northharbor.health,Boris Koval,Compliance,ic,domains_yml,slack_dm,2026-05-29T14:30:00,2026-05-29T14:53:00,24,2026-05-30T14:53:00,medium,12,answered,"{""column_name"": ""device_serial"", ""model_name"": ""stg_departments"", ""sample_values"": ""'1993', '1978'"", ""exposure_count"": 0}"
TAP000463,TRG000638,phi_column_classification,tactical,compliance.phi,2026-05,OBJ0127,gross_charges,stg_eligibility.guarantor_dob_161,bkoval@northharbor.health,Boris Koval,Compliance,ic,codeowners,slack_dm,2026-05-18T15:16:00,2026-05-18T15:34:00,24,2026-05-19T15:34:00,medium,18,answered,"{""column_name"": ""guarantor_dob"", ""model_name"": ""stg_eligibility"", ""sample_values"": ""'Kaiser Foods LLC'"", ""exposure_count"": 0}"
TAP000464,TRG000639,phi_column_classification,tactical,compliance.phi,2026-05,OBJ0082,fct_patients,stg_measures.subscriber_ssn_last4_162,bkoval@northharbor.health,Boris Koval,Compliance,ic,codeowners,slack_dm,2026-05-03T15:56:00,2026-05-03T16:15:00,24,2026-05-04T16:15:00,medium,19,answered,"{""column_name"": ""subscriber_ssn_last4"", ""model_name"": ""stg_measures"", ""sample_values"": ""'Kaiser Foods LLC'"", ""exposure_count"": 5}"
TAP000465,TRG000640,phi_column_classification,tactical,compliance.phi,2026-05,OBJ0084,fct_departments,stg_legacy_extract_7.home_phone_e164_163,bkoval@northharbor.health,Boris Koval,Compliance,ic,codeowners,slack_dm,2026-05-26T15:40:00,2026-05-26T15:48:00,24,2026-05-27T15:48:00,high,34,answered,"{""column_name"": ""home_phone_e164"", ""model_name"": ""stg_legacy_extract_7"", ""sample_values"": ""'(313) 555-0148'"", ""exposure_count"": 0}"
TAP000466,TRG000641,phi_column_classification,tactical,compliance.phi,2026-05,OBJ0100,stg_discharges,fct_patients.referring_npi_164,bkoval@northharbor.health,Boris Koval,Compliance,ic,codeowners,slack_dm,2026-05-11T07:40:00,2026-05-11T07:51:00,24,2026-05-12T07:51:00,low,4,answered,"{""column_name"": ""referring_npi"", ""model_name"": ""fct_patients"", ""sample_values"": ""'4871', '9920', '3364'"", ""exposure_count"": 0}"
TAP000467,TRG000642,phi_column_classification,tactical,compliance.phi,2026-05,OBJ0159,redox_hl7,fct_aging.patient_email_hash_165,bkoval@northharbor.health,Boris Koval,Compliance,ic,domains_yml,slack_dm,2026-05-16T12:40:00,2026-05-16T13:12:00,24,2026-05-17T13:12:00,low,3,answered,"{""column_name"": ""patient_email_hash"", ""model_name"": ""fct_aging"", ""sample_values"": ""'Kaiser Foods LLC'"", ""exposure_count"": 0}"
TAP000468,TRG000643,phi_column_classification,tactical,compliance.phi,2026-05,OBJ0088,fct_referrals,fct_departments.patient_email_hash_25,bkoval@northharbor.health,Boris Koval,Compliance,ic,codeowners,slack_dm,2026-05-24T16:31:00,2026-05-24T17:25:00,24,2026-05-25T17:25:00,low,1,answered,"{""column_name"": ""patient_email_hash"", ""model_name"": ""fct_departments"", ""sample_values"": ""'1993', '1978'"", ""exposure_count"": 5}"
TAP000469,TRG000644,phi_column_classification,tactical,compliance.phi,2026-05,OBJ0160,labcorp_results,stg_providers.zip_plus_four_166,vosei@northharbor.health,Vera Osei,Compliance,manager,domains_yml,slack_dm,2026-05-06T10:35:00,2026-05-06T10:44:00,24,2026-05-07T10:44:00,medium,21,expired,"{""column_name"": ""zip_plus_four"", ""model_name"": ""stg_providers"", ""sample_values"": ""'4871', '9920', '3364'"", ""exposure_count"": 1}"
TAP000470,TRG000645,phi_column_classification,tactical,compliance.phi,2026-05,OBJ0037,fct_facilities,stg_diagnoses.member_id_raw_167,bkoval@northharbor.health,Boris Koval,Compliance,ic,codeowners,slack_dm,2026-05-13T18:12:00,2026-05-13T18:47:00,24,2026-05-14T18:47:00,medium,15,deflected,"{""column_name"": ""member_id_raw"", ""model_name"": ""stg_diagnoses"", ""sample_values"": ""'1993', '1978'"", ""exposure_count"": 0}"
TAP000471,TRG000646,phi_column_classification,tactical,compliance.phi,2026-05,OBJ0032,fct_remittances,stg_measures.patient_email_hash_165,bkoval@northharbor.health,Boris Koval,Compliance,ic,codeowners,slack_dm,2026-05-25T12:16:00,2026-05-25T13:05:00,24,2026-05-26T13:05:00,medium,11,answered,"{""column_name"": ""patient_email_hash"", ""model_name"": ""stg_measures"", ""sample_values"": ""'a3f9\u2026', 'b71c\u2026'"", ""exposure_count"": 5}"
TAP000472,TRG000648,phi_column_classification,tactical,compliance.phi,2026-05,OBJ0081,fct_balances,fct_adjustments.subscriber_ssn_last4_162,vosei@northharbor.health,Vera Osei,Compliance,manager,codeowners,slack_dm,2026-05-15T13:56:00,2026-05-15T14:47:00,24,2026-05-16T14:47:00,low,1,answered,"{""column_name"": ""subscriber_ssn_last4"", ""model_name"": ""fct_adjustments"", ""sample_values"": ""'48226', '48201'"", ""exposure_count"": 0}"
TAP000473,TRG000649,phi_column_classification,tactical,compliance.phi,2026-05,OBJ0056,fct_payers,fct_denials.policy_number_169,rsantos@northharbor.health,Rita Santos,Compliance,manager,domains_yml,slack_dm,2026-05-17T11:45:00,2026-05-17T11:50:00,24,2026-05-18T11:50:00,low,6,answered,"{""column_name"": ""policy_number"", ""model_name"": ""fct_denials"", ""sample_values"": ""'1993', '1978'"", ""exposure_count"": 1}"
TAP000474,TRG000650,phi_column_classification,tactical,compliance.phi,2026-05,OBJ0013,fct_encounters,fct_numerators.device_serial_170,vosei@northharbor.health,Vera Osei,Compliance,manager,domains_yml,slack_dm,2026-05-02T10:12:00,2026-05-02T10:13:00,24,2026-05-03T10:13:00,low,1,answered,"{""column_name"": ""device_serial"", ""model_name"": ""fct_numerators"", ""sample_values"": ""'1993', '1978'"", ""exposure_count"": 1}"
TAP000475,TRG000651,phi_column_classification,tactical,compliance.phi,2026-05,OBJ0037,fct_facilities,stg_legacy_extract_3.claim_note_text_78,bkoval@northharbor.health,Boris Koval,Compliance,ic,codeowners,slack_dm,2026-05-09T16:31:00,2026-05-09T17:15:00,24,2026-05-10T17:15:00,medium,15,answered,"{""column_name"": ""claim_note_text"", ""model_name"": ""stg_legacy_extract_3"", ""sample_values"": ""'(313) 555-0148'"", ""exposure_count"": 0}"
TAP000476,TRG000652,phi_column_classification,tactical,compliance.phi,2026-05,OBJ0153,availity_remits,stg_eligibility.dob_year_only_54,rsantos@northharbor.health,Rita Santos,Compliance,manager,codeowners,slack_dm,2026-05-20T10:53:00,2026-05-20T11:06:00,24,2026-05-21T11:06:00,low,3,answered,"{""column_name"": ""dob_year_only"", ""model_name"": ""stg_eligibility"", ""sample_values"": ""'48226', '48201'"", ""exposure_count"": 0}"
TAP000477,TRG000653,phi_column_classification,tactical,compliance.phi,2026-05,OBJ0108,stg_denials,stg_departments.geo_lat_rounded_15,vosei@northharbor.health,Vera Osei,Compliance,manager,domains_yml,slack_dm,2026-05-29T13:40:00,2026-05-29T14:05:00,24,2026-05-30T14:05:00,low,6,answered,"{""column_name"": ""geo_lat_rounded"", ""model_name"": ""stg_departments"", ""sample_values"": ""'Kaiser Foods LLC'"", ""exposure_count"": 0}"
TAP000478,TRG000654,phi_column_classification,tactical,compliance.phi,2026-05,OBJ0020,fct_census,fct_eligibility.chart_note_excerpt_51,bkoval@northharbor.health,Boris Koval,Compliance,ic,domains_yml,slack_dm,2026-05-22T17:06:00,2026-05-22T17:40:00,24,2026-05-23T17:40:00,low,1,timed_out,"{""column_name"": ""chart_note_excerpt"", ""model_name"": ""fct_eligibility"", ""sample_values"": ""'Kaiser Foods LLC'"", ""exposure_count"": 3}"
TAP000479,TRG000655,phi_column_classification,tactical,compliance.phi,2026-05,OBJ0004,fct_writeoffs,stg_aging.chart_note_excerpt_171,rsantos@northharbor.health,Rita Santos,Compliance,manager,codeowners,slack_dm,2026-05-08T15:54:00,2026-05-08T16:08:00,24,2026-05-09T16:08:00,low,0,answered,"{""column_name"": ""chart_note_excerpt"", ""model_name"": ""stg_aging"", ""sample_values"": ""'48226', '48201'"", ""exposure_count"": 1}"
TAP000480,TRG000656,phi_column_classification,tactical,compliance.phi,2026-05,OBJ0046,fct_measures,stg_exclusions.insurance_group_id_172,vosei@northharbor.health,Vera Osei,Compliance,manager,codeowners,slack_dm,2026-05-24T10:45:00,2026-05-24T11:31:00,24,2026-05-25T11:31:00,low,3,answered,"{""column_name"": ""insurance_group_id"", ""model_name"": ""stg_exclusions"", ""sample_values"": ""'a3f9\u2026', 'b71c\u2026'"", ""exposure_count"": 3}"
TAP000481,TRG000657,phi_column_classification,tactical,compliance.phi,2026-05,OBJ0038,fct_eligibility,stg_adjustments.legal_guardian_name_173,rsantos@northharbor.health,Rita Santos,Compliance,manager,codeowners,slack_dm,2026-05-21T12:58:00,2026-05-21T13:19:00,24,2026-05-22T13:19:00,low,3,answered,"{""column_name"": ""legal_guardian_name"", ""model_name"": ""stg_adjustments"", ""sample_values"": ""'1993', '1978'"", ""exposure_count"": 2}"
TAP000482,TRG000658,phi_column_classification,tactical,compliance.phi,2026-05,OBJ0075,fct_authorizations,fct_coverage.claim_note_text_38,bkoval@northharbor.health,Boris Koval,Compliance,ic,domains_yml,slack_dm,2026-05-30T12:14:00,2026-05-30T12:26:00,24,2026-05-31T12:26:00,high,34,answered,"{""column_name"": ""claim_note_text"", ""model_name"": ""fct_coverage"", ""sample_values"": ""'48226', '48201'"", ""exposure_count"": 3}"
TAP000483,TRG000659,phi_column_classification,tactical,compliance.phi,2026-05,OBJ0040,fct_discharges,fct_throughput.dob_year_only_174,bkoval@northharbor.health,Boris Koval,Compliance,ic,domains_yml,slack_dm,2026-05-04T15:29:00,2026-05-04T15:30:00,24,2026-05-05T15:30:00,low,8,answered,"{""column_name"": ""dob_year_only"", ""model_name"": ""fct_throughput"", ""sample_values"": ""'Kaiser Foods LLC'"", ""exposure_count"": 1}"
TAP000484,TRG000660,phi_column_classification,tactical,compliance.phi,2026-05,OBJ0022,fct_patients,fct_procedures.policy_number_89,rsantos@northharbor.health,Rita Santos,Compliance,manager,codeowners,slack_dm,2026-05-31T10:14:00,2026-05-31T11:08:00,24,2026-06-01T11:08:00,low,6,answered,"{""column_name"": ""policy_number"", ""model_name"": ""fct_procedures"", ""sample_values"": ""'Kaiser Foods LLC'"", ""exposure_count"": 0}"
TAP000485,TRG000662,phi_column_classification,tactical,compliance.phi,2026-05,OBJ0146,write_off_pct,stg_appointments.geo_lat_rounded_175,vosei@northharbor.health,Vera Osei,Compliance,manager,codeowners,slack_dm,2026-05-07T09:43:00,2026-05-07T10:10:00,24,2026-05-08T10:10:00,low,4,answered,"{""column_name"": ""geo_lat_rounded"", ""model_name"": ""stg_appointments"", ""sample_values"": ""'a3f9\u2026', 'b71c\u2026'"", ""exposure_count"": 5}"
TAP000486,TRG000663,phi_column_classification,tactical,compliance.phi,2026-05,OBJ0086,fct_payers,fct_procedures.chart_note_excerpt_131,vosei@northharbor.health,Vera Osei,Compliance,manager,codeowners,slack_dm,2026-05-08T10:51:00,2026-05-08T10:55:00,24,2026-05-09T10:55:00,low,3,answered,"{""column_name"": ""chart_note_excerpt"", ""model_name"": ""fct_procedures"", ""sample_values"": ""'48226', '48201'"", ""exposure_count"": 0}"
TAP000487,TRG000664,phi_column_classification,tactical,compliance.phi,2026-05,OBJ0132,clean_claim_rate,fct_authorizations.account_alias_176,bkoval@northharbor.health,Boris Koval,Compliance,ic,codeowners,slack_dm,2026-05-13T11:15:00,2026-05-13T11:43:00,24,2026-05-14T11:43:00,high,25,answered,"{""column_name"": ""account_alias"", ""model_name"": ""fct_authorizations"", ""sample_values"": ""'48226', '48201'"", ""exposure_count"": 2}"
TAP000488,TRG000665,phi_column_classification,tactical,compliance.phi,2026-05,OBJ0063,fct_throughput,fct_census.prior_auth_number_177,bkoval@northharbor.health,Boris Koval,Compliance,ic,codeowners,slack_dm,2026-05-30T12:43:00,2026-05-30T12:50:00,24,2026-05-31T12:50:00,low,6,answered,"{""column_name"": ""prior_auth_number"", ""model_name"": ""fct_census"", ""sample_values"": ""'1993', '1978'"", ""exposure_count"": 1}"
TAP000489,TRG000667,phi_column_classification,tactical,compliance.phi,2026-05,OBJ0151,epic_caboodle,stg_departments.claim_note_text_178,bkoval@northharbor.health,Boris Koval,Compliance,ic,codeowners,slack_dm,2026-05-11T11:35:00,2026-05-11T12:06:00,24,2026-05-12T12:06:00,medium,16,answered,"{""column_name"": ""claim_note_text"", ""model_name"": ""stg_departments"", ""sample_values"": ""'Kaiser Foods LLC'"", ""exposure_count"": 0}"
TAP000490,TRG000668,phi_column_classification,tactical,compliance.phi,2026-05,OBJ0122,stg_legacy_extract_4,fct_charges.emergency_contact_name_148,bkoval@northharbor.health,Boris Koval,Compliance,ic,codeowners,slack_dm,2026-05-03T11:55:00,2026-05-03T12:19:00,24,2026-05-04T12:19:00,low,0,answered,"{""column_name"": ""emergency_contact_name"", ""model_name"": ""fct_charges"", ""sample_values"": ""'a3f9\u2026', 'b71c\u2026'"", ""exposure_count"": 1}"
TAP000491,TRG000669,phi_column_classification,tactical,compliance.phi,2026-05,OBJ0019,fct_coverage,stg_legacy_extract_2.subscriber_ssn_last4_82,bkoval@northharbor.health,Boris Koval,Compliance,ic,domains_yml,slack_dm,2026-05-03T12:00:00,2026-05-03T12:25:00,24,2026-05-04T12:25:00,high,26,answered,"{""column_name"": ""subscriber_ssn_last4"", ""model_name"": ""stg_legacy_extract_2"", ""sample_values"": ""'48226', '48201'"", ""exposure_count"": 0}"
TAP000492,TRG000670,phi_column_classification,tactical,compliance.phi,2026-05,OBJ0065,fct_charges,stg_procedures.employer_name_179,rsantos@northharbor.health,Rita Santos,Compliance,manager,codeowners,slack_dm,2026-05-27T11:04:00,2026-05-27T11:26:00,24,2026-05-28T11:26:00,low,4,answered,"{""column_name"": ""employer_name"", ""model_name"": ""stg_procedures"", ""sample_values"": ""'48226', '48201'"", ""exposure_count"": 3}"
TAP000493,TRG000671,phi_column_classification,tactical,compliance.phi,2026-05,OBJ0134,readmission_rate_30d,fct_coverage.mrn_alt_180,bkoval@northharbor.health,Boris Koval,Compliance,ic,codeowners,slack_dm,2026-05-22T07:00:00,2026-05-22T07:16:00,24,2026-05-23T07:16:00,medium,18,timed_out,"{""column_name"": ""mrn_alt"", ""model_name"": ""fct_coverage"", ""sample_values"": ""'a3f9\u2026', 'b71c\u2026'"", ""exposure_count"": 0}"
TAP000494,TRG000672,phi_column_classification,tactical,compliance.phi,2026-05,OBJ0088,fct_referrals,fct_claims.guarantor_dob_181,bkoval@northharbor.health,Boris Koval,Compliance,ic,codeowners,slack_dm,2026-05-23T15:36:00,2026-05-23T15:46:00,24,2026-05-24T15:46:00,low,1,answered,"{""column_name"": ""guarantor_dob"", ""model_name"": ""fct_claims"", ""sample_values"": ""'a3f9\u2026', 'b71c\u2026'"", ""exposure_count"": 0}"
TAP000495,TRG000675,phi_column_classification,tactical,compliance.phi,2026-05,OBJ0018,fct_denials,fct_authorizations.home_phone_e164_183,bkoval@northharbor.health,Boris Koval,Compliance,ic,domains_yml,slack_dm,2026-05-15T17:14:00,2026-05-15T17:36:00,24,2026-05-16T17:36:00,low,1,answered,"{""column_name"": ""home_phone_e164"", ""model_name"": ""fct_authorizations"", ""sample_values"": ""'a3f9\u2026', 'b71c\u2026'"", ""exposure_count"": 0}"
TAP000496,TRG000676,phi_column_classification,tactical,compliance.phi,2026-05,OBJ0015,fct_authorizations,fct_adjustments.referring_npi_184,bkoval@northharbor.health,Boris Koval,Compliance,ic,codeowners,slack_dm,2026-05-03T17:05:00,2026-05-03T17:29:00,24,2026-05-04T17:29:00,low,4,timed_out,"{""column_name"": ""referring_npi"", ""model_name"": ""fct_adjustments"", ""sample_values"": ""'(313) 555-0148'"", ""exposure_count"": 0}"
TAP000497,TRG000677,phi_column_classification,tactical,compliance.phi,2026-05,OBJ0089,stg_numerators,fct_measures.patient_email_hash_185,bkoval@northharbor.health,Boris Koval,Compliance,ic,codeowners,slack_dm,2026-05-05T10:51:00,2026-05-05T11:12:00,24,2026-05-06T11:12:00,low,6,answered,"{""column_name"": ""patient_email_hash"", ""model_name"": ""fct_measures"", ""sample_values"": ""'48226', '48201'"", ""exposure_count"": 0}"
TAP000498,TRG000678,phi_column_classification,tactical,compliance.phi,2026-05,OBJ0149,observation_conversion_rate,fct_balances.zip_plus_four_186,bkoval@northharbor.health,Boris Koval,Compliance,ic,codeowners,slack_dm,2026-05-06T15:41:00,2026-05-06T15:43:00,24,2026-05-07T15:43:00,high,31,deflected,"{""column_name"": ""zip_plus_four"", ""model_name"": ""fct_balances"", ""sample_values"": ""'a3f9\u2026', 'b71c\u2026'"", ""exposure_count"": 2}"
TAP000499,TRG000679,phi_column_classification,tactical,compliance.phi,2026-05,OBJ0013,fct_encounters,stg_procedures.referring_npi_164,rsantos@northharbor.health,Rita Santos,Compliance,manager,codeowners,slack_dm,2026-05-25T11:08:00,2026-05-25T11:09:00,24,2026-05-26T11:09:00,low,1,answered,"{""column_name"": ""referring_npi"", ""model_name"": ""stg_procedures"", ""sample_values"": ""'48226', '48201'"", ""exposure_count"": 3}"
TAP000500,TRG000680,phi_column_classification,tactical,compliance.phi,2026-05,OBJ0033,fct_throughput,stg_legacy_extract_1.member_id_raw_187,vosei@northharbor.health,Vera Osei,Compliance,manager,domains_yml,slack_dm,2026-05-10T08:44:00,2026-05-10T09:33:00,24,2026-05-11T09:33:00,low,1,answered,"{""column_name"": ""member_id_raw"", ""model_name"": ""stg_legacy_extract_1"", ""sample_values"": ""'4871', '9920', '3364'"", ""exposure_count"": 0}"
TAP000501,TRG000681,phi_column_classification,tactical,compliance.phi,2026-05,OBJ0002,fct_remittances,fct_charges.emergency_contact_name_188,bkoval@northharbor.health,Boris Koval,Compliance,ic,domains_yml,slack_dm,2026-05-13T14:35:00,2026-05-13T15:21:00,24,2026-05-14T15:21:00,medium,15,answered,"{""column_name"": ""emergency_contact_name"", ""model_name"": ""fct_charges"", ""sample_values"": ""'a3f9\u2026', 'b71c\u2026'"", ""exposure_count"": 1}"
TAP000502,TRG000682,phi_column_classification,tactical,compliance.phi,2026-05,OBJ0147,payer_mix_commercial,fct_service_lines.policy_number_189,bkoval@northharbor.health,Boris Koval,Compliance,ic,domains_yml,slack_dm,2026-05-13T09:37:00,2026-05-13T10:25:00,24,2026-05-14T10:25:00,high,31,timed_out,"{""column_name"": ""policy_number"", ""model_name"": ""fct_service_lines"", ""sample_values"": ""'Kaiser Foods LLC'"", ""exposure_count"": 0}"
TAP000503,TRG000683,phi_column_classification,tactical,compliance.phi,2026-05,OBJ0091,stg_adjustments,fct_payers.device_serial_190,rsantos@northharbor.health,Rita Santos,Compliance,manager,codeowners,slack_dm,2026-05-03T11:59:00,2026-05-03T12:24:00,24,2026-05-04T12:24:00,low,3,deflected,"{""column_name"": ""device_serial"", ""model_name"": ""fct_payers"", ""sample_values"": ""'a3f9\u2026', 'b71c\u2026'"", ""exposure_count"": 0}"
TAP000504,TRG000684,phi_column_classification,tactical,compliance.phi,2026-05,OBJ0118,stg_referrals,fct_measures.chart_note_excerpt_191,bkoval@northharbor.health,Boris Koval,Compliance,ic,codeowners,slack_dm,2026-05-23T10:20:00,2026-05-23T10:37:00,24,2026-05-24T10:37:00,low,0,answered,"{""column_name"": ""chart_note_excerpt"", ""model_name"": ""fct_measures"", ""sample_values"": ""'a3f9\u2026', 'b71c\u2026'"", ""exposure_count"": 3}"
TAP000505,TRG000685,phi_column_classification,tactical,compliance.phi,2026-05,OBJ0137,bed_occupancy_rate,fct_aging.insurance_group_id_192,bkoval@northharbor.health,Boris Koval,Compliance,ic,codeowners,slack_dm,2026-05-08T15:39:00,2026-05-08T16:29:00,24,2026-05-09T16:29:00,low,4,answered,"{""column_name"": ""insurance_group_id"", ""model_name"": ""fct_aging"", ""sample_values"": ""'(313) 555-0148'"", ""exposure_count"": 0}"
TAP000506,TRG000686,phi_column_classification,tactical,compliance.phi,2026-05,OBJ0038,fct_eligibility,fct_authorizations.insurance_group_id_72,bkoval@northharbor.health,Boris Koval,Compliance,ic,codeowners,slack_dm,2026-05-19T16:45:00,2026-05-19T16:58:00,24,2026-05-20T16:58:00,low,3,answered,"{""column_name"": ""insurance_group_id"", ""model_name"": ""fct_authorizations"", ""sample_values"": ""'1993', '1978'"", ""exposure_count"": 4}"
TAP000507,TRG000687,phi_column_classification,tactical,compliance.phi,2026-05,OBJ0160,labcorp_results,fct_diagnoses.legal_guardian_name_193,bkoval@northharbor.health,Boris Koval,Compliance,ic,codeowners,slack_dm,2026-05-29T12:42:00,2026-05-29T13:09:00,24,2026-05-30T13:09:00,medium,21,answered,"{""column_name"": ""legal_guardian_name"", ""model_name"": ""fct_diagnoses"", ""sample_values"": ""'4871', '9920', '3364'"", ""exposure_count"": 0}"
TAP000508,TRG000688,phi_column_classification,tactical,compliance.phi,2026-05,OBJ0140,cms_sep1_compliance,fct_cohorts.home_phone_e164_43,bkoval@northharbor.health,Boris Koval,Compliance,ic,domains_yml,slack_dm,2026-05-08T16:25:00,2026-05-08T16:31:00,24,2026-05-09T16:31:00,low,3,answered,"{""column_name"": ""home_phone_e164"", ""model_name"": ""fct_cohorts"", ""sample_values"": ""'1993', '1978'"", ""exposure_count"": 2}"
TAP000509,TRG000689,phi_column_classification,tactical,compliance.phi,2026-05,OBJ0066,fct_diagnoses,fct_eligibility.device_serial_30,bkoval@northharbor.health,Boris Koval,Compliance,ic,domains_yml,slack_dm,2026-05-19T10:45:00,2026-05-19T11:37:00,24,2026-05-20T11:37:00,low,1,timed_out,"{""column_name"": ""device_serial"", ""model_name"": ""fct_eligibility"", ""sample_values"": ""'1993', '1978'"", ""exposure_count"": 3}"
TAP000510,TRG000690,phi_column_classification,tactical,compliance.phi,2026-05,OBJ0059,fct_numerators,fct_referrals.dob_year_only_194,bkoval@northharbor.health,Boris Koval,Compliance,ic,domains_yml,slack_dm,2026-05-30T16:58:00,2026-05-30T17:17:00,24,2026-05-31T17:17:00,medium,11,timed_out,"{""column_name"": ""dob_year_only"", ""model_name"": ""fct_referrals"", ""sample_values"": ""'48226', '48201'"", ""exposure_count"": 1}"
TAP000511,TRG000691,phi_column_classification,tactical,compliance.phi,2026-05,OBJ0090,stg_claims,stg_legacy_extract_7.geo_lat_rounded_195,bkoval@northharbor.health,Boris Koval,Compliance,ic,domains_yml,slack_dm,2026-05-17T13:19:00,2026-05-17T13:36:00,24,2026-05-18T13:36:00,low,3,answered,"{""column_name"": ""geo_lat_rounded"", ""model_name"": ""stg_legacy_extract_7"", ""sample_values"": ""'48226', '48201'"", ""exposure_count"": 0}"
TAP000512,TRG000692,phi_column_classification,tactical,compliance.phi,2026-05,OBJ0158,twilio_outreach,fct_diagnoses.account_alias_196,bkoval@northharbor.health,Boris Koval,Compliance,ic,codeowners,slack_dm,2026-05-10T14:44:00,2026-05-10T15:21:00,24,2026-05-11T15:21:00,low,9,answered,"{""column_name"": ""account_alias"", ""model_name"": ""fct_diagnoses"", ""sample_values"": ""'a3f9\u2026', 'b71c\u2026'"", ""exposure_count"": 0}"
TAP000513,TRG000693,phi_column_classification,tactical,compliance.phi,2026-05,OBJ0138,hedis_bcs_compliance,stg_service_lines.prior_auth_number_197,bkoval@northharbor.health,Boris Koval,Compliance,ic,domains_yml,slack_dm,2026-05-28T11:27:00,2026-05-28T12:15:00,24,2026-05-29T12:15:00,high,31,answered,"{""column_name"": ""prior_auth_number"", ""model_name"": ""stg_service_lines"", ""sample_values"": ""'Kaiser Foods LLC'"", ""exposure_count"": 0}"
TAP000514,TRG000695,phi_column_classification,tactical,compliance.phi,2026-05,OBJ0106,stg_measures,fct_diagnoses.claim_note_text_198,bkoval@northharbor.health,Boris Koval,Compliance,ic,codeowners,slack_dm,2026-05-17T14:48:00,2026-05-17T14:56:00,24,2026-05-18T14:56:00,high,34,answered,"{""column_name"": ""claim_note_text"", ""model_name"": ""fct_diagnoses"", ""sample_values"": ""'(313) 555-0148'"", ""exposure_count"": 0}"
TAP000515,TRG000696,phi_column_classification,tactical,compliance.phi,2026-05,OBJ0085,fct_cohorts,stg_throughput.employer_name_199,bkoval@northharbor.health,Boris Koval,Compliance,ic,codeowners,slack_dm,2026-05-12T15:33:00,2026-05-12T15:46:00,24,2026-05-13T15:46:00,medium,11,answered,"{""column_name"": ""employer_name"", ""model_name"": ""stg_throughput"", ""sample_values"": ""'1993', '1978'"", ""exposure_count"": 1}"
TAP000516,TRG000697,phi_column_classification,tactical,compliance.phi,2026-05,OBJ0060,fct_claims,stg_adjustments.mrn_alt_200,rsantos@northharbor.health,Rita Santos,Compliance,manager,codeowners,slack_dm,2026-05-04T17:08:00,2026-05-04T17:39:00,24,2026-05-05T17:39:00,low,3,answered,"{""column_name"": ""mrn_alt"", ""model_name"": ""stg_adjustments"", ""sample_values"": ""'48226', '48201'"", ""exposure_count"": 2}"
TAP000517,TRG000699,phi_column_classification,tactical,compliance.phi,2026-05,OBJ0085,fct_cohorts,stg_admissions.subscriber_ssn_last4_202,bkoval@northharbor.health,Boris Koval,Compliance,ic,codeowners,slack_dm,2026-05-25T15:46:00,2026-05-25T15:56:00,24,2026-05-26T15:56:00,medium,11,answered,"{""column_name"": ""subscriber_ssn_last4"", ""model_name"": ""stg_admissions"", ""sample_values"": ""'a3f9\u2026', 'b71c\u2026'"", ""exposure_count"": 0}"
TAP000518,TRG000700,phi_column_classification,tactical,compliance.phi,2026-05,OBJ0099,stg_providers,fct_authorizations.home_phone_e164_203,vosei@northharbor.health,Vera Osei,Compliance,manager,domains_yml,slack_dm,2026-05-13T10:50:00,2026-05-13T10:59:00,24,2026-05-14T10:59:00,medium,11,answered,"{""column_name"": ""home_phone_e164"", ""model_name"": ""fct_authorizations"", ""sample_values"": ""'Kaiser Foods LLC'"", ""exposure_count"": 4}"
TAP000519,TRG000701,phi_column_classification,tactical,compliance.phi,2026-05,OBJ0029,fct_numerators,fct_departments.referring_npi_204,bkoval@northharbor.health,Boris Koval,Compliance,ic,codeowners,slack_dm,2026-05-31T12:45:00,2026-05-31T12:48:00,24,2026-06-01T12:48:00,low,4,answered,"{""column_name"": ""referring_npi"", ""model_name"": ""fct_departments"", ""sample_values"": ""'a3f9\u2026', 'b71c\u2026'"", ""exposure_count"": 2}"
TAP000520,TRG000702,phi_column_classification,tactical,compliance.phi,2026-05,OBJ0144,charge_lag_days,stg_legacy_extract_5.patient_email_hash_205,bkoval@northharbor.health,Boris Koval,Compliance,ic,codeowners,slack_dm,2026-05-18T15:36:00,2026-05-18T16:28:00,24,2026-05-19T16:28:00,low,2,timed_out,"{""column_name"": ""patient_email_hash"", ""model_name"": ""stg_legacy_extract_5"", ""sample_values"": ""'4871', '9920', '3364'"", ""exposure_count"": 0}"
TAP000521,TRG000703,phi_column_classification,tactical,compliance.phi,2026-05,OBJ0076,fct_measures,fct_census.zip_plus_four_206,bkoval@northharbor.health,Boris Koval,Compliance,ic,domains_yml,slack_dm,2026-05-26T09:15:00,2026-05-26T09:53:00,24,2026-05-27T09:53:00,low,6,answered,"{""column_name"": ""zip_plus_four"", ""model_name"": ""fct_census"", ""sample_values"": ""'1993', '1978'"", ""exposure_count"": 1}"
TAP000522,TRG000704,phi_column_classification,tactical,compliance.phi,2026-05,OBJ0092,stg_remittances,stg_legacy_extract_3.member_id_raw_207,bkoval@northharbor.health,Boris Koval,Compliance,ic,codeowners,slack_dm,2026-05-05T14:55:00,2026-05-05T15:35:00,24,2026-05-06T15:35:00,medium,19,timed_out,"{""column_name"": ""member_id_raw"", ""model_name"": ""stg_legacy_extract_3"", ""sample_values"": ""'1993', '1978'"", ""exposure_count"": 0}"
TAP000523,TRG000705,phi_column_classification,tactical,compliance.phi,2026-05,OBJ0039,fct_providers,fct_charges.emergency_contact_name_208,bkoval@northharbor.health,Boris Koval,Compliance,ic,domains_yml,slack_dm,2026-05-31T08:36:00,2026-05-31T08:52:00,24,2026-06-01T08:52:00,low,1,deflected,"{""column_name"": ""emergency_contact_name"", ""model_name"": ""fct_charges"", ""sample_values"": ""'(313) 555-0148'"", ""exposure_count"": 1}"
TAP000524,TRG000706,phi_column_classification,tactical,compliance.phi,2026-05,OBJ0128,contractual_allowance,fct_numerators.policy_number_209,rsantos@northharbor.health,Rita Santos,Compliance,manager,codeowners,slack_dm,2026-05-24T11:55:00,2026-05-24T12:01:00,24,2026-05-25T12:01:00,low,6,answered,"{""column_name"": ""policy_number"", ""model_name"": ""fct_numerators"", ""sample_values"": ""'(313) 555-0148'"", ""exposure_count"": 1}"
TAP000525,TRG000707,phi_column_classification,tactical,compliance.phi,2026-05,OBJ0119,stg_legacy_extract_1,fct_denials.device_serial_210,rsantos@northharbor.health,Rita Santos,Compliance,manager,domains_yml,slack_dm,2026-05-13T09:50:00,2026-05-13T10:38:00,24,2026-05-14T10:38:00,low,1,answered,"{""column_name"": ""device_serial"", ""model_name"": ""fct_denials"", ""sample_values"": ""'a3f9\u2026', 'b71c\u2026'"", ""exposure_count"": 1}"
TAP000526,TRG000708,phi_column_classification,tactical,compliance.phi,2026-05,OBJ0056,fct_payers,fct_claims.guarantor_dob_1,rsantos@northharbor.health,Rita Santos,Compliance,manager,domains_yml,slack_dm,2026-05-07T09:13:00,2026-05-07T09:33:00,24,2026-05-08T09:33:00,low,6,answered,"{""column_name"": ""guarantor_dob"", ""model_name"": ""fct_claims"", ""sample_values"": ""'(313) 555-0148'"", ""exposure_count"": 1}"
TAP000527,TRG000709,phi_column_classification,tactical,compliance.phi,2026-05,OBJ0132,clean_claim_rate,fct_eligibility.home_phone_e164_63,bkoval@northharbor.health,Boris Koval,Compliance,ic,domains_yml,slack_dm,2026-05-20T15:55:00,2026-05-20T16:29:00,24,2026-05-21T16:29:00,high,25,answered,"{""column_name"": ""home_phone_e164"", ""model_name"": ""fct_eligibility"", ""sample_values"": ""'1993', '1978'"", ""exposure_count"": 3}"
TAP000528,TRG000710,phi_column_classification,tactical,compliance.phi,2026-05,OBJ0075,fct_authorizations,fct_aging.chart_note_excerpt_211,bkoval@northharbor.health,Boris Koval,Compliance,ic,codeowners,slack_dm,2026-05-05T12:03:00,2026-05-05T12:34:00,24,2026-05-06T12:34:00,high,34,answered,"{""column_name"": ""chart_note_excerpt"", ""model_name"": ""fct_aging"", ""sample_values"": ""'Kaiser Foods LLC'"", ""exposure_count"": 0}"
TAP000529,TRG000711,phi_column_classification,tactical,compliance.phi,2026-05,OBJ0002,fct_remittances,fct_departments.insurance_group_id_212,bkoval@northharbor.health,Boris Koval,Compliance,ic,codeowners,slack_dm,2026-05-08T15:18:00,2026-05-08T15:26:00,24,2026-05-09T15:26:00,medium,15,timed_out,"{""column_name"": ""insurance_group_id"", ""model_name"": ""fct_departments"", ""sample_values"": ""'1993', '1978'"", ""exposure_count"": 5}"
TAP000530,TRG000712,phi_column_classification,tactical,compliance.phi,2026-05,OBJ0145,coding_accuracy_rate,stg_legacy_extract_1.legal_guardian_name_213,rsantos@northharbor.health,Rita Santos,Compliance,manager,domains_yml,slack_dm,2026-05-25T11:11:00,2026-05-25T11:55:00,24,2026-05-26T11:55:00,high,31,deflected,"{""column_name"": ""legal_guardian_name"", ""model_name"": ""stg_legacy_extract_1"", ""sample_values"": ""'a3f9\u2026', 'b71c\u2026'"", ""exposure_count"": 0}"
TAP000531,TRG000713,phi_column_classification,tactical,compliance.phi,2026-05,OBJ0148,encounters_per_provider_day,fct_throughput.chart_note_excerpt_51,bkoval@northharbor.health,Boris Koval,Compliance,ic,codeowners,slack_dm,2026-05-22T13:20:00,2026-05-22T13:24:00,24,2026-05-23T13:24:00,high,31,answered,"{""column_name"": ""chart_note_excerpt"", ""model_name"": ""fct_throughput"", ""sample_values"": ""'4871', '9920', '3364'"", ""exposure_count"": 1}"
TAP000532,TRG000714,phi_column_classification,tactical,compliance.phi,2026-05,OBJ0009,fct_providers,fct_remittances.dob_year_only_214,bkoval@northharbor.health,Boris Koval,Compliance,ic,domains_yml,slack_dm,2026-05-20T14:31:00,2026-05-20T14:44:00,24,2026-05-21T14:44:00,medium,11,answered,"{""column_name"": ""dob_year_only"", ""model_name"": ""fct_remittances"", ""sample_values"": ""'(313) 555-0148'"", ""exposure_count"": 3}"
TAP000533,TRG000715,phi_column_classification,tactical,compliance.phi,2026-05,OBJ0093,stg_throughput,fct_writeoffs.insurance_group_id_112,bkoval@northharbor.health,Boris Koval,Compliance,ic,domains_yml,slack_dm,2026-05-26T09:04:00,2026-05-26T09:22:00,24,2026-05-27T09:22:00,low,4,answered,"{""column_name"": ""insurance_group_id"", ""model_name"": ""fct_writeoffs"", ""sample_values"": ""'(313) 555-0148'"", ""exposure_count"": 1}"
TAP000534,TRG000716,phi_column_classification,tactical,compliance.phi,2026-05,OBJ0015,fct_authorizations,fct_exclusions.subscriber_ssn_last4_122,bkoval@northharbor.health,Boris Koval,Compliance,ic,codeowners,slack_dm,2026-05-13T12:28:00,2026-05-13T12:37:00,24,2026-05-14T12:37:00,low,4,timed_out,"{""column_name"": ""subscriber_ssn_last4"", ""model_name"": ""fct_exclusions"", ""sample_values"": ""'1993', '1978'"", ""exposure_count"": 0}"
TAP000535,TRG000717,phi_column_classification,tactical,compliance.phi,2026-05,OBJ0143,referral_conversion,fct_measures.policy_number_9,bkoval@northharbor.health,Boris Koval,Compliance,ic,codeowners,slack_dm,2026-05-16T11:14:00,2026-05-16T12:09:00,24,2026-05-17T12:09:00,low,4,deflected,"{""column_name"": ""policy_number"", ""model_name"": ""fct_measures"", ""sample_values"": ""'Kaiser Foods LLC'"", ""exposure_count"": 0}"
TAP000536,TRG000718,phi_column_classification,tactical,compliance.phi,2026-05,OBJ0028,fct_referrals,fct_admissions.geo_lat_rounded_215,bkoval@northharbor.health,Boris Koval,Compliance,ic,codeowners,slack_dm,2026-05-16T13:20:00,2026-05-16T14:10:00,24,2026-05-17T14:10:00,low,0,timed_out,"{""column_name"": ""geo_lat_rounded"", ""model_name"": ""fct_admissions"", ""sample_values"": ""'4871', '9920', '3364'"", ""exposure_count"": 0}"
TAP000537,TRG000719,phi_column_classification,tactical,compliance.phi,2026-05,OBJ0073,fct_encounters,fct_procedures.account_alias_216,rsantos@northharbor.health,Rita Santos,Compliance,manager,codeowners,slack_dm,2026-05-29T16:30:00,2026-05-29T16:31:00,24,2026-05-30T16:31:00,medium,15,answered,"{""column_name"": ""account_alias"", ""model_name"": ""fct_procedures"", ""sample_values"": ""'a3f9\u2026', 'b71c\u2026'"", ""exposure_count"": 0}"
TAP000538,TRG000720,phi_column_classification,tactical,compliance.phi,2026-05,OBJ0102,stg_exclusions,fct_claims.prior_auth_number_217,bkoval@northharbor.health,Boris Koval,Compliance,ic,codeowners,slack_dm,2026-05-19T10:00:00,2026-05-19T10:50:00,24,2026-05-20T10:50:00,low,3,answered,"{""column_name"": ""prior_auth_number"", ""model_name"": ""fct_claims"", ""sample_values"": ""'(313) 555-0148'"", ""exposure_count"": 1}"
TAP000539,TRG000721,phi_column_classification,tactical,compliance.phi,2026-05,OBJ0154,press_ganey,stg_departments.claim_note_text_218,vosei@northharbor.health,Vera Osei,Compliance,manager,codeowners,slack_dm,2026-05-11T09:27:00,2026-05-11T10:04:00,24,2026-05-12T10:04:00,medium,12,answered,"{""column_name"": ""claim_note_text"", ""model_name"": ""stg_departments"", ""sample_values"": ""'a3f9\u2026', 'b71c\u2026'"", ""exposure_count"": 0}"
TAP000540,TRG000722,phi_column_classification,tactical,compliance.phi,2026-05,OBJ0131,first_pass_yield,fct_departments.geo_lat_rounded_135,vosei@northharbor.health,Vera Osei,Compliance,manager,domains_yml,slack_dm,2026-05-05T11:31:00,2026-05-05T11:53:00,24,2026-05-06T11:53:00,low,3,answered,"{""column_name"": ""geo_lat_rounded"", ""model_name"": ""fct_departments"", ""sample_values"": ""'(313) 555-0148'"", ""exposure_count"": 0}"
TAP000541,TRG000723,phi_column_classification,tactical,compliance.phi,2026-05,OBJ0133,cost_to_collect,stg_denials.employer_name_159,bkoval@northharbor.health,Boris Koval,Compliance,ic,codeowners,slack_dm,2026-05-01T12:10:00,2026-05-01T12:31:00,24,2026-05-02T12:31:00,medium,12,answered,"{""column_name"": ""employer_name"", ""model_name"": ""stg_denials"", ""sample_values"": ""'4871', '9920', '3364'"", ""exposure_count"": 1}"
TAP000542,TRG000724,phi_column_classification,tactical,compliance.phi,2026-05,OBJ0025,fct_cohorts,fct_charges.employer_name_219,bkoval@northharbor.health,Boris Koval,Compliance,ic,domains_yml,slack_dm,2026-05-18T09:35:00,2026-05-18T10:25:00,24,2026-05-19T10:25:00,low,0,deflected,"{""column_name"": ""employer_name"", ""model_name"": ""fct_charges"", ""sample_values"": ""'Kaiser Foods LLC'"", ""exposure_count"": 1}"
TAP000543,TRG000725,phi_column_classification,tactical,compliance.phi,2026-05,OBJ0042,fct_exclusions,fct_numerators.dob_year_only_14,rsantos@northharbor.health,Rita Santos,Compliance,manager,domains_yml,slack_dm,2026-05-19T11:49:00,2026-05-19T12:34:00,24,2026-05-20T12:34:00,low,8,answered,"{""column_name"": ""dob_year_only"", ""model_name"": ""fct_numerators"", ""sample_values"": ""'(313) 555-0148'"", ""exposure_count"": 0}"
TAP000544,TRG000726,phi_column_classification,tactical,compliance.phi,2026-05,OBJ0061,fct_adjustments,stg_payers.geo_lat_rounded_75,bkoval@northharbor.health,Boris Koval,Compliance,ic,codeowners,slack_dm,2026-05-06T15:57:00,2026-05-06T16:40:00,24,2026-05-07T16:40:00,medium,11,answered,"{""column_name"": ""geo_lat_rounded"", ""model_name"": ""stg_payers"", ""sample_values"": ""'1993', '1978'"", ""exposure_count"": 0}"
TAP000545,TRG000728,phi_column_classification,tactical,compliance.phi,2026-05,OBJ0027,fct_admissions,fct_aging.mrn_alt_220,bkoval@northharbor.health,Boris Koval,Compliance,ic,codeowners,slack_dm,2026-05-01T11:04:00,2026-05-01T11:49:00,24,2026-05-02T11:49:00,low,1,timed_out,"{""column_name"": ""mrn_alt"", ""model_name"": ""fct_aging"", ""sample_values"": ""'48226', '48201'"", ""exposure_count"": 1}"
TAP000546,TRG000729,phi_column_classification,tactical,compliance.phi,2026-05,OBJ0070,fct_discharges,stg_providers.guarantor_dob_221,rsantos@northharbor.health,Rita Santos,Compliance,manager,codeowners,slack_dm,2026-05-25T16:30:00,2026-05-25T17:07:00,24,2026-05-26T17:07:00,low,3,answered,"{""column_name"": ""guarantor_dob"", ""model_name"": ""stg_providers"", ""sample_values"": ""'1993', '1978'"", ""exposure_count"": 1}"
TAP000547,TRG000730,phi_column_classification,tactical,compliance.phi,2026-05,OBJ0078,fct_denials,fct_procedures.legal_guardian_name_113,rsantos@northharbor.health,Rita Santos,Compliance,manager,codeowners,slack_dm,2026-05-09T15:16:00,2026-05-09T15:24:00,24,2026-05-10T15:24:00,low,3,answered,"{""column_name"": ""legal_guardian_name"", ""model_name"": ""fct_procedures"", ""sample_values"": ""'(313) 555-0148'"", ""exposure_count"": 0}"
TAP000548,TRG000731,phi_column_classification,tactical,compliance.phi,2026-05,OBJ0060,fct_claims,fct_writeoffs.policy_number_209,bkoval@northharbor.health,Boris Koval,Compliance,ic,codeowners,slack_dm,2026-05-06T15:47:00,2026-05-06T16:30:00,24,2026-05-07T16:30:00,low,3,answered,"{""column_name"": ""policy_number"", ""model_name"": ""fct_writeoffs"", ""sample_values"": ""'4871', '9920', '3364'"", ""exposure_count"": 0}"
TAP000549,TRG000732,phi_column_classification,tactical,compliance.phi,2026-05,OBJ0064,fct_writeoffs,fct_charges.subscriber_ssn_last4_222,bkoval@northharbor.health,Boris Koval,Compliance,ic,domains_yml,slack_dm,2026-05-01T08:30:00,2026-05-01T09:25:00,24,2026-05-02T09:25:00,low,6,deflected,"{""column_name"": ""subscriber_ssn_last4"", ""model_name"": ""fct_charges"", ""sample_values"": ""'a3f9\u2026', 'b71c\u2026'"", ""exposure_count"": 1}"
TAP000550,TRG000734,phi_column_classification,tactical,compliance.phi,2026-05,OBJ0072,fct_exclusions,fct_departments.guarantor_dob_41,vosei@northharbor.health,Vera Osei,Compliance,manager,codeowners,slack_dm,2026-05-20T14:13:00,2026-05-20T14:37:00,24,2026-05-21T14:37:00,low,0,timed_out,"{""column_name"": ""guarantor_dob"", ""model_name"": ""fct_departments"", ""sample_values"": ""'4871', '9920', '3364'"", ""exposure_count"": 0}"
TAP000551,TRG000735,phi_column_classification,tactical,compliance.phi,2026-05,OBJ0025,fct_cohorts,fct_service_lines.chart_note_excerpt_71,bkoval@northharbor.health,Boris Koval,Compliance,ic,codeowners,slack_dm,2026-05-27T11:30:00,2026-05-27T11:42:00,24,2026-05-28T11:42:00,low,0,answered,"{""column_name"": ""chart_note_excerpt"", ""model_name"": ""fct_service_lines"", ""sample_values"": ""'Kaiser Foods LLC'"", ""exposure_count"": 1}"
TAP000552,TRG000736,phi_column_classification,tactical,compliance.phi,2026-05,OBJ0145,coding_accuracy_rate,fct_admissions.subscriber_ssn_last4_102,bkoval@northharbor.health,Boris Koval,Compliance,ic,codeowners,slack_dm,2026-05-22T15:41:00,2026-05-22T16:32:00,24,2026-05-23T16:32:00,high,31,answered,"{""column_name"": ""subscriber_ssn_last4"", ""model_name"": ""fct_admissions"", ""sample_values"": ""'a3f9\u2026', 'b71c\u2026'"", ""exposure_count"": 0}"
TAP000553,TRG000737,phi_column_classification,tactical,compliance.phi,2026-05,OBJ0039,fct_providers,fct_balances.referring_npi_224,bkoval@northharbor.health,Boris Koval,Compliance,ic,domains_yml,slack_dm,2026-05-03T09:29:00,2026-05-03T10:11:00,24,2026-05-04T10:11:00,low,1,answered,"{""column_name"": ""referring_npi"", ""model_name"": ""fct_balances"", ""sample_values"": ""'48226', '48201'"", ""exposure_count"": 1}"
TAP000554,TRG000739,phi_column_classification,tactical,compliance.phi,2026-05,OBJ0090,stg_claims,fct_admissions.patient_email_hash_225,bkoval@northharbor.health,Boris Koval,Compliance,ic,domains_yml,slack_dm,2026-05-25T08:48:00,2026-05-25T09:42:00,24,2026-05-26T09:42:00,low,3,expired,"{""column_name"": ""patient_email_hash"", ""model_name"": ""fct_admissions"", ""sample_values"": ""'Kaiser Foods LLC'"", ""exposure_count"": 0}"
TAP000555,TRG000740,phi_column_classification,tactical,compliance.phi,2026-05,OBJ0046,fct_measures,fct_departments.guarantor_dob_161,bkoval@northharbor.health,Boris Koval,Compliance,ic,codeowners,slack_dm,2026-05-23T14:30:00,2026-05-23T14:50:00,24,2026-05-24T14:50:00,low,3,answered,"{""column_name"": ""guarantor_dob"", ""model_name"": ""fct_departments"", ""sample_values"": ""'4871', '9920', '3364'"", ""exposure_count"": 0}"
TAP000556,TRG000741,phi_column_classification,tactical,compliance.phi,2026-05,OBJ0075,fct_authorizations,stg_throughput.zip_plus_four_226,bkoval@northharbor.health,Boris Koval,Compliance,ic,codeowners,slack_dm,2026-05-18T16:30:00,2026-05-18T16:31:00,24,2026-05-19T16:31:00,high,34,answered,"{""column_name"": ""zip_plus_four"", ""model_name"": ""stg_throughput"", ""sample_values"": ""'4871', '9920', '3364'"", ""exposure_count"": 1}"
TAP000557,TRG000742,phi_column_classification,tactical,compliance.phi,2026-05,OBJ0084,fct_departments,fct_service_lines.chart_note_excerpt_211,bkoval@northharbor.health,Boris Koval,Compliance,ic,codeowners,slack_dm,2026-05-03T12:13:00,2026-05-03T12:59:00,24,2026-05-04T12:59:00,high,34,deflected,"{""column_name"": ""chart_note_excerpt"", ""model_name"": ""fct_service_lines"", ""sample_values"": ""'(313) 555-0148'"", ""exposure_count"": 0}"
TAP000558,TRG000743,phi_column_classification,tactical,compliance.phi,2026-05,OBJ0156,lawson_gl,fct_charges.member_id_raw_227,rsantos@northharbor.health,Rita Santos,Compliance,manager,codeowners,slack_dm,2026-05-25T15:38:00,2026-05-25T15:51:00,24,2026-05-26T15:51:00,medium,21,expired,"{""column_name"": ""member_id_raw"", ""model_name"": ""fct_charges"", ""sample_values"": ""'Kaiser Foods LLC'"", ""exposure_count"": 1}"
TAP000559,TRG000745,phi_column_classification,tactical,compliance.phi,2026-05,OBJ0137,bed_occupancy_rate,fct_adjustments.employer_name_99,bkoval@northharbor.health,Boris Koval,Compliance,ic,domains_yml,slack_dm,2026-05-26T10:01:00,2026-05-26T10:20:00,24,2026-05-27T10:20:00,low,4,answered,"{""column_name"": ""employer_name"", ""model_name"": ""fct_adjustments"", ""sample_values"": ""'48226', '48201'"", ""exposure_count"": 0}"
TAP000560,TRG000746,phi_column_classification,tactical,compliance.phi,2026-05,OBJ0014,fct_appointments,fct_patients.policy_number_229,vosei@northharbor.health,Vera Osei,Compliance,manager,codeowners,slack_dm,2026-05-11T15:57:00,2026-05-11T16:18:00,24,2026-05-12T16:18:00,low,6,timed_out,"{""column_name"": ""policy_number"", ""model_name"": ""fct_patients"", ""sample_values"": ""'48226', '48201'"", ""exposure_count"": 0}"
TAP000561,TRG000747,phi_column_classification,tactical,compliance.phi,2026-05,OBJ0026,fct_payers,stg_appointments.device_serial_230,bkoval@northharbor.health,Boris Koval,Compliance,ic,domains_yml,slack_dm,2026-05-27T18:57:00,2026-05-27T19:06:00,24,2026-05-28T19:06:00,low,0,deflected,"{""column_name"": ""device_serial"", ""model_name"": ""stg_appointments"", ""sample_values"": ""'4871', '9920', '3364'"", ""exposure_count"": 5}"
TAP000562,TRG000748,phi_column_classification,tactical,compliance.phi,2026-05,OBJ0002,fct_remittances,stg_writeoffs.chart_note_excerpt_231,vosei@northharbor.health,Vera Osei,Compliance,manager,codeowners,slack_dm,2026-05-12T09:00:00,2026-05-12T09:13:00,24,2026-05-13T09:13:00,medium,15,answered,"{""column_name"": ""chart_note_excerpt"", ""model_name"": ""stg_writeoffs"", ""sample_values"": ""'a3f9\u2026', 'b71c\u2026'"", ""exposure_count"": 3}"
TAP000563,TRG000749,phi_column_classification,tactical,compliance.phi,2026-05,OBJ0096,stg_diagnoses,fct_appointments.device_serial_110,vosei@northharbor.health,Vera Osei,Compliance,manager,codeowners,slack_dm,2026-05-18T17:26:00,2026-05-18T17:40:00,24,2026-05-19T17:40:00,low,2,expired,"{""column_name"": ""device_serial"", ""model_name"": ""fct_appointments"", ""sample_values"": ""'Kaiser Foods LLC'"", ""exposure_count"": 0}"
TAP000564,TRG000750,phi_column_classification,tactical,compliance.phi,2026-05,OBJ0136,avg_length_of_stay,fct_providers.insurance_group_id_232,bkoval@northharbor.health,Boris Koval,Compliance,ic,domains_yml,slack_dm,2026-05-29T14:33:00,2026-05-29T14:50:00,24,2026-05-30T14:50:00,medium,12,answered,"{""column_name"": ""insurance_group_id"", ""model_name"": ""fct_providers"", ""sample_values"": ""'a3f9\u2026', 'b71c\u2026'"", ""exposure_count"": 3}"
TAP000565,TRG000751,revenue_definition_change,strategic,finance.revenue,2026-05,OBJ0024,fct_departments,first_pass_yield|0,rmarsh@northharbor.health,Robert Marsh,Finance,cxo,domains_yml,email,2026-05-19T12:25:00,2026-05-20T00:57:00,24,2026-05-21T00:57:00,high,26,answered,"{""metric_name"": ""first_pass_yield"", ""actor"": ""Marcus Keller"", ""change_summary"": ""nets out charity care before recognition"", ""previous_definition_date"": ""2025-05-23"", ""branch"": ""feat/netting-934"", ""top_exposure"": ""Payer Mix Review""}"
TAP000566,TRG000752,revenue_definition_change,strategic,finance.revenue,2026-05,OBJ0001,fct_adjustments,clean_claim_rate|0,rmarsh@northharbor.health,Robert Marsh,Finance,cxo,domains_yml,email,2026-05-27T11:51:00,2026-05-27T17:03:00,24,2026-05-28T17:03:00,low,2,answered,"{""metric_name"": ""clean_claim_rate"", ""actor"": ""Marcus Keller"", ""change_summary"": ""excludes self-pay accounts from the numerator"", ""previous_definition_date"": ""2024-04-06"", ""branch"": ""feat/accrual-397"", ""top_exposure"": ""Payer Mix Review""}"
TAP000567,TRG000755,revenue_definition_change,strategic,finance.revenue,2026-05,OBJ0128,contractual_allowance,cost_to_collect|0,rmarsh@northharbor.health,Robert Marsh,Finance,cxo,domains_yml,email,2026-05-11T11:41:00,2026-05-11T17:47:00,24,2026-05-12T17:47:00,low,6,answered,"{""metric_name"": ""cost_to_collect"", ""actor"": ""Devon Palmer"", ""change_summary"": ""includes 340B pharmacy revenue"", ""previous_definition_date"": ""2025-01-04"", ""branch"": ""feat/accrual-598"", ""top_exposure"": ""Monthly Close Package""}"
TAP000568,TRG000756,revenue_definition_change,strategic,finance.revenue,2026-05,OBJ0022,fct_patients,net_patient_revenue|1,rmarsh@northharbor.health,Robert Marsh,Finance,cxo,domains_yml,email,2026-05-13T12:46:00,2026-05-13T14:12:00,24,2026-05-14T14:12:00,low,6,answered,"{""metric_name"": ""net_patient_revenue"", ""actor"": ""Simone Whitaker"", ""change_summary"": ""includes 340B pharmacy revenue"", ""previous_definition_date"": ""2025-11-02"", ""branch"": ""feat/netting-991"", ""top_exposure"": ""Payer Mix Review""}"
TAP000569,TRG000757,revenue_definition_change,strategic,finance.revenue,2026-05,OBJ0024,fct_departments,gross_charges|1,rmarsh@northharbor.health,Robert Marsh,Finance,cxo,domains_yml,email,2026-05-07T10:28:00,2026-05-07T22:04:00,24,2026-05-08T22:04:00,high,26,answered,"{""metric_name"": ""gross_charges"", ""actor"": ""Phong Tran"", ""change_summary"": ""includes 340B pharmacy revenue"", ""previous_definition_date"": ""2024-03-27"", ""branch"": ""feat/accrual-482"", ""top_exposure"": ""Board Pack Q2""}"
TAP000570,TRG000758,revenue_definition_change,strategic,finance.revenue,2026-05,OBJ0016,fct_measures,contractual_allowance|1,rmarsh@northharbor.health,Robert Marsh,Finance,cxo,domains_yml,email,2026-05-31T12:24:00,2026-06-01T01:36:00,24,2026-06-02T01:36:00,medium,11,answered,"{""metric_name"": ""contractual_allowance"", ""actor"": ""Hana Yusuf"", ""change_summary"": ""includes 340B pharmacy revenue"", ""previous_definition_date"": ""2025-08-09"", ""branch"": ""feat/rev-recog-781"", ""top_exposure"": ""Payer Mix Review""}"
TAP000571,TRG000760,quality_measure_criteria,strategic,clinical.quality,2026-05,OBJ0141,hcahps_top_box,readmission_rate_30d,sramirez@northharbor.health,Sofia Ramirez,Clinical Operations,director,domains_yml,slack_dm,2026-05-04T11:41:00,2026-05-04T12:02:00,48,2026-05-06T12:02:00,low,3,expired,"{""measure_name"": ""readmission_rate_30d"", ""excluded_population"": ""encounters flagged as observation-only"", ""denominator_delta_pct"": 9.8, ""reporting_body"": ""Michigan HHS"", ""reporting_cadence"": ""annual""}"
TAP000572,TRG000761,quality_measure_criteria,strategic,clinical.quality,2026-05,OBJ0140,cms_sep1_compliance,ed_left_without_being_seen,sramirez@northharbor.health,Sofia Ramirez,Clinical Operations,director,domains_yml,slack_dm,2026-05-11T10:28:00,2026-05-11T11:23:00,48,2026-05-13T11:23:00,low,3,answered,"{""measure_name"": ""ed_left_without_being_seen"", ""excluded_population"": ""patients transferred from another acute facility"", ""denominator_delta_pct"": 3.3, ""reporting_body"": ""Michigan HHS"", ""reporting_cadence"": ""annual""}"
TAP000573,TRG000762,quality_measure_criteria,strategic,clinical.quality,2026-05,OBJ0078,fct_denials,avg_length_of_stay,sramirez@northharbor.health,Sofia Ramirez,Clinical Operations,director,domains_yml,slack_dm,2026-05-25T16:16:00,2026-05-25T16:22:00,48,2026-05-27T16:22:00,low,3,answered,"{""measure_name"": ""avg_length_of_stay"", ""excluded_population"": ""members with fewer than 11 months of enrollment"", ""denominator_delta_pct"": 10.8, ""reporting_body"": ""CMS"", ""reporting_cadence"": ""annual""}"
TAP000574,TRG000764,quality_measure_criteria,strategic,clinical.quality,2026-05,OBJ0075,fct_authorizations,hedis_bcs_compliance,sramirez@northharbor.health,Sofia Ramirez,Clinical Operations,director,domains_yml,slack_dm,2026-05-16T09:12:00,2026-05-16T09:21:00,48,2026-05-18T09:21:00,high,34,answered,"{""measure_name"": ""hedis_bcs_compliance"", ""excluded_population"": ""members with fewer than 11 months of enrollment"", ""denominator_delta_pct"": 4.5, ""reporting_body"": ""Michigan HHS"", ""reporting_cadence"": ""annual""}"
TAP000575,TRG000765,quality_measure_criteria,strategic,clinical.quality,2026-05,OBJ0138,hedis_bcs_compliance,hedis_cbp_compliance,sramirez@northharbor.health,Sofia Ramirez,Clinical Operations,director,domains_yml,slack_dm,2026-05-13T08:06:00,2026-05-13T08:47:00,48,2026-05-15T08:47:00,high,31,answered,"{""measure_name"": ""hedis_cbp_compliance"", ""excluded_population"": ""patients transferred from another acute facility"", ""denominator_delta_pct"": 10.2, ""reporting_body"": ""NCQA"", ""reporting_cadence"": ""quarterly""}"
TAP000576,TRG000766,denial_reason_classification,tactical,rcm.denials,2026-06,OBJ0037,fct_facilities,Medicare Part A|OA-23,nabara@northharbor.health,Nkechi Abara,Revenue Cycle,ic,codeowners,slack_dm,2026-06-13T10:56:00,2026-06-13T11:41:00,8,2026-06-13T19:41:00,medium,15,answered,"{""payer_name"": ""Medicare Part A"", ""payer_code"": ""OA-23"", ""claim_id"": ""CLM0703885"", ""claim_amount"": ""13,460"", ""service_date"": ""2026-07-19"", ""similar_count"": 79}"
TAP000577,TRG000769,denial_reason_classification,tactical,rcm.denials,2026-06,OBJ0051,fct_balances,Medicaid MI|OA-23,mdiallo@northharbor.health,Mariam Diallo,Revenue Cycle,ic,domains_yml,slack_dm,2026-06-01T10:07:00,2026-06-01T10:27:00,8,2026-06-01T18:27:00,low,4,answered,"{""payer_name"": ""Medicaid MI"", ""payer_code"": ""OA-23"", ""claim_id"": ""CLM0703922"", ""claim_amount"": ""14,121"", ""service_date"": ""2026-02-10"", ""similar_count"": 34}"
TAP000578,TRG000770,denial_reason_classification,tactical,rcm.denials,2026-06,OBJ0046,fct_measures,Priority Health|OA-23,nabara@northharbor.health,Nkechi Abara,Revenue Cycle,ic,domains_yml,slack_dm,2026-06-17T12:35:00,2026-06-17T13:29:00,8,2026-06-17T21:29:00,low,3,answered,"{""payer_name"": ""Priority Health"", ""payer_code"": ""OA-23"", ""claim_id"": ""CLM0703959"", ""claim_amount"": ""10,611"", ""service_date"": ""2026-06-15"", ""similar_count"": 91}"
TAP000579,TRG000771,denial_reason_classification,tactical,rcm.denials,2026-06,OBJ0036,fct_diagnoses,Molina|OA-23,kobrien@northharbor.health,Kate O'Brien,Revenue Cycle,ic,codeowners,slack_dm,2026-06-07T13:31:00,2026-06-07T13:42:00,8,2026-06-07T21:42:00,low,0,timed_out,"{""payer_name"": ""Molina"", ""payer_code"": ""OA-23"", ""claim_id"": ""CLM0703996"", ""claim_amount"": ""30,098"", ""service_date"": ""2026-03-19"", ""similar_count"": 19}"
TAP000580,TRG000772,denial_reason_classification,tactical,rcm.denials,2026-06,OBJ0052,fct_patients,Tricare|OA-23,ysong@northharbor.health,Yuna Song,Revenue Cycle,lead,codeowners,slack_dm,2026-06-28T14:42:00,2026-06-28T15:18:00,8,2026-06-28T23:18:00,medium,11,answered,"{""payer_name"": ""Tricare"", ""payer_code"": ""OA-23"", ""claim_id"": ""CLM0704033"", ""claim_amount"": ""2,112"", ""service_date"": ""2026-03-09"", ""similar_count"": 10}"
TAP000581,TRG000774,denial_reason_classification,tactical,rcm.denials,2026-06,OBJ0047,fct_aging,Aetna|CO-B7,rpatel@northharbor.health,Rohan Patel,Revenue Cycle,ic,codeowners,slack_dm,2026-06-16T14:42:00,2026-06-16T15:09:00,8,2026-06-16T23:09:00,high,34,timed_out,"{""payer_name"": ""Aetna"", ""payer_code"": ""CO-B7"", ""claim_id"": ""CLM0704070"", ""claim_amount"": ""27,070"", ""service_date"": ""2026-06-10"", ""similar_count"": 62}"
TAP000582,TRG000775,denial_reason_classification,tactical,rcm.denials,2026-06,OBJ0050,fct_census,UnitedHealthcare|CO-B7,nabara@northharbor.health,Nkechi Abara,Revenue Cycle,ic,codeowners,slack_dm,2026-06-28T11:24:00,2026-06-28T12:11:00,8,2026-06-28T20:11:00,low,3,answered,"{""payer_name"": ""UnitedHealthcare"", ""payer_code"": ""CO-B7"", ""claim_id"": ""CLM0704107"", ""claim_amount"": ""24,000"", ""service_date"": ""2026-02-21"", ""similar_count"": 56}"
TAP000583,TRG000776,denial_reason_classification,tactical,rcm.denials,2026-06,OBJ0030,fct_claims,BCBS Michigan|CO-B7,thoffman@northharbor.health,Tobias Hoffman,Revenue Cycle,ic,codeowners,slack_dm,2026-06-20T12:07:00,2026-06-20T12:50:00,8,2026-06-20T20:50:00,low,3,answered,"{""payer_name"": ""BCBS Michigan"", ""payer_code"": ""CO-B7"", ""claim_id"": ""CLM0704144"", ""claim_amount"": ""20,970"", ""service_date"": ""2026-06-03"", ""similar_count"": 29}"
TAP000584,TRG000777,denial_reason_classification,tactical,rcm.denials,2026-06,OBJ0042,fct_exclusions,Cigna|CO-B7,thoffman@northharbor.health,Tobias Hoffman,Revenue Cycle,ic,codeowners,slack_dm,2026-06-29T16:10:00,2026-06-29T16:55:00,8,2026-06-30T00:55:00,low,8,timed_out,"{""payer_name"": ""Cigna"", ""payer_code"": ""CO-B7"", ""claim_id"": ""CLM0704181"", ""claim_amount"": ""7,195"", ""service_date"": ""2026-07-09"", ""similar_count"": 23}"
TAP000585,TRG000778,denial_reason_classification,tactical,rcm.denials,2026-06,OBJ0035,fct_charges,Humana|CO-B7,thoffman@northharbor.health,Tobias Hoffman,Revenue Cycle,ic,domains_yml,slack_dm,2026-06-20T13:57:00,2026-06-20T14:45:00,8,2026-06-20T22:45:00,medium,19,answered,"{""payer_name"": ""Humana"", ""payer_code"": ""CO-B7"", ""claim_id"": ""CLM0704218"", ""claim_amount"": ""3,328"", ""service_date"": ""2026-02-10"", ""similar_count"": 42}"
TAP000586,TRG000779,encounter_type_mapping,tactical,clinical.encounters,2026-06,OBJ0071,fct_service_lines,VT-516,jmwangi@northharbor.health,James Mwangi,Clinical Operations,ic,domains_yml,slack_dm,2026-06-24T13:56:00,2026-06-24T14:45:00,12,2026-06-25T02:45:00,low,8,answered,"{""visit_type_code"": ""VT-516"", ""visit_type_label"": ""Infusion suite visit"", ""source_system"": ""waystar_claims"", ""record_count"": 352, ""first_seen_date"": ""2026-04-19""}"
TAP000587,TRG000780,encounter_type_mapping,tactical,clinical.encounters,2026-06,OBJ0057,fct_admissions,VT-529,dschultz@northharbor.health,Dana Schultz,Clinical Operations,ic,domains_yml,slack_dm,2026-06-12T11:26:00,2026-06-12T11:58:00,12,2026-06-12T23:58:00,low,4,answered,"{""visit_type_code"": ""VT-529"", ""visit_type_label"": ""Nurse-only wound check"", ""source_system"": ""redox_hl7"", ""record_count"": 85, ""first_seen_date"": ""2026-06-04""}"
TAP000588,TRG000783,encounter_type_mapping,tactical,clinical.encounters,2026-06,OBJ0054,fct_departments,VT-555,hlindqvist@northharbor.health,Hanna Lindqvist,Clinical Operations,lead,codeowners,slack_dm,2026-06-29T13:58:00,2026-06-29T14:34:00,12,2026-06-30T02:34:00,medium,19,answered,"{""visit_type_code"": ""VT-555"", ""visit_type_label"": ""Cardiac rehab session"", ""source_system"": ""epic_clarity"", ""record_count"": 897, ""first_seen_date"": ""2026-03-26""}"
TAP000589,TRG000786,encounter_type_mapping,tactical,clinical.encounters,2026-06,OBJ0071,fct_service_lines,VT-581,dschultz@northharbor.health,Dana Schultz,Clinical Operations,ic,codeowners,slack_dm,2026-06-09T15:55:00,2026-06-09T16:17:00,12,2026-06-10T04:17:00,low,8,answered,"{""visit_type_code"": ""VT-581"", ""visit_type_label"": ""Observation - short stay"", ""source_system"": ""waystar_claims"", ""record_count"": 685, ""first_seen_date"": ""2026-04-26""}"
TAP000590,TRG000787,phi_column_classification,tactical,compliance.phi,2026-06,OBJ0151,epic_caboodle,stg_coverage.guarantor_dob_181,bkoval@northharbor.health,Boris Koval,Compliance,ic,domains_yml,slack_dm,2026-06-12T12:57:00,2026-06-12T13:51:00,24,2026-06-13T13:51:00,medium,16,deflected,"{""column_name"": ""guarantor_dob"", ""model_name"": ""stg_coverage"", ""sample_values"": ""'1993', '1978'"", ""exposure_count"": 0}"
TAP000591,TRG000788,phi_column_classification,tactical,compliance.phi,2026-06,OBJ0037,fct_facilities,stg_authorizations.legal_guardian_name_233,bkoval@northharbor.health,Boris Koval,Compliance,ic,domains_yml,slack_dm,2026-06-13T16:20:00,2026-06-13T16:44:00,24,2026-06-14T16:44:00,medium,15,timed_out,"{""column_name"": ""legal_guardian_name"", ""model_name"": ""stg_authorizations"", ""sample_values"": ""'(313) 555-0148'"", ""exposure_count"": 0}"
TAP000592,TRG000789,phi_column_classification,tactical,compliance.phi,2026-06,OBJ0033,fct_throughput,fct_exclusions.dob_year_only_234,vosei@northharbor.health,Vera Osei,Compliance,manager,domains_yml,slack_dm,2026-06-09T15:26:00,2026-06-09T15:38:00,24,2026-06-10T15:38:00,low,1,answered,"{""column_name"": ""dob_year_only"", ""model_name"": ""fct_exclusions"", ""sample_values"": ""'Kaiser Foods LLC'"", ""exposure_count"": 2}"
TAP000593,TRG000790,phi_column_classification,tactical,compliance.phi,2026-06,OBJ0059,fct_numerators,fct_remittances.device_serial_50,bkoval@northharbor.health,Boris Koval,Compliance,ic,codeowners,slack_dm,2026-06-05T12:26:00,2026-06-05T12:36:00,24,2026-06-06T12:36:00,medium,11,timed_out,"{""column_name"": ""device_serial"", ""model_name"": ""fct_remittances"", ""sample_values"": ""'a3f9\u2026', 'b71c\u2026'"", ""exposure_count"": 2}"
TAP000594,TRG000791,phi_column_classification,tactical,compliance.phi,2026-06,OBJ0146,write_off_pct,fct_referrals.geo_lat_rounded_235,bkoval@northharbor.health,Boris Koval,Compliance,ic,codeowners,slack_dm,2026-06-01T16:02:00,2026-06-01T16:54:00,24,2026-06-02T16:54:00,low,4,timed_out,"{""column_name"": ""geo_lat_rounded"", ""model_name"": ""fct_referrals"", ""sample_values"": ""'a3f9\u2026', 'b71c\u2026'"", ""exposure_count"": 0}"
TAP000595,TRG000792,phi_column_classification,tactical,compliance.phi,2026-06,OBJ0014,fct_appointments,stg_balances.account_alias_236,rsantos@northharbor.health,Rita Santos,Compliance,manager,codeowners,slack_dm,2026-06-18T16:43:00,2026-06-18T17:32:00,24,2026-06-19T17:32:00,low,6,timed_out,"{""column_name"": ""account_alias"", ""model_name"": ""stg_balances"", ""sample_values"": ""'1993', '1978'"", ""exposure_count"": 1}"
TAP000596,TRG000794,phi_column_classification,tactical,compliance.phi,2026-06,OBJ0019,fct_coverage,fct_cohorts.prior_auth_number_237,rsantos@northharbor.health,Rita Santos,Compliance,manager,codeowners,slack_dm,2026-06-23T07:15:00,2026-06-23T07:47:00,24,2026-06-24T07:47:00,high,26,answered,"{""column_name"": ""prior_auth_number"", ""model_name"": ""fct_cohorts"", ""sample_values"": ""'1993', '1978'"", ""exposure_count"": 0}"
TAP000597,TRG000795,phi_column_classification,tactical,compliance.phi,2026-06,OBJ0075,fct_authorizations,stg_legacy_extract_4.claim_note_text_238,bkoval@northharbor.health,Boris Koval,Compliance,ic,domains_yml,slack_dm,2026-06-04T18:04:00,2026-06-04T18:18:00,24,2026-06-05T18:18:00,high,34,expired,"{""column_name"": ""claim_note_text"", ""model_name"": ""stg_legacy_extract_4"", ""sample_values"": ""'Kaiser Foods LLC'"", ""exposure_count"": 0}"
TAP000598,TRG000796,phi_column_classification,tactical,compliance.phi,2026-06,OBJ0078,fct_denials,stg_departments.chart_note_excerpt_231,bkoval@northharbor.health,Boris Koval,Compliance,ic,codeowners,slack_dm,2026-06-06T14:26:00,2026-06-06T14:42:00,24,2026-06-07T14:42:00,low,3,answered,"{""column_name"": ""chart_note_excerpt"", ""model_name"": ""stg_departments"", ""sample_values"": ""'a3f9\u2026', 'b71c\u2026'"", ""exposure_count"": 0}"
TAP000599,TRG000797,phi_column_classification,tactical,compliance.phi,2026-06,OBJ0075,fct_authorizations,fct_eligibility.device_serial_130,bkoval@northharbor.health,Boris Koval,Compliance,ic,codeowners,slack_dm,2026-06-26T08:08:00,2026-06-26T08:31:00,24,2026-06-27T08:31:00,high,34,timed_out,"{""column_name"": ""device_serial"", ""model_name"": ""fct_eligibility"", ""sample_values"": ""'1993', '1978'"", ""exposure_count"": 3}"
TAP000600,TRG000798,phi_column_classification,tactical,compliance.phi,2026-06,OBJ0059,fct_numerators,fct_diagnoses.employer_name_239,rsantos@northharbor.health,Rita Santos,Compliance,manager,domains_yml,slack_dm,2026-06-11T15:32:00,2026-06-11T15:49:00,24,2026-06-12T15:49:00,medium,11,timed_out,"{""column_name"": ""employer_name"", ""model_name"": ""fct_diagnoses"", ""sample_values"": ""'1993', '1978'"", ""exposure_count"": 0}"
TAP000601,TRG000799,phi_column_classification,tactical,compliance.phi,2026-06,OBJ0146,write_off_pct,fct_throughput.mrn_alt_240,bkoval@northharbor.health,Boris Koval,Compliance,ic,codeowners,slack_dm,2026-06-27T17:02:00,2026-06-27T17:44:00,24,2026-06-28T17:44:00,low,4,answered,"{""column_name"": ""mrn_alt"", ""model_name"": ""fct_throughput"", ""sample_values"": ""'Kaiser Foods LLC'"", ""exposure_count"": 1}"
TAP000602,TRG000801,phi_column_classification,tactical,compliance.phi,2026-06,OBJ0113,stg_procedures,fct_coverage.device_serial_230,bkoval@northharbor.health,Boris Koval,Compliance,ic,codeowners,slack_dm,2026-06-27T10:59:00,2026-06-27T11:07:00,24,2026-06-28T11:07:00,low,4,answered,"{""column_name"": ""device_serial"", ""model_name"": ""fct_coverage"", ""sample_values"": ""'4871', '9920', '3364'"", ""exposure_count"": 0}"
TAP000603,TRG000802,phi_column_classification,tactical,compliance.phi,2026-06,OBJ0142,new_patient_starts,fct_payers.mrn_alt_240,rsantos@northharbor.health,Rita Santos,Compliance,manager,codeowners,slack_dm,2026-06-23T18:59:00,2026-06-23T19:15:00,24,2026-06-24T19:15:00,low,4,timed_out,"{""column_name"": ""mrn_alt"", ""model_name"": ""fct_payers"", ""sample_values"": ""'48226', '48201'"", ""exposure_count"": 2}"
TAP000604,TRG000803,phi_column_classification,tactical,compliance.phi,2026-06,OBJ0036,fct_diagnoses,stg_patients.subscriber_ssn_last4_242,bkoval@northharbor.health,Boris Koval,Compliance,ic,codeowners,slack_dm,2026-06-05T08:43:00,2026-06-05T09:02:00,24,2026-06-06T09:02:00,low,0,answered,"{""column_name"": ""subscriber_ssn_last4"", ""model_name"": ""stg_patients"", ""sample_values"": ""'Kaiser Foods LLC'"", ""exposure_count"": 3}"
TAP000605,TRG000804,phi_column_classification,tactical,compliance.phi,2026-06,OBJ0134,readmission_rate_30d,fct_providers.home_phone_e164_243,bkoval@northharbor.health,Boris Koval,Compliance,ic,codeowners,slack_dm,2026-06-15T09:33:00,2026-06-15T09:53:00,24,2026-06-16T09:53:00,medium,18,answered,"{""column_name"": ""home_phone_e164"", ""model_name"": ""fct_providers"", ""sample_values"": ""'Kaiser Foods LLC'"", ""exposure_count"": 5}"
TAP000606,TRG000805,phi_column_classification,tactical,compliance.phi,2026-06,OBJ0047,fct_aging,fct_denials.referring_npi_244,bkoval@northharbor.health,Boris Koval,Compliance,ic,codeowners,slack_dm,2026-06-23T09:29:00,2026-06-23T09:54:00,24,2026-06-24T09:54:00,high,34,answered,"{""column_name"": ""referring_npi"", ""model_name"": ""fct_denials"", ""sample_values"": ""'Kaiser Foods LLC'"", ""exposure_count"": 1}"
TAP000607,TRG000806,phi_column_classification,tactical,compliance.phi,2026-06,OBJ0129,days_in_ar,stg_providers.patient_email_hash_245,bkoval@northharbor.health,Boris Koval,Compliance,ic,codeowners,slack_dm,2026-06-30T10:20:00,2026-06-30T11:05:00,24,2026-07-01T11:05:00,medium,12,expired,"{""column_name"": ""patient_email_hash"", ""model_name"": ""stg_providers"", ""sample_values"": ""'a3f9\u2026', 'b71c\u2026'"", ""exposure_count"": 1}"
TAP000608,TRG000807,phi_column_classification,tactical,compliance.phi,2026-06,OBJ0127,gross_charges,stg_appointments.zip_plus_four_246,bkoval@northharbor.health,Boris Koval,Compliance,ic,codeowners,slack_dm,2026-06-11T10:19:00,2026-06-11T10:55:00,24,2026-06-12T10:55:00,medium,18,timed_out,"{""column_name"": ""zip_plus_four"", ""model_name"": ""stg_appointments"", ""sample_values"": ""'(313) 555-0148'"", ""exposure_count"": 5}"
TAP000609,TRG000808,phi_column_classification,tactical,compliance.phi,2026-06,OBJ0044,fct_appointments,fct_cohorts.member_id_raw_247,bkoval@northharbor.health,Boris Koval,Compliance,ic,domains_yml,slack_dm,2026-06-15T11:32:00,2026-06-15T12:16:00,24,2026-06-16T12:16:00,low,0,answered,"{""column_name"": ""member_id_raw"", ""model_name"": ""fct_cohorts"", ""sample_values"": ""'(313) 555-0148'"", ""exposure_count"": 0}"
TAP000610,TRG000809,phi_column_classification,tactical,compliance.phi,2026-06,OBJ0115,stg_cohorts,fct_charges.emergency_contact_name_248,vosei@northharbor.health,Vera Osei,Compliance,manager,codeowners,slack_dm,2026-06-17T15:09:00,2026-06-17T15:47:00,24,2026-06-18T15:47:00,low,2,answered,"{""column_name"": ""emergency_contact_name"", ""model_name"": ""fct_charges"", ""sample_values"": ""'1993', '1978'"", ""exposure_count"": 1}"
TAP000611,TRG000810,phi_column_classification,tactical,compliance.phi,2026-06,OBJ0006,fct_diagnoses,fct_procedures.policy_number_249,vosei@northharbor.health,Vera Osei,Compliance,manager,codeowners,slack_dm,2026-06-01T16:28:00,2026-06-01T16:38:00,24,2026-06-02T16:38:00,low,1,answered,"{""column_name"": ""policy_number"", ""model_name"": ""fct_procedures"", ""sample_values"": ""'a3f9\u2026', 'b71c\u2026'"", ""exposure_count"": 0}"
TAP000612,TRG000811,phi_column_classification,tactical,compliance.phi,2026-06,OBJ0130,denial_rate,fct_census.zip_plus_four_126,rsantos@northharbor.health,Rita Santos,Compliance,manager,domains_yml,slack_dm,2026-06-06T11:54:00,2026-06-06T12:06:00,24,2026-06-07T12:06:00,high,31,timed_out,"{""column_name"": ""zip_plus_four"", ""model_name"": ""fct_census"", ""sample_values"": ""'4871', '9920', '3364'"", ""exposure_count"": 1}"
TAP000613,TRG000812,phi_column_classification,tactical,compliance.phi,2026-06,OBJ0123,stg_legacy_extract_5,fct_encounters.device_serial_250,bkoval@northharbor.health,Boris Koval,Compliance,ic,domains_yml,slack_dm,2026-06-09T13:33:00,2026-06-09T14:00:00,24,2026-06-10T14:00:00,low,4,answered,"{""column_name"": ""device_serial"", ""model_name"": ""fct_encounters"", ""sample_values"": ""'4871', '9920', '3364'"", ""exposure_count"": 1}"
TAP000614,TRG000813,phi_column_classification,tactical,compliance.phi,2026-06,OBJ0079,fct_coverage,fct_diagnoses.chart_note_excerpt_251,bkoval@northharbor.health,Boris Koval,Compliance,ic,domains_yml,slack_dm,2026-06-29T08:22:00,2026-06-29T09:04:00,24,2026-06-30T09:04:00,low,3,answered,"{""column_name"": ""chart_note_excerpt"", ""model_name"": ""fct_diagnoses"", ""sample_values"": ""'4871', '9920', '3364'"", ""exposure_count"": 0}"
TAP000615,TRG000814,phi_column_classification,tactical,compliance.phi,2026-06,OBJ0114,stg_departments,stg_coverage.insurance_group_id_252,vosei@northharbor.health,Vera Osei,Compliance,manager,domains_yml,slack_dm,2026-06-29T11:16:00,2026-06-29T12:11:00,24,2026-06-30T12:11:00,low,0,answered,"{""column_name"": ""insurance_group_id"", ""model_name"": ""stg_coverage"", ""sample_values"": ""'4871', '9920', '3364'"", ""exposure_count"": 0}"
TAP000616,TRG000815,phi_column_classification,tactical,compliance.phi,2026-06,OBJ0012,fct_exclusions,stg_legacy_extract_7.mrn_alt_0,bkoval@northharbor.health,Boris Koval,Compliance,ic,codeowners,slack_dm,2026-06-13T14:31:00,2026-06-13T15:05:00,24,2026-06-14T15:05:00,low,0,answered,"{""column_name"": ""mrn_alt"", ""model_name"": ""stg_legacy_extract_7"", ""sample_values"": ""'1993', '1978'"", ""exposure_count"": 0}"
TAP000617,TRG000816,phi_column_classification,tactical,compliance.phi,2026-06,OBJ0163,cms_qpp_feedback,fct_claims.geo_lat_rounded_215,vosei@northharbor.health,Vera Osei,Compliance,manager,codeowners,slack_dm,2026-06-04T09:36:00,2026-06-04T10:03:00,24,2026-06-05T10:03:00,medium,16,answered,"{""column_name"": ""geo_lat_rounded"", ""model_name"": ""fct_claims"", ""sample_values"": ""'Kaiser Foods LLC'"", ""exposure_count"": 1}"
TAP000618,TRG000817,phi_column_classification,tactical,compliance.phi,2026-06,OBJ0082,fct_patients,fct_aging.legal_guardian_name_253,bkoval@northharbor.health,Boris Koval,Compliance,ic,codeowners,slack_dm,2026-06-09T12:13:00,2026-06-09T13:00:00,24,2026-06-10T13:00:00,medium,19,answered,"{""column_name"": ""legal_guardian_name"", ""model_name"": ""fct_aging"", ""sample_values"": ""'Kaiser Foods LLC'"", ""exposure_count"": 1}"
TAP000619,TRG000818,phi_column_classification,tactical,compliance.phi,2026-06,OBJ0105,stg_authorizations,fct_writeoffs.account_alias_136,vosei@northharbor.health,Vera Osei,Compliance,manager,codeowners,slack_dm,2026-06-24T15:15:00,2026-06-24T15:20:00,24,2026-06-25T15:20:00,high,34,answered,"{""column_name"": ""account_alias"", ""model_name"": ""fct_writeoffs"", ""sample_values"": ""'Kaiser Foods LLC'"", ""exposure_count"": 5}"
TAP000620,TRG000819,phi_column_classification,tactical,compliance.phi,2026-06,OBJ0121,stg_legacy_extract_3,stg_charges.dob_year_only_254,vosei@northharbor.health,Vera Osei,Compliance,manager,codeowners,slack_dm,2026-06-25T13:49:00,2026-06-25T14:07:00,24,2026-06-26T14:07:00,low,1,answered,"{""column_name"": ""dob_year_only"", ""model_name"": ""stg_charges"", ""sample_values"": ""'48226', '48201'"", ""exposure_count"": 3}"
TAP000621,TRG000820,phi_column_classification,tactical,compliance.phi,2026-06,OBJ0135,ed_left_without_being_seen,fct_facilities.guarantor_dob_221,bkoval@northharbor.health,Boris Koval,Compliance,ic,codeowners,slack_dm,2026-06-27T12:06:00,2026-06-27T12:12:00,24,2026-06-28T12:12:00,high,31,answered,"{""column_name"": ""guarantor_dob"", ""model_name"": ""fct_facilities"", ""sample_values"": ""'Kaiser Foods LLC'"", ""exposure_count"": 1}"
TAP000622,TRG000822,phi_column_classification,tactical,compliance.phi,2026-06,OBJ0162,surescripts_rx,fct_service_lines.claim_note_text_198,vosei@northharbor.health,Vera Osei,Compliance,manager,codeowners,slack_dm,2026-06-26T12:06:00,2026-06-26T12:41:00,24,2026-06-27T12:41:00,low,9,answered,"{""column_name"": ""claim_note_text"", ""model_name"": ""fct_service_lines"", ""sample_values"": ""'Kaiser Foods LLC'"", ""exposure_count"": 0}"
TAP000623,TRG000823,phi_column_classification,tactical,compliance.phi,2026-06,OBJ0117,stg_admissions,fct_departments.mrn_alt_220,rsantos@northharbor.health,Rita Santos,Compliance,manager,codeowners,slack_dm,2026-06-29T11:54:00,2026-06-29T12:16:00,24,2026-06-30T12:16:00,low,4,answered,"{""column_name"": ""mrn_alt"", ""model_name"": ""fct_departments"", ""sample_values"": ""'1993', '1978'"", ""exposure_count"": 5}"
TAP000624,TRG000824,phi_column_classification,tactical,compliance.phi,2026-06,OBJ0146,write_off_pct,fct_authorizations.account_alias_256,bkoval@northharbor.health,Boris Koval,Compliance,ic,codeowners,slack_dm,2026-06-30T17:56:00,2026-06-30T18:02:00,24,2026-07-01T18:02:00,low,4,answered,"{""column_name"": ""account_alias"", ""model_name"": ""fct_authorizations"", ""sample_values"": ""'48226', '48201'"", ""exposure_count"": 0}"
TAP000625,TRG000825,phi_column_classification,tactical,compliance.phi,2026-06,OBJ0038,fct_eligibility,fct_remittances.prior_auth_number_257,bkoval@northharbor.health,Boris Koval,Compliance,ic,domains_yml,slack_dm,2026-06-21T12:40:00,2026-06-21T13:33:00,24,2026-06-22T13:33:00,low,3,answered,"{""column_name"": ""prior_auth_number"", ""model_name"": ""fct_remittances"", ""sample_values"": ""'(313) 555-0148'"", ""exposure_count"": 2}"
TAP000626,TRG000826,phi_column_classification,tactical,compliance.phi,2026-06,OBJ0045,fct_authorizations,stg_denials.claim_note_text_258,vosei@northharbor.health,Vera Osei,Compliance,manager,domains_yml,slack_dm,2026-06-22T09:24:00,2026-06-22T09:55:00,24,2026-06-23T09:55:00,low,8,answered,"{""column_name"": ""claim_note_text"", ""model_name"": ""stg_denials"", ""sample_values"": ""'(313) 555-0148'"", ""exposure_count"": 1}"
TAP000627,TRG000827,phi_column_classification,tactical,compliance.phi,2026-06,OBJ0144,charge_lag_days,stg_measures.account_alias_256,bkoval@northharbor.health,Boris Koval,Compliance,ic,domains_yml,slack_dm,2026-06-12T12:49:00,2026-06-12T13:04:00,24,2026-06-13T13:04:00,low,2,deflected,"{""column_name"": ""account_alias"", ""model_name"": ""stg_measures"", ""sample_values"": ""'Kaiser Foods LLC'"", ""exposure_count"": 5}"
TAP000628,TRG000828,phi_column_classification,tactical,compliance.phi,2026-06,OBJ0074,fct_appointments,stg_legacy_extract_6.employer_name_199,rsantos@northharbor.health,Rita Santos,Compliance,manager,domains_yml,slack_dm,2026-06-07T13:43:00,2026-06-07T14:13:00,24,2026-06-08T14:13:00,medium,15,answered,"{""column_name"": ""employer_name"", ""model_name"": ""stg_legacy_extract_6"", ""sample_values"": ""'Kaiser Foods LLC'"", ""exposure_count"": 0}"
TAP000629,TRG000829,phi_column_classification,tactical,compliance.phi,2026-06,OBJ0017,fct_aging,stg_writeoffs.employer_name_259,bkoval@northharbor.health,Boris Koval,Compliance,ic,domains_yml,slack_dm,2026-06-20T14:13:00,2026-06-20T14:20:00,24,2026-06-21T14:20:00,low,6,answered,"{""column_name"": ""employer_name"", ""model_name"": ""stg_writeoffs"", ""sample_values"": ""'(313) 555-0148'"", ""exposure_count"": 3}"
TAP000630,TRG000830,phi_column_classification,tactical,compliance.phi,2026-06,OBJ0046,fct_measures,fct_patients.patient_email_hash_225,bkoval@northharbor.health,Boris Koval,Compliance,ic,domains_yml,slack_dm,2026-06-07T10:38:00,2026-06-07T11:04:00,24,2026-06-08T11:04:00,low,3,deflected,"{""column_name"": ""patient_email_hash"", ""model_name"": ""fct_patients"", ""sample_values"": ""'4871', '9920', '3364'"", ""exposure_count"": 0}"
TAP000631,TRG000831,phi_column_classification,tactical,compliance.phi,2026-06,OBJ0074,fct_appointments,fct_aging.subscriber_ssn_last4_182,bkoval@northharbor.health,Boris Koval,Compliance,ic,domains_yml,slack_dm,2026-06-01T10:23:00,2026-06-01T11:14:00,24,2026-06-02T11:14:00,medium,15,answered,"{""column_name"": ""subscriber_ssn_last4"", ""model_name"": ""fct_aging"", ""sample_values"": ""'a3f9\u2026', 'b71c\u2026'"", ""exposure_count"": 0}"
TAP000632,TRG000832,phi_column_classification,tactical,compliance.phi,2026-06,OBJ0050,fct_census,fct_throughput.mrn_alt_260,bkoval@northharbor.health,Boris Koval,Compliance,ic,codeowners,slack_dm,2026-06-01T14:01:00,2026-06-01T14:56:00,24,2026-06-02T14:56:00,low,3,timed_out,"{""column_name"": ""mrn_alt"", ""model_name"": ""fct_throughput"", ""sample_values"": ""'a3f9\u2026', 'b71c\u2026'"", ""exposure_count"": 1}"
TAP000633,TRG000833,phi_column_classification,tactical,compliance.phi,2026-06,OBJ0089,stg_numerators,fct_facilities.guarantor_dob_81,bkoval@northharbor.health,Boris Koval,Compliance,ic,domains_yml,slack_dm,2026-06-07T08:38:00,2026-06-07T09:18:00,24,2026-06-08T09:18:00,low,6,answered,"{""column_name"": ""guarantor_dob"", ""model_name"": ""fct_facilities"", ""sample_values"": ""'1993', '1978'"", ""exposure_count"": 1}"
TAP000634,TRG000834,phi_column_classification,tactical,compliance.phi,2026-06,OBJ0143,referral_conversion,stg_legacy_extract_3.guarantor_dob_261,bkoval@northharbor.health,Boris Koval,Compliance,ic,codeowners,slack_dm,2026-06-12T12:44:00,2026-06-12T12:52:00,24,2026-06-13T12:52:00,low,4,answered,"{""column_name"": ""guarantor_dob"", ""model_name"": ""stg_legacy_extract_3"", ""sample_values"": ""'(313) 555-0148'"", ""exposure_count"": 0}"
TAP000635,TRG000835,phi_column_classification,tactical,compliance.phi,2026-06,OBJ0078,fct_denials,fct_procedures.subscriber_ssn_last4_122,bkoval@northharbor.health,Boris Koval,Compliance,ic,codeowners,slack_dm,2026-06-13T14:31:00,2026-06-13T15:08:00,24,2026-06-14T15:08:00,low,3,answered,"{""column_name"": ""subscriber_ssn_last4"", ""model_name"": ""fct_procedures"", ""sample_values"": ""'(313) 555-0148'"", ""exposure_count"": 1}"
TAP000636,TRG000836,phi_column_classification,tactical,compliance.phi,2026-06,OBJ0049,fct_coverage,fct_patients.zip_plus_four_186,vosei@northharbor.health,Vera Osei,Compliance,manager,codeowners,slack_dm,2026-06-08T12:44:00,2026-06-08T13:15:00,24,2026-06-09T13:15:00,high,34,answered,"{""column_name"": ""zip_plus_four"", ""model_name"": ""fct_patients"", ""sample_values"": ""'48226', '48201'"", ""exposure_count"": 0}"
TAP000637,TRG000837,phi_column_classification,tactical,compliance.phi,2026-06,OBJ0141,hcahps_top_box,stg_legacy_extract_7.legal_guardian_name_173,bkoval@northharbor.health,Boris Koval,Compliance,ic,codeowners,slack_dm,2026-06-21T15:26:00,2026-06-21T16:01:00,24,2026-06-22T16:01:00,low,3,expired,"{""column_name"": ""legal_guardian_name"", ""model_name"": ""stg_legacy_extract_7"", ""sample_values"": ""'1993', '1978'"", ""exposure_count"": 0}"
TAP000638,TRG000838,phi_column_classification,tactical,compliance.phi,2026-06,OBJ0153,availity_remits,fct_discharges.device_serial_50,bkoval@northharbor.health,Boris Koval,Compliance,ic,codeowners,slack_dm,2026-06-14T12:29:00,2026-06-14T13:09:00,24,2026-06-15T13:09:00,low,3,answered,"{""column_name"": ""device_serial"", ""model_name"": ""fct_discharges"", ""sample_values"": ""'48226', '48201'"", ""exposure_count"": 5}"
TAP000639,TRG000839,phi_column_classification,tactical,compliance.phi,2026-06,OBJ0157,salesforce_referrals,stg_departments.subscriber_ssn_last4_262,rsantos@northharbor.health,Rita Santos,Compliance,manager,codeowners,slack_dm,2026-06-18T15:08:00,2026-06-18T15:51:00,24,2026-06-19T15:51:00,low,3,answered,"{""column_name"": ""subscriber_ssn_last4"", ""model_name"": ""stg_departments"", ""sample_values"": ""'4871', '9920', '3364'"", ""exposure_count"": 0}"
TAP000640,TRG000840,phi_column_classification,tactical,compliance.phi,2026-06,OBJ0149,observation_conversion_rate,fct_exclusions.prior_auth_number_77,bkoval@northharbor.health,Boris Koval,Compliance,ic,domains_yml,slack_dm,2026-06-20T13:30:00,2026-06-20T13:53:00,24,2026-06-21T13:53:00,high,31,answered,"{""column_name"": ""prior_auth_number"", ""model_name"": ""fct_exclusions"", ""sample_values"": ""'4871', '9920', '3364'"", ""exposure_count"": 0}"
TAP000641,TRG000841,phi_column_classification,tactical,compliance.phi,2026-06,OBJ0057,fct_admissions,stg_denials.zip_plus_four_26,bkoval@northharbor.health,Boris Koval,Compliance,ic,domains_yml,slack_dm,2026-06-12T15:12:00,2026-06-12T15:40:00,24,2026-06-13T15:40:00,low,4,answered,"{""column_name"": ""zip_plus_four"", ""model_name"": ""stg_denials"", ""sample_values"": ""'(313) 555-0148'"", ""exposure_count"": 1}"
TAP000642,TRG000842,phi_column_classification,tactical,compliance.phi,2026-06,OBJ0031,fct_adjustments,stg_departments.home_phone_e164_263,bkoval@northharbor.health,Boris Koval,Compliance,ic,domains_yml,slack_dm,2026-06-23T16:14:00,2026-06-23T16:31:00,24,2026-06-24T16:31:00,low,2,answered,"{""column_name"": ""home_phone_e164"", ""model_name"": ""stg_departments"", ""sample_values"": ""'1993', '1978'"", ""exposure_count"": 0}"
TAP000643,TRG000843,phi_column_classification,tactical,compliance.phi,2026-06,OBJ0148,encounters_per_provider_day,fct_referrals.referring_npi_264,bkoval@northharbor.health,Boris Koval,Compliance,ic,codeowners,slack_dm,2026-06-27T15:21:00,2026-06-27T15:23:00,24,2026-06-28T15:23:00,high,31,timed_out,"{""column_name"": ""referring_npi"", ""model_name"": ""fct_referrals"", ""sample_values"": ""'Kaiser Foods LLC'"", ""exposure_count"": 0}"
TAP000644,TRG000844,phi_column_classification,tactical,compliance.phi,2026-06,OBJ0036,fct_diagnoses,fct_encounters.dob_year_only_14,bkoval@northharbor.health,Boris Koval,Compliance,ic,codeowners,slack_dm,2026-06-25T18:50:00,2026-06-25T19:24:00,24,2026-06-26T19:24:00,low,0,answered,"{""column_name"": ""dob_year_only"", ""model_name"": ""fct_encounters"", ""sample_values"": ""'48226', '48201'"", ""exposure_count"": 3}"
TAP000645,TRG000845,phi_column_classification,tactical,compliance.phi,2026-06,OBJ0132,clean_claim_rate,fct_facilities.patient_email_hash_265,bkoval@northharbor.health,Boris Koval,Compliance,ic,domains_yml,slack_dm,2026-06-16T14:44:00,2026-06-16T14:58:00,24,2026-06-17T14:58:00,high,25,answered,"{""column_name"": ""patient_email_hash"", ""model_name"": ""fct_facilities"", ""sample_values"": ""'Kaiser Foods LLC'"", ""exposure_count"": 1}"
TAP000646,TRG000846,phi_column_classification,tactical,compliance.phi,2026-06,OBJ0110,stg_census,fct_numerators.guarantor_dob_101,bkoval@northharbor.health,Boris Koval,Compliance,ic,domains_yml,slack_dm,2026-06-28T17:21:00,2026-06-28T17:26:00,24,2026-06-29T17:26:00,low,2,timed_out,"{""column_name"": ""guarantor_dob"", ""model_name"": ""fct_numerators"", ""sample_values"": ""'a3f9\u2026', 'b71c\u2026'"", ""exposure_count"": 1}"
TAP000647,TRG000847,phi_column_classification,tactical,compliance.phi,2026-06,OBJ0137,bed_occupancy_rate,fct_providers.device_serial_110,rsantos@northharbor.health,Rita Santos,Compliance,manager,codeowners,slack_dm,2026-06-04T12:25:00,2026-06-04T12:39:00,24,2026-06-05T12:39:00,low,4,answered,"{""column_name"": ""device_serial"", ""model_name"": ""fct_providers"", ""sample_values"": ""'4871', '9920', '3364'"", ""exposure_count"": 5}"
TAP000648,TRG000848,phi_column_classification,tactical,compliance.phi,2026-06,OBJ0023,fct_procedures,fct_charges.zip_plus_four_106,rsantos@northharbor.health,Rita Santos,Compliance,manager,domains_yml,slack_dm,2026-06-30T13:33:00,2026-06-30T13:40:00,24,2026-07-01T13:40:00,low,1,deflected,"{""column_name"": ""zip_plus_four"", ""model_name"": ""fct_charges"", ""sample_values"": ""'48226', '48201'"", ""exposure_count"": 5}"
TAP000649,TRG000849,phi_column_classification,tactical,compliance.phi,2026-06,OBJ0129,days_in_ar,fct_providers.zip_plus_four_266,vosei@northharbor.health,Vera Osei,Compliance,manager,codeowners,slack_dm,2026-06-23T11:14:00,2026-06-23T11:33:00,24,2026-06-24T11:33:00,medium,12,answered,"{""column_name"": ""zip_plus_four"", ""model_name"": ""fct_providers"", ""sample_values"": ""'a3f9\u2026', 'b71c\u2026'"", ""exposure_count"": 3}"
TAP000650,TRG000850,phi_column_classification,tactical,compliance.phi,2026-06,OBJ0065,fct_charges,stg_legacy_extract_5.device_serial_50,vosei@northharbor.health,Vera Osei,Compliance,manager,codeowners,slack_dm,2026-06-19T14:55:00,2026-06-19T15:17:00,24,2026-06-20T15:17:00,low,4,answered,"{""column_name"": ""device_serial"", ""model_name"": ""stg_legacy_extract_5"", ""sample_values"": ""'Kaiser Foods LLC'"", ""exposure_count"": 0}"
TAP000651,TRG000851,phi_column_classification,tactical,compliance.phi,2026-06,OBJ0150,epic_clarity,fct_balances.account_alias_76,bkoval@northharbor.health,Boris Koval,Compliance,ic,codeowners,slack_dm,2026-06-18T11:12:00,2026-06-18T12:05:00,24,2026-06-19T12:05:00,medium,12,answered,"{""column_name"": ""account_alias"", ""model_name"": ""fct_balances"", ""sample_values"": ""'1993', '1978'"", ""exposure_count"": 2}"
TAP000652,TRG000852,phi_column_classification,tactical,compliance.phi,2026-06,OBJ0071,fct_service_lines,fct_facilities.member_id_raw_267,bkoval@northharbor.health,Boris Koval,Compliance,ic,codeowners,slack_dm,2026-06-16T12:05:00,2026-06-16T12:46:00,24,2026-06-17T12:46:00,low,8,answered,"{""column_name"": ""member_id_raw"", ""model_name"": ""fct_facilities"", ""sample_values"": ""'(313) 555-0148'"", ""exposure_count"": 1}"
TAP000653,TRG000853,phi_column_classification,tactical,compliance.phi,2026-06,OBJ0015,fct_authorizations,fct_balances.zip_plus_four_166,rsantos@northharbor.health,Rita Santos,Compliance,manager,codeowners,slack_dm,2026-06-05T09:07:00,2026-06-05T09:27:00,24,2026-06-06T09:27:00,low,4,answered,"{""column_name"": ""zip_plus_four"", ""model_name"": ""fct_balances"", ""sample_values"": ""'1993', '1978'"", ""exposure_count"": 1}"
TAP000654,TRG000854,phi_column_classification,tactical,compliance.phi,2026-06,OBJ0010,fct_discharges,stg_numerators.account_alias_116,rsantos@northharbor.health,Rita Santos,Compliance,manager,codeowners,slack_dm,2026-06-08T11:48:00,2026-06-08T12:38:00,24,2026-06-09T12:38:00,medium,11,answered,"{""column_name"": ""account_alias"", ""model_name"": ""stg_numerators"", ""sample_values"": ""'4871', '9920', '3364'"", ""exposure_count"": 0}"
TAP000655,TRG000855,phi_column_classification,tactical,compliance.phi,2026-06,OBJ0016,fct_measures,fct_authorizations.chart_note_excerpt_231,bkoval@northharbor.health,Boris Koval,Compliance,ic,codeowners,slack_dm,2026-06-17T08:22:00,2026-06-17T08:52:00,24,2026-06-18T08:52:00,medium,11,answered,"{""column_name"": ""chart_note_excerpt"", ""model_name"": ""fct_authorizations"", ""sample_values"": ""'1993', '1978'"", ""exposure_count"": 4}"
TAP000656,TRG000856,phi_column_classification,tactical,compliance.phi,2026-06,OBJ0044,fct_appointments,fct_exclusions.emergency_contact_name_268,vosei@northharbor.health,Vera Osei,Compliance,manager,codeowners,slack_dm,2026-06-05T18:51:00,2026-06-05T18:53:00,24,2026-06-06T18:53:00,low,0,answered,"{""column_name"": ""emergency_contact_name"", ""model_name"": ""fct_exclusions"", ""sample_values"": ""'a3f9\u2026', 'b71c\u2026'"", ""exposure_count"": 0}"
TAP000657,TRG000857,phi_column_classification,tactical,compliance.phi,2026-06,OBJ0015,fct_authorizations,stg_aging.policy_number_269,rsantos@northharbor.health,Rita Santos,Compliance,manager,domains_yml,slack_dm,2026-06-03T08:45:00,2026-06-03T08:56:00,24,2026-06-04T08:56:00,low,4,timed_out,"{""column_name"": ""policy_number"", ""model_name"": ""stg_aging"", ""sample_values"": ""'a3f9\u2026', 'b71c\u2026'"", ""exposure_count"": 1}"
TAP000658,TRG000858,phi_column_classification,tactical,compliance.phi,2026-06,OBJ0153,availity_remits,stg_adjustments.device_serial_270,bkoval@northharbor.health,Boris Koval,Compliance,ic,codeowners,slack_dm,2026-06-19T11:56:00,2026-06-19T12:47:00,24,2026-06-20T12:47:00,low,3,answered,"{""column_name"": ""device_serial"", ""model_name"": ""stg_adjustments"", ""sample_values"": ""'(313) 555-0148'"", ""exposure_count"": 2}"
TAP000659,TRG000859,phi_column_classification,tactical,compliance.phi,2026-06,OBJ0091,stg_adjustments,fct_charges.chart_note_excerpt_271,rsantos@northharbor.health,Rita Santos,Compliance,manager,codeowners,slack_dm,2026-06-01T18:14:00,2026-06-01T18:29:00,24,2026-06-02T18:29:00,low,3,answered,"{""column_name"": ""chart_note_excerpt"", ""model_name"": ""fct_charges"", ""sample_values"": ""'(313) 555-0148'"", ""exposure_count"": 5}"
TAP000660,TRG000860,phi_column_classification,tactical,compliance.phi,2026-06,OBJ0159,redox_hl7,fct_encounters.insurance_group_id_272,bkoval@northharbor.health,Boris Koval,Compliance,ic,codeowners,slack_dm,2026-06-06T17:17:00,2026-06-06T17:18:00,24,2026-06-07T17:18:00,low,3,expired,"{""column_name"": ""insurance_group_id"", ""model_name"": ""fct_encounters"", ""sample_values"": ""'1993', '1978'"", ""exposure_count"": 3}"
TAP000661,TRG000861,phi_column_classification,tactical,compliance.phi,2026-06,OBJ0076,fct_measures,fct_cohorts.legal_guardian_name_273,bkoval@northharbor.health,Boris Koval,Compliance,ic,domains_yml,slack_dm,2026-06-26T17:46:00,2026-06-26T18:24:00,24,2026-06-27T18:24:00,low,6,expired,"{""column_name"": ""legal_guardian_name"", ""model_name"": ""fct_cohorts"", ""sample_values"": ""'4871', '9920', '3364'"", ""exposure_count"": 0}"
TAP000662,TRG000862,phi_column_classification,tactical,compliance.phi,2026-06,OBJ0001,fct_adjustments,stg_authorizations.dob_year_only_274,vosei@northharbor.health,Vera Osei,Compliance,manager,codeowners,slack_dm,2026-06-08T14:48:00,2026-06-08T15:31:00,24,2026-06-09T15:31:00,low,2,answered,"{""column_name"": ""dob_year_only"", ""model_name"": ""stg_authorizations"", ""sample_values"": ""'1993', '1978'"", ""exposure_count"": 0}"
TAP000663,TRG000863,phi_column_classification,tactical,compliance.phi,2026-06,OBJ0001,fct_adjustments,stg_authorizations.legal_guardian_name_133,vosei@northharbor.health,Vera Osei,Compliance,manager,codeowners,slack_dm,2026-06-09T12:46:00,2026-06-09T13:36:00,24,2026-06-10T13:36:00,low,2,timed_out,"{""column_name"": ""legal_guardian_name"", ""model_name"": ""stg_authorizations"", ""sample_values"": ""'Kaiser Foods LLC'"", ""exposure_count"": 0}"
TAP000664,TRG000864,phi_column_classification,tactical,compliance.phi,2026-06,OBJ0109,stg_coverage,fct_aging.geo_lat_rounded_275,rsantos@northharbor.health,Rita Santos,Compliance,manager,codeowners,slack_dm,2026-06-02T13:25:00,2026-06-02T14:14:00,24,2026-06-03T14:14:00,low,6,answered,"{""column_name"": ""geo_lat_rounded"", ""model_name"": ""fct_aging"", ""sample_values"": ""'a3f9\u2026', 'b71c\u2026'"", ""exposure_count"": 1}"
TAP000665,TRG000865,phi_column_classification,tactical,compliance.phi,2026-06,OBJ0023,fct_procedures,fct_providers.chart_note_excerpt_171,bkoval@northharbor.health,Boris Koval,Compliance,ic,domains_yml,slack_dm,2026-06-25T15:31:00,2026-06-25T16:03:00,24,2026-06-26T16:03:00,low,1,answered,"{""column_name"": ""chart_note_excerpt"", ""model_name"": ""fct_providers"", ""sample_values"": ""'a3f9\u2026', 'b71c\u2026'"", ""exposure_count"": 0}"
TAP000666,TRG000866,phi_column_classification,tactical,compliance.phi,2026-06,OBJ0162,surescripts_rx,stg_legacy_extract_6.account_alias_276,vosei@northharbor.health,Vera Osei,Compliance,manager,codeowners,slack_dm,2026-06-23T14:43:00,2026-06-23T14:51:00,24,2026-06-24T14:51:00,low,9,answered,"{""column_name"": ""account_alias"", ""model_name"": ""stg_legacy_extract_6"", ""sample_values"": ""'Kaiser Foods LLC'"", ""exposure_count"": 0}"
TAP000667,TRG000867,phi_column_classification,tactical,compliance.phi,2026-06,OBJ0124,stg_legacy_extract_6,stg_balances.prior_auth_number_277,bkoval@northharbor.health,Boris Koval,Compliance,ic,codeowners,slack_dm,2026-06-26T16:32:00,2026-06-26T17:25:00,24,2026-06-27T17:25:00,low,2,timed_out,"{""column_name"": ""prior_auth_number"", ""model_name"": ""stg_balances"", ""sample_values"": ""'(313) 555-0148'"", ""exposure_count"": 1}"
TAP000668,TRG000868,phi_column_classification,tactical,compliance.phi,2026-06,OBJ0061,fct_adjustments,stg_census.referring_npi_44,bkoval@northharbor.health,Boris Koval,Compliance,ic,codeowners,slack_dm,2026-06-04T14:37:00,2026-06-04T14:50:00,24,2026-06-05T14:50:00,medium,11,timed_out,"{""column_name"": ""referring_npi"", ""model_name"": ""stg_census"", ""sample_values"": ""'4871', '9920', '3364'"", ""exposure_count"": 0}"
TAP000669,TRG000869,phi_column_classification,tactical,compliance.phi,2026-06,OBJ0099,stg_providers,fct_charges.claim_note_text_278,bkoval@northharbor.health,Boris Koval,Compliance,ic,codeowners,slack_dm,2026-06-25T16:44:00,2026-06-25T16:46:00,24,2026-06-26T16:46:00,medium,11,answered,"{""column_name"": ""claim_note_text"", ""model_name"": ""fct_charges"", ""sample_values"": ""'Kaiser Foods LLC'"", ""exposure_count"": 5}"
TAP000670,TRG000871,phi_column_classification,tactical,compliance.phi,2026-06,OBJ0134,readmission_rate_30d,stg_diagnoses.employer_name_139,bkoval@northharbor.health,Boris Koval,Compliance,ic,codeowners,slack_dm,2026-06-22T13:57:00,2026-06-22T14:23:00,24,2026-06-23T14:23:00,medium,18,answered,"{""column_name"": ""employer_name"", ""model_name"": ""stg_diagnoses"", ""sample_values"": ""'4871', '9920', '3364'"", ""exposure_count"": 0}"
TAP000671,TRG000872,phi_column_classification,tactical,compliance.phi,2026-06,OBJ0022,fct_patients,stg_charges.mrn_alt_60,bkoval@northharbor.health,Boris Koval,Compliance,ic,codeowners,slack_dm,2026-06-03T17:42:00,2026-06-03T18:33:00,24,2026-06-04T18:33:00,low,6,answered,"{""column_name"": ""mrn_alt"", ""model_name"": ""stg_charges"", ""sample_values"": ""'4871', '9920', '3364'"", ""exposure_count"": 3}"
TAP000672,TRG000873,phi_column_classification,tactical,compliance.phi,2026-06,OBJ0141,hcahps_top_box,fct_payers.zip_plus_four_166,bkoval@northharbor.health,Boris Koval,Compliance,ic,codeowners,slack_dm,2026-06-24T13:49:00,2026-06-24T13:50:00,24,2026-06-25T13:50:00,low,3,answered,"{""column_name"": ""zip_plus_four"", ""model_name"": ""fct_payers"", ""sample_values"": ""'(313) 555-0148'"", ""exposure_count"": 0}"
TAP000673,TRG000874,phi_column_classification,tactical,compliance.phi,2026-06,OBJ0012,fct_exclusions,fct_adjustments.mrn_alt_280,rsantos@northharbor.health,Rita Santos,Compliance,manager,codeowners,slack_dm,2026-06-12T11:54:00,2026-06-12T12:21:00,24,2026-06-13T12:21:00,low,0,expired,"{""column_name"": ""mrn_alt"", ""model_name"": ""fct_adjustments"", ""sample_values"": ""'48226', '48201'"", ""exposure_count"": 0}"
TAP000674,TRG000875,phi_column_classification,tactical,compliance.phi,2026-06,OBJ0157,salesforce_referrals,fct_eligibility.guarantor_dob_281,bkoval@northharbor.health,Boris Koval,Compliance,ic,codeowners,slack_dm,2026-06-18T17:36:00,2026-06-18T18:16:00,24,2026-06-19T18:16:00,low,3,answered,"{""column_name"": ""guarantor_dob"", ""model_name"": ""fct_eligibility"", ""sample_values"": ""'a3f9\u2026', 'b71c\u2026'"", ""exposure_count"": 0}"
TAP000675,TRG000876,phi_column_classification,tactical,compliance.phi,2026-06,OBJ0064,fct_writeoffs,fct_denials.device_serial_10,bkoval@northharbor.health,Boris Koval,Compliance,ic,domains_yml,slack_dm,2026-06-17T10:08:00,2026-06-17T10:47:00,24,2026-06-18T10:47:00,low,6,answered,"{""column_name"": ""device_serial"", ""model_name"": ""fct_denials"", ""sample_values"": ""'Kaiser Foods LLC'"", ""exposure_count"": 1}"
TAP000676,TRG000877,phi_column_classification,tactical,compliance.phi,2026-06,OBJ0123,stg_legacy_extract_5,fct_aging.subscriber_ssn_last4_282,bkoval@northharbor.health,Boris Koval,Compliance,ic,codeowners,slack_dm,2026-06-16T14:57:00,2026-06-16T15:02:00,24,2026-06-17T15:02:00,low,4,answered,"{""column_name"": ""subscriber_ssn_last4"", ""model_name"": ""fct_aging"", ""sample_values"": ""'48226', '48201'"", ""exposure_count"": 1}"
TAP000677,TRG000878,phi_column_classification,tactical,compliance.phi,2026-06,OBJ0009,fct_providers,fct_admissions.home_phone_e164_283,bkoval@northharbor.health,Boris Koval,Compliance,ic,domains_yml,slack_dm,2026-06-06T09:44:00,2026-06-06T10:30:00,24,2026-06-07T10:30:00,medium,11,answered,"{""column_name"": ""home_phone_e164"", ""model_name"": ""fct_admissions"", ""sample_values"": ""'48226', '48201'"", ""exposure_count"": 4}"
TAP000678,TRG000879,phi_column_classification,tactical,compliance.phi,2026-06,OBJ0155,kronos_staffing,stg_measures.referring_npi_284,bkoval@northharbor.health,Boris Koval,Compliance,ic,codeowners,slack_dm,2026-06-22T16:55:00,2026-06-22T17:07:00,24,2026-06-23T17:07:00,low,3,answered,"{""column_name"": ""referring_npi"", ""model_name"": ""stg_measures"", ""sample_values"": ""'a3f9\u2026', 'b71c\u2026'"", ""exposure_count"": 5}"
TAP000679,TRG000880,phi_column_classification,tactical,compliance.phi,2026-06,OBJ0119,stg_legacy_extract_1,fct_discharges.patient_email_hash_285,rsantos@northharbor.health,Rita Santos,Compliance,manager,domains_yml,slack_dm,2026-06-26T11:31:00,2026-06-26T12:18:00,24,2026-06-27T12:18:00,low,1,answered,"{""column_name"": ""patient_email_hash"", ""model_name"": ""fct_discharges"", ""sample_values"": ""'48226', '48201'"", ""exposure_count"": 0}"
TAP000680,TRG000881,phi_column_classification,tactical,compliance.phi,2026-06,OBJ0039,fct_providers,fct_remittances.zip_plus_four_286,bkoval@northharbor.health,Boris Koval,Compliance,ic,codeowners,slack_dm,2026-06-11T14:57:00,2026-06-11T15:31:00,24,2026-06-12T15:31:00,low,1,answered,"{""column_name"": ""zip_plus_four"", ""model_name"": ""fct_remittances"", ""sample_values"": ""'1993', '1978'"", ""exposure_count"": 3}"
TAP000681,TRG000882,phi_column_classification,tactical,compliance.phi,2026-06,OBJ0102,stg_exclusions,fct_numerators.insurance_group_id_272,bkoval@northharbor.health,Boris Koval,Compliance,ic,codeowners,slack_dm,2026-06-14T09:55:00,2026-06-14T10:11:00,24,2026-06-15T10:11:00,low,3,answered,"{""column_name"": ""insurance_group_id"", ""model_name"": ""fct_numerators"", ""sample_values"": ""'a3f9\u2026', 'b71c\u2026'"", ""exposure_count"": 0}"
TAP000682,TRG000883,phi_column_classification,tactical,compliance.phi,2026-06,OBJ0048,fct_denials,fct_departments.employer_name_59,rsantos@northharbor.health,Rita Santos,Compliance,manager,codeowners,slack_dm,2026-06-26T09:40:00,2026-06-26T10:01:00,24,2026-06-27T10:01:00,low,3,answered,"{""column_name"": ""employer_name"", ""model_name"": ""fct_departments"", ""sample_values"": ""'48226', '48201'"", ""exposure_count"": 0}"
TAP000683,TRG000884,phi_column_classification,tactical,compliance.phi,2026-06,OBJ0103,stg_encounters,stg_legacy_extract_2.subscriber_ssn_last4_22,rsantos@northharbor.health,Rita Santos,Compliance,manager,codeowners,slack_dm,2026-06-25T10:58:00,2026-06-25T11:14:00,24,2026-06-26T11:14:00,low,3,answered,"{""column_name"": ""subscriber_ssn_last4"", ""model_name"": ""stg_legacy_extract_2"", ""sample_values"": ""'Kaiser Foods LLC'"", ""exposure_count"": 0}"
TAP000684,TRG000885,phi_column_classification,tactical,compliance.phi,2026-06,OBJ0112,stg_patients,stg_patients.subscriber_ssn_last4_262,bkoval@northharbor.health,Boris Koval,Compliance,ic,domains_yml,slack_dm,2026-06-14T14:33:00,2026-06-14T15:22:00,24,2026-06-15T15:22:00,medium,15,timed_out,"{""column_name"": ""subscriber_ssn_last4"", ""model_name"": ""stg_patients"", ""sample_values"": ""'(313) 555-0148'"", ""exposure_count"": 3}"
TAP000685,TRG000886,phi_column_classification,tactical,compliance.phi,2026-06,OBJ0011,fct_service_lines,fct_providers.mrn_alt_160,bkoval@northharbor.health,Boris Koval,Compliance,ic,domains_yml,slack_dm,2026-06-12T11:34:00,2026-06-12T12:15:00,24,2026-06-13T12:15:00,low,4,answered,"{""column_name"": ""mrn_alt"", ""model_name"": ""fct_providers"", ""sample_values"": ""'a3f9\u2026', 'b71c\u2026'"", ""exposure_count"": 0}"
TAP000686,TRG000889,phi_column_classification,tactical,compliance.phi,2026-06,OBJ0062,fct_remittances,stg_eligibility.policy_number_289,bkoval@northharbor.health,Boris Koval,Compliance,ic,domains_yml,slack_dm,2026-06-02T11:46:00,2026-06-02T12:15:00,24,2026-06-03T12:15:00,medium,11,answered,"{""column_name"": ""policy_number"", ""model_name"": ""stg_eligibility"", ""sample_values"": ""'48226', '48201'"", ""exposure_count"": 0}"
TAP000687,TRG000890,phi_column_classification,tactical,compliance.phi,2026-06,OBJ0092,stg_remittances,fct_appointments.insurance_group_id_112,bkoval@northharbor.health,Boris Koval,Compliance,ic,codeowners,slack_dm,2026-06-08T16:11:00,2026-06-08T16:53:00,24,2026-06-09T16:53:00,medium,19,answered,"{""column_name"": ""insurance_group_id"", ""model_name"": ""fct_appointments"", ""sample_values"": ""'Kaiser Foods LLC'"", ""exposure_count"": 0}"
TAP000688,TRG000891,phi_column_classification,tactical,compliance.phi,2026-06,OBJ0147,payer_mix_commercial,stg_census.device_serial_290,bkoval@northharbor.health,Boris Koval,Compliance,ic,codeowners,slack_dm,2026-06-28T11:15:00,2026-06-28T11:51:00,24,2026-06-29T11:51:00,high,31,timed_out,"{""column_name"": ""device_serial"", ""model_name"": ""stg_census"", ""sample_values"": ""'a3f9\u2026', 'b71c\u2026'"", ""exposure_count"": 0}"
TAP000689,TRG000892,phi_column_classification,tactical,compliance.phi,2026-06,OBJ0027,fct_admissions,fct_patients.chart_note_excerpt_291,bkoval@northharbor.health,Boris Koval,Compliance,ic,domains_yml,slack_dm,2026-06-15T11:34:00,2026-06-15T11:57:00,24,2026-06-16T11:57:00,low,1,answered,"{""column_name"": ""chart_note_excerpt"", ""model_name"": ""fct_patients"", ""sample_values"": ""'4871', '9920', '3364'"", ""exposure_count"": 0}"
TAP000690,TRG000893,phi_column_classification,tactical,compliance.phi,2026-06,OBJ0113,stg_procedures,fct_exclusions.referring_npi_144,bkoval@northharbor.health,Boris Koval,Compliance,ic,codeowners,slack_dm,2026-06-11T18:42:00,2026-06-11T19:01:00,24,2026-06-12T19:01:00,low,4,timed_out,"{""column_name"": ""referring_npi"", ""model_name"": ""fct_exclusions"", ""sample_values"": ""'(313) 555-0148'"", ""exposure_count"": 0}"
TAP000691,TRG000894,phi_column_classification,tactical,compliance.phi,2026-06,OBJ0098,stg_eligibility,stg_aging.insurance_group_id_292,rsantos@northharbor.health,Rita Santos,Compliance,manager,domains_yml,slack_dm,2026-06-06T08:50:00,2026-06-06T09:44:00,24,2026-06-07T09:44:00,high,34,answered,"{""column_name"": ""insurance_group_id"", ""model_name"": ""stg_aging"", ""sample_values"": ""'1993', '1978'"", ""exposure_count"": 1}"
TAP000692,TRG000895,phi_column_classification,tactical,compliance.phi,2026-06,OBJ0008,fct_eligibility,fct_throughput.legal_guardian_name_293,bkoval@northharbor.health,Boris Koval,Compliance,ic,codeowners,slack_dm,2026-06-21T13:07:00,2026-06-21T13:55:00,24,2026-06-22T13:55:00,medium,15,answered,"{""column_name"": ""legal_guardian_name"", ""model_name"": ""fct_throughput"", ""sample_values"": ""'1993', '1978'"", ""exposure_count"": 1}"
TAP000693,TRG000896,phi_column_classification,tactical,compliance.phi,2026-06,OBJ0017,fct_aging,fct_claims.dob_year_only_294,bkoval@northharbor.health,Boris Koval,Compliance,ic,codeowners,slack_dm,2026-06-29T09:30:00,2026-06-29T10:11:00,24,2026-06-30T10:11:00,low,6,answered,"{""column_name"": ""dob_year_only"", ""model_name"": ""fct_claims"", ""sample_values"": ""'48226', '48201'"", ""exposure_count"": 0}"
TAP000694,TRG000897,phi_column_classification,tactical,compliance.phi,2026-06,OBJ0084,fct_departments,fct_remittances.employer_name_219,rsantos@northharbor.health,Rita Santos,Compliance,manager,domains_yml,slack_dm,2026-06-01T09:20:00,2026-06-01T09:57:00,24,2026-06-02T09:57:00,high,34,timed_out,"{""column_name"": ""employer_name"", ""model_name"": ""fct_remittances"", ""sample_values"": ""'Kaiser Foods LLC'"", ""exposure_count"": 2}"
TAP000695,TRG000898,phi_column_classification,tactical,compliance.phi,2026-06,OBJ0103,stg_encounters,fct_discharges.geo_lat_rounded_295,vosei@northharbor.health,Vera Osei,Compliance,manager,codeowners,slack_dm,2026-06-22T14:55:00,2026-06-22T15:03:00,24,2026-06-23T15:03:00,low,3,answered,"{""column_name"": ""geo_lat_rounded"", ""model_name"": ""fct_discharges"", ""sample_values"": ""'Kaiser Foods LLC'"", ""exposure_count"": 0}"
TAP000696,TRG000899,phi_column_classification,tactical,compliance.phi,2026-06,OBJ0063,fct_throughput,fct_eligibility.account_alias_296,bkoval@northharbor.health,Boris Koval,Compliance,ic,codeowners,slack_dm,2026-06-19T12:03:00,2026-06-19T12:38:00,24,2026-06-20T12:38:00,low,6,answered,"{""column_name"": ""account_alias"", ""model_name"": ""fct_eligibility"", ""sample_values"": ""'a3f9\u2026', 'b71c\u2026'"", ""exposure_count"": 0}"
TAP000697,TRG000900,phi_column_classification,tactical,compliance.phi,2026-06,OBJ0079,fct_coverage,fct_procedures.prior_auth_number_297,bkoval@northharbor.health,Boris Koval,Compliance,ic,domains_yml,slack_dm,2026-06-27T14:09:00,2026-06-27T14:15:00,24,2026-06-28T14:15:00,low,3,answered,"{""column_name"": ""prior_auth_number"", ""model_name"": ""fct_procedures"", ""sample_values"": ""'1993', '1978'"", ""exposure_count"": 0}"
TAP000698,TRG000901,phi_column_classification,tactical,compliance.phi,2026-06,OBJ0050,fct_census,fct_admissions.claim_note_text_298,bkoval@northharbor.health,Boris Koval,Compliance,ic,domains_yml,slack_dm,2026-06-11T13:12:00,2026-06-11T13:22:00,24,2026-06-12T13:22:00,low,3,timed_out,"{""column_name"": ""claim_note_text"", ""model_name"": ""fct_admissions"", ""sample_values"": ""'a3f9\u2026', 'b71c\u2026'"", ""exposure_count"": 4}"
TAP000699,TRG000902,phi_column_classification,tactical,compliance.phi,2026-06,OBJ0021,fct_balances,fct_encounters.prior_auth_number_77,bkoval@northharbor.health,Boris Koval,Compliance,ic,domains_yml,slack_dm,2026-06-17T15:11:00,2026-06-17T15:47:00,24,2026-06-18T15:47:00,medium,11,deflected,"{""column_name"": ""prior_auth_number"", ""model_name"": ""fct_encounters"", ""sample_values"": ""'1993', '1978'"", ""exposure_count"": 1}"
TAP000700,TRG000903,phi_column_classification,tactical,compliance.phi,2026-06,OBJ0127,gross_charges,fct_throughput.zip_plus_four_166,rsantos@northharbor.health,Rita Santos,Compliance,manager,codeowners,slack_dm,2026-06-20T18:22:00,2026-06-20T18:48:00,24,2026-06-21T18:48:00,medium,18,answered,"{""column_name"": ""zip_plus_four"", ""model_name"": ""fct_throughput"", ""sample_values"": ""'48226', '48201'"", ""exposure_count"": 1}"
TAP000701,TRG000904,phi_column_classification,tactical,compliance.phi,2026-06,OBJ0155,kronos_staffing,fct_discharges.employer_name_299,vosei@northharbor.health,Vera Osei,Compliance,manager,domains_yml,slack_dm,2026-06-07T09:34:00,2026-06-07T09:51:00,24,2026-06-08T09:51:00,low,3,answered,"{""column_name"": ""employer_name"", ""model_name"": ""fct_discharges"", ""sample_values"": ""'48226', '48201'"", ""exposure_count"": 0}"
TAP000702,TRG000905,phi_column_classification,tactical,compliance.phi,2026-06,OBJ0033,fct_throughput,fct_providers.subscriber_ssn_last4_222,bkoval@northharbor.health,Boris Koval,Compliance,ic,codeowners,slack_dm,2026-06-22T12:43:00,2026-06-22T13:17:00,24,2026-06-23T13:17:00,low,1,answered,"{""column_name"": ""subscriber_ssn_last4"", ""model_name"": ""fct_providers"", ""sample_values"": ""'4871', '9920', '3364'"", ""exposure_count"": 0}"
TAP000703,TRG000906,phi_column_classification,tactical,compliance.phi,2026-06,OBJ0150,epic_clarity,fct_measures.mrn_alt_300,rsantos@northharbor.health,Rita Santos,Compliance,manager,codeowners,slack_dm,2026-06-04T13:22:00,2026-06-04T13:28:00,24,2026-06-05T13:28:00,medium,12,answered,"{""column_name"": ""mrn_alt"", ""model_name"": ""fct_measures"", ""sample_values"": ""'48226', '48201'"", ""exposure_count"": 3}"
TAP000704,TRG000907,phi_column_classification,tactical,compliance.phi,2026-06,OBJ0064,fct_writeoffs,fct_cohorts.guarantor_dob_301,bkoval@northharbor.health,Boris Koval,Compliance,ic,domains_yml,slack_dm,2026-06-07T17:36:00,2026-06-07T17:53:00,24,2026-06-08T17:53:00,low,6,answered,"{""column_name"": ""guarantor_dob"", ""model_name"": ""fct_cohorts"", ""sample_values"": ""'1993', '1978'"", ""exposure_count"": 0}"
TAP000705,TRG000908,phi_column_classification,tactical,compliance.phi,2026-06,OBJ0141,hcahps_top_box,stg_writeoffs.subscriber_ssn_last4_302,bkoval@northharbor.health,Boris Koval,Compliance,ic,domains_yml,slack_dm,2026-06-11T10:36:00,2026-06-11T11:20:00,24,2026-06-12T11:20:00,low,3,deflected,"{""column_name"": ""subscriber_ssn_last4"", ""model_name"": ""stg_writeoffs"", ""sample_values"": ""'Kaiser Foods LLC'"", ""exposure_count"": 3}"
TAP000706,TRG000909,phi_column_classification,tactical,compliance.phi,2026-06,OBJ0119,stg_legacy_extract_1,fct_throughput.home_phone_e164_303,bkoval@northharbor.health,Boris Koval,Compliance,ic,domains_yml,slack_dm,2026-06-19T11:26:00,2026-06-19T12:17:00,24,2026-06-20T12:17:00,low,1,answered,"{""column_name"": ""home_phone_e164"", ""model_name"": ""fct_throughput"", ""sample_values"": ""'4871', '9920', '3364'"", ""exposure_count"": 1}"
TAP000707,TRG000910,phi_column_classification,tactical,compliance.phi,2026-06,OBJ0043,fct_encounters,fct_throughput.referring_npi_304,bkoval@northharbor.health,Boris Koval,Compliance,ic,domains_yml,slack_dm,2026-06-11T11:30:00,2026-06-11T12:13:00,24,2026-06-12T12:13:00,medium,11,answered,"{""column_name"": ""referring_npi"", ""model_name"": ""fct_throughput"", ""sample_values"": ""'a3f9\u2026', 'b71c\u2026'"", ""exposure_count"": 1}"
TAP000708,TRG000911,phi_column_classification,tactical,compliance.phi,2026-06,OBJ0135,ed_left_without_being_seen,fct_referrals.member_id_raw_227,vosei@northharbor.health,Vera Osei,Compliance,manager,codeowners,slack_dm,2026-06-24T14:15:00,2026-06-24T14:48:00,24,2026-06-25T14:48:00,high,31,expired,"{""column_name"": ""member_id_raw"", ""model_name"": ""fct_referrals"", ""sample_values"": ""'Kaiser Foods LLC'"", ""exposure_count"": 0}"
TAP000709,TRG000912,phi_column_classification,tactical,compliance.phi,2026-06,OBJ0096,stg_diagnoses,fct_eligibility.patient_email_hash_305,rsantos@northharbor.health,Rita Santos,Compliance,manager,domains_yml,slack_dm,2026-06-12T09:02:00,2026-06-12T09:52:00,24,2026-06-13T09:52:00,low,2,answered,"{""column_name"": ""patient_email_hash"", ""model_name"": ""fct_eligibility"", ""sample_values"": ""'1993', '1978'"", ""exposure_count"": 3}"
TAP000710,TRG000913,phi_column_classification,tactical,compliance.phi,2026-06,OBJ0145,coding_accuracy_rate,stg_legacy_extract_7.zip_plus_four_306,bkoval@northharbor.health,Boris Koval,Compliance,ic,codeowners,slack_dm,2026-06-08T16:20:00,2026-06-08T17:10:00,24,2026-06-09T17:10:00,high,31,expired,"{""column_name"": ""zip_plus_four"", ""model_name"": ""stg_legacy_extract_7"", ""sample_values"": ""'Kaiser Foods LLC'"", ""exposure_count"": 0}"
TAP000711,TRG000914,phi_column_classification,tactical,compliance.phi,2026-06,OBJ0069,fct_providers,stg_legacy_extract_5.zip_plus_four_146,vosei@northharbor.health,Vera Osei,Compliance,manager,domains_yml,slack_dm,2026-06-02T12:44:00,2026-06-02T12:48:00,24,2026-06-03T12:48:00,high,34,answered,"{""column_name"": ""zip_plus_four"", ""model_name"": ""stg_legacy_extract_5"", ""sample_values"": ""'Kaiser Foods LLC'"", ""exposure_count"": 0}"
TAP000712,TRG000915,phi_column_classification,tactical,compliance.phi,2026-06,OBJ0130,denial_rate,fct_facilities.member_id_raw_307,bkoval@northharbor.health,Boris Koval,Compliance,ic,domains_yml,slack_dm,2026-06-10T15:05:00,2026-06-10T15:48:00,24,2026-06-11T15:48:00,high,31,answered,"{""column_name"": ""member_id_raw"", ""model_name"": ""fct_facilities"", ""sample_values"": ""'1993', '1978'"", ""exposure_count"": 1}"
TAP000713,TRG000916,phi_column_classification,tactical,compliance.phi,2026-06,OBJ0135,ed_left_without_being_seen,fct_census.mrn_alt_60,bkoval@northharbor.health,Boris Koval,Compliance,ic,codeowners,slack_dm,2026-06-29T09:04:00,2026-06-29T09:35:00,24,2026-06-30T09:35:00,high,31,answered,"{""column_name"": ""mrn_alt"", ""model_name"": ""fct_census"", ""sample_values"": ""'Kaiser Foods LLC'"", ""exposure_count"": 1}"
TAP000714,TRG000917,phi_column_classification,tactical,compliance.phi,2026-06,OBJ0038,fct_eligibility,fct_denials.emergency_contact_name_308,vosei@northharbor.health,Vera Osei,Compliance,manager,codeowners,slack_dm,2026-06-26T11:35:00,2026-06-26T12:05:00,24,2026-06-27T12:05:00,low,3,timed_out,"{""column_name"": ""emergency_contact_name"", ""model_name"": ""fct_denials"", ""sample_values"": ""'48226', '48201'"", ""exposure_count"": 1}"
TAP000715,TRG000918,phi_column_classification,tactical,compliance.phi,2026-06,OBJ0140,cms_sep1_compliance,fct_providers.policy_number_309,bkoval@northharbor.health,Boris Koval,Compliance,ic,domains_yml,slack_dm,2026-06-06T10:27:00,2026-06-06T11:07:00,24,2026-06-07T11:07:00,low,3,answered,"{""column_name"": ""policy_number"", ""model_name"": ""fct_providers"", ""sample_values"": ""'(313) 555-0148'"", ""exposure_count"": 5}"
TAP000716,TRG000919,phi_column_classification,tactical,compliance.phi,2026-06,OBJ0144,charge_lag_days,fct_census.device_serial_310,bkoval@northharbor.health,Boris Koval,Compliance,ic,codeowners,slack_dm,2026-06-24T10:36:00,2026-06-24T10:54:00,24,2026-06-25T10:54:00,low,2,timed_out,"{""column_name"": ""device_serial"", ""model_name"": ""fct_census"", ""sample_values"": ""'48226', '48201'"", ""exposure_count"": 1}"
TAP000717,TRG000920,phi_column_classification,tactical,compliance.phi,2026-06,OBJ0051,fct_balances,stg_throughput.mrn_alt_40,vosei@northharbor.health,Vera Osei,Compliance,manager,codeowners,slack_dm,2026-06-10T15:43:00,2026-06-10T16:35:00,24,2026-06-11T16:35:00,low,4,answered,"{""column_name"": ""mrn_alt"", ""model_name"": ""stg_throughput"", ""sample_values"": ""'48226', '48201'"", ""exposure_count"": 1}"
TAP000718,TRG000921,phi_column_classification,tactical,compliance.phi,2026-06,OBJ0003,fct_throughput,fct_balances.chart_note_excerpt_311,bkoval@northharbor.health,Boris Koval,Compliance,ic,domains_yml,slack_dm,2026-06-01T16:15:00,2026-06-01T16:35:00,24,2026-06-02T16:35:00,medium,11,answered,"{""column_name"": ""chart_note_excerpt"", ""model_name"": ""fct_balances"", ""sample_values"": ""'a3f9\u2026', 'b71c\u2026'"", ""exposure_count"": 1}"
TAP000719,TRG000922,phi_column_classification,tactical,compliance.phi,2026-06,OBJ0128,contractual_allowance,fct_procedures.insurance_group_id_312,bkoval@northharbor.health,Boris Koval,Compliance,ic,codeowners,slack_dm,2026-06-16T09:35:00,2026-06-16T10:15:00,24,2026-06-17T10:15:00,low,6,timed_out,"{""column_name"": ""insurance_group_id"", ""model_name"": ""fct_procedures"", ""sample_values"": ""'a3f9\u2026', 'b71c\u2026'"", ""exposure_count"": 0}"
TAP000720,TRG000923,phi_column_classification,tactical,compliance.phi,2026-06,OBJ0029,fct_numerators,fct_remittances.legal_guardian_name_313,vosei@northharbor.health,Vera Osei,Compliance,manager,codeowners,slack_dm,2026-06-03T17:58:00,2026-06-03T18:23:00,24,2026-06-04T18:23:00,low,4,answered,"{""column_name"": ""legal_guardian_name"", ""model_name"": ""fct_remittances"", ""sample_values"": ""'Kaiser Foods LLC'"", ""exposure_count"": 1}"
TAP000721,TRG000924,phi_column_classification,tactical,compliance.phi,2026-06,OBJ0124,stg_legacy_extract_6,stg_legacy_extract_6.account_alias_296,bkoval@northharbor.health,Boris Koval,Compliance,ic,domains_yml,slack_dm,2026-06-29T07:55:00,2026-06-29T08:23:00,24,2026-06-30T08:23:00,low,2,answered,"{""column_name"": ""account_alias"", ""model_name"": ""stg_legacy_extract_6"", ""sample_values"": ""'1993', '1978'"", ""exposure_count"": 0}"
TAP000722,TRG000925,phi_column_classification,tactical,compliance.phi,2026-06,OBJ0024,fct_departments,stg_departments.dob_year_only_314,bkoval@northharbor.health,Boris Koval,Compliance,ic,domains_yml,slack_dm,2026-06-29T11:00:00,2026-06-29T11:32:00,24,2026-06-30T11:32:00,high,26,answered,"{""column_name"": ""dob_year_only"", ""model_name"": ""stg_departments"", ""sample_values"": ""'1993', '1978'"", ""exposure_count"": 0}"
TAP000723,TRG000926,phi_column_classification,tactical,compliance.phi,2026-06,OBJ0099,stg_providers,fct_referrals.geo_lat_rounded_315,vosei@northharbor.health,Vera Osei,Compliance,manager,codeowners,slack_dm,2026-06-27T18:10:00,2026-06-27T18:39:00,24,2026-06-28T18:39:00,medium,11,answered,"{""column_name"": ""geo_lat_rounded"", ""model_name"": ""fct_referrals"", ""sample_values"": ""'a3f9\u2026', 'b71c\u2026'"", ""exposure_count"": 0}"
TAP000724,TRG000927,phi_column_classification,tactical,compliance.phi,2026-06,OBJ0069,fct_providers,stg_remittances.geo_lat_rounded_115,vosei@northharbor.health,Vera Osei,Compliance,manager,domains_yml,slack_dm,2026-06-29T16:05:00,2026-06-29T17:00:00,24,2026-06-30T17:00:00,high,34,timed_out,"{""column_name"": ""geo_lat_rounded"", ""model_name"": ""stg_remittances"", ""sample_values"": ""'48226', '48201'"", ""exposure_count"": 3}"
TAP000725,TRG000928,phi_column_classification,tactical,compliance.phi,2026-06,OBJ0134,readmission_rate_30d,fct_measures.account_alias_316,bkoval@northharbor.health,Boris Koval,Compliance,ic,codeowners,slack_dm,2026-06-06T15:11:00,2026-06-06T15:37:00,24,2026-06-07T15:37:00,medium,18,answered,"{""column_name"": ""account_alias"", ""model_name"": ""fct_measures"", ""sample_values"": ""'4871', '9920', '3364'"", ""exposure_count"": 3}"
TAP000726,TRG000929,phi_column_classification,tactical,compliance.phi,2026-06,OBJ0108,stg_denials,fct_admissions.prior_auth_number_317,bkoval@northharbor.health,Boris Koval,Compliance,ic,codeowners,slack_dm,2026-06-01T14:05:00,2026-06-01T14:45:00,24,2026-06-02T14:45:00,low,6,timed_out,"{""column_name"": ""prior_auth_number"", ""model_name"": ""fct_admissions"", ""sample_values"": ""'48226', '48201'"", ""exposure_count"": 0}"
TAP000727,TRG000930,phi_column_classification,tactical,compliance.phi,2026-06,OBJ0132,clean_claim_rate,fct_appointments.guarantor_dob_141,bkoval@northharbor.health,Boris Koval,Compliance,ic,codeowners,slack_dm,2026-06-21T16:14:00,2026-06-21T16:28:00,24,2026-06-22T16:28:00,high,25,answered,"{""column_name"": ""guarantor_dob"", ""model_name"": ""fct_appointments"", ""sample_values"": ""'a3f9\u2026', 'b71c\u2026'"", ""exposure_count"": 0}"
TAP000728,TRG000932,phi_column_classification,tactical,compliance.phi,2026-06,OBJ0060,fct_claims,fct_appointments.claim_note_text_318,bkoval@northharbor.health,Boris Koval,Compliance,ic,domains_yml,slack_dm,2026-06-18T13:14:00,2026-06-18T14:09:00,24,2026-06-19T14:09:00,low,3,timed_out,"{""column_name"": ""claim_note_text"", ""model_name"": ""fct_appointments"", ""sample_values"": ""'4871', '9920', '3364'"", ""exposure_count"": 0}"
TAP000729,TRG000933,phi_column_classification,tactical,compliance.phi,2026-06,OBJ0077,fct_aging,stg_referrals.employer_name_319,bkoval@northharbor.health,Boris Koval,Compliance,ic,codeowners,slack_dm,2026-06-03T11:13:00,2026-06-03T11:35:00,24,2026-06-04T11:35:00,low,3,answered,"{""column_name"": ""employer_name"", ""model_name"": ""stg_referrals"", ""sample_values"": ""'a3f9\u2026', 'b71c\u2026'"", ""exposure_count"": 0}"
TAP000730,TRG000934,phi_column_classification,tactical,compliance.phi,2026-06,OBJ0015,fct_authorizations,fct_exclusions.dob_year_only_34,bkoval@northharbor.health,Boris Koval,Compliance,ic,domains_yml,slack_dm,2026-06-12T17:49:00,2026-06-12T18:12:00,24,2026-06-13T18:12:00,low,4,expired,"{""column_name"": ""dob_year_only"", ""model_name"": ""fct_exclusions"", ""sample_values"": ""'(313) 555-0148'"", ""exposure_count"": 0}"
TAP000731,TRG000935,phi_column_classification,tactical,compliance.phi,2026-06,OBJ0030,fct_claims,stg_measures.mrn_alt_320,bkoval@northharbor.health,Boris Koval,Compliance,ic,codeowners,slack_dm,2026-06-07T14:18:00,2026-06-07T15:09:00,24,2026-06-08T15:09:00,low,3,answered,"{""column_name"": ""mrn_alt"", ""model_name"": ""stg_measures"", ""sample_values"": ""'Kaiser Foods LLC'"", ""exposure_count"": 5}"
TAP000732,TRG000937,phi_column_classification,tactical,compliance.phi,2026-06,OBJ0140,cms_sep1_compliance,fct_aging.patient_email_hash_65,bkoval@northharbor.health,Boris Koval,Compliance,ic,domains_yml,slack_dm,2026-06-19T15:47:00,2026-06-19T16:24:00,24,2026-06-20T16:24:00,low,3,answered,"{""column_name"": ""patient_email_hash"", ""model_name"": ""fct_aging"", ""sample_values"": ""'a3f9\u2026', 'b71c\u2026'"", ""exposure_count"": 0}"
TAP000733,TRG000938,phi_column_classification,tactical,compliance.phi,2026-06,OBJ0133,cost_to_collect,fct_exclusions.subscriber_ssn_last4_322,bkoval@northharbor.health,Boris Koval,Compliance,ic,domains_yml,slack_dm,2026-06-07T11:47:00,2026-06-07T12:36:00,24,2026-06-08T12:36:00,medium,12,answered,"{""column_name"": ""subscriber_ssn_last4"", ""model_name"": ""fct_exclusions"", ""sample_values"": ""'(313) 555-0148'"", ""exposure_count"": 2}"
TAP000734,TRG000939,phi_column_classification,tactical,compliance.phi,2026-06,OBJ0056,fct_payers,fct_service_lines.home_phone_e164_323,bkoval@northharbor.health,Boris Koval,Compliance,ic,domains_yml,slack_dm,2026-06-14T07:22:00,2026-06-14T07:51:00,24,2026-06-15T07:51:00,low,6,answered,"{""column_name"": ""home_phone_e164"", ""model_name"": ""fct_service_lines"", ""sample_values"": ""'1993', '1978'"", ""exposure_count"": 0}"
TAP000735,TRG000940,phi_column_classification,tactical,compliance.phi,2026-06,OBJ0083,fct_procedures,fct_claims.referring_npi_324,bkoval@northharbor.health,Boris Koval,Compliance,ic,codeowners,slack_dm,2026-06-05T14:58:00,2026-06-05T15:11:00,24,2026-06-06T15:11:00,low,8,answered,"{""column_name"": ""referring_npi"", ""model_name"": ""fct_claims"", ""sample_values"": ""'a3f9\u2026', 'b71c\u2026'"", ""exposure_count"": 0}"
TAP000736,TRG000942,phi_column_classification,tactical,compliance.phi,2026-06,OBJ0147,payer_mix_commercial,stg_legacy_extract_7.patient_email_hash_325,bkoval@northharbor.health,Boris Koval,Compliance,ic,codeowners,slack_dm,2026-06-21T10:02:00,2026-06-21T10:04:00,24,2026-06-22T10:04:00,high,31,timed_out,"{""column_name"": ""patient_email_hash"", ""model_name"": ""stg_legacy_extract_7"", ""sample_values"": ""'Kaiser Foods LLC'"", ""exposure_count"": 0}"
TAP000737,TRG000943,phi_column_classification,tactical,compliance.phi,2026-06,OBJ0041,fct_service_lines,stg_admissions.zip_plus_four_326,bkoval@northharbor.health,Boris Koval,Compliance,ic,codeowners,slack_dm,2026-06-20T15:32:00,2026-06-20T16:27:00,24,2026-06-21T16:27:00,medium,19,answered,"{""column_name"": ""zip_plus_four"", ""model_name"": ""stg_admissions"", ""sample_values"": ""'a3f9\u2026', 'b71c\u2026'"", ""exposure_count"": 0}"
TAP000738,TRG000944,phi_column_classification,tactical,compliance.phi,2026-06,OBJ0154,press_ganey,stg_referrals.member_id_raw_327,bkoval@northharbor.health,Boris Koval,Compliance,ic,codeowners,slack_dm,2026-06-25T15:19:00,2026-06-25T16:04:00,24,2026-06-26T16:04:00,medium,12,answered,"{""column_name"": ""member_id_raw"", ""model_name"": ""stg_referrals"", ""sample_values"": ""'a3f9\u2026', 'b71c\u2026'"", ""exposure_count"": 0}"
TAP000739,TRG000946,phi_column_classification,tactical,compliance.phi,2026-06,OBJ0086,fct_payers,fct_exclusions.policy_number_29,rsantos@northharbor.health,Rita Santos,Compliance,manager,codeowners,slack_dm,2026-06-19T15:54:00,2026-06-19T16:12:00,24,2026-06-20T16:12:00,low,3,answered,"{""column_name"": ""policy_number"", ""model_name"": ""fct_exclusions"", ""sample_values"": ""'Kaiser Foods LLC'"", ""exposure_count"": 2}"
TAP000740,TRG000947,phi_column_classification,tactical,compliance.phi,2026-06,OBJ0090,stg_claims,stg_authorizations.policy_number_329,bkoval@northharbor.health,Boris Koval,Compliance,ic,codeowners,slack_dm,2026-06-03T17:42:00,2026-06-03T17:53:00,24,2026-06-04T17:53:00,low,3,answered,"{""column_name"": ""policy_number"", ""model_name"": ""stg_authorizations"", ""sample_values"": ""'4871', '9920', '3364'"", ""exposure_count"": 0}"
TAP000741,TRG000948,phi_column_classification,tactical,compliance.phi,2026-06,OBJ0099,stg_providers,stg_denials.device_serial_330,bkoval@northharbor.health,Boris Koval,Compliance,ic,codeowners,slack_dm,2026-06-21T10:26:00,2026-06-21T11:00:00,24,2026-06-22T11:00:00,medium,11,answered,"{""column_name"": ""device_serial"", ""model_name"": ""stg_denials"", ""sample_values"": ""'Kaiser Foods LLC'"", ""exposure_count"": 1}"
TAP000742,TRG000949,phi_column_classification,tactical,compliance.phi,2026-06,OBJ0086,fct_payers,fct_remittances.chart_note_excerpt_331,bkoval@northharbor.health,Boris Koval,Compliance,ic,codeowners,slack_dm,2026-06-11T11:22:00,2026-06-11T11:34:00,24,2026-06-12T11:34:00,low,3,answered,"{""column_name"": ""chart_note_excerpt"", ""model_name"": ""fct_remittances"", ""sample_values"": ""'Kaiser Foods LLC'"", ""exposure_count"": 1}"
TAP000743,TRG000950,phi_column_classification,tactical,compliance.phi,2026-06,OBJ0028,fct_referrals,fct_throughput.insurance_group_id_332,vosei@northharbor.health,Vera Osei,Compliance,manager,domains_yml,slack_dm,2026-06-27T12:00:00,2026-06-27T12:03:00,24,2026-06-28T12:03:00,low,0,answered,"{""column_name"": ""insurance_group_id"", ""model_name"": ""fct_throughput"", ""sample_values"": ""'48226', '48201'"", ""exposure_count"": 1}"
TAP000744,TRG000951,phi_column_classification,tactical,compliance.phi,2026-06,OBJ0018,fct_denials,stg_diagnoses.insurance_group_id_172,bkoval@northharbor.health,Boris Koval,Compliance,ic,codeowners,slack_dm,2026-06-21T11:32:00,2026-06-21T11:45:00,24,2026-06-22T11:45:00,low,1,answered,"{""column_name"": ""insurance_group_id"", ""model_name"": ""stg_diagnoses"", ""sample_values"": ""'Kaiser Foods LLC'"", ""exposure_count"": 0}"
TAP000745,TRG000952,phi_column_classification,tactical,compliance.phi,2026-06,OBJ0114,stg_departments,fct_payers.employer_name_259,bkoval@northharbor.health,Boris Koval,Compliance,ic,codeowners,slack_dm,2026-06-23T10:10:00,2026-06-23T10:36:00,24,2026-06-24T10:36:00,low,0,answered,"{""column_name"": ""employer_name"", ""model_name"": ""fct_payers"", ""sample_values"": ""'Kaiser Foods LLC'"", ""exposure_count"": 0}"
TAP000746,TRG000953,phi_column_classification,tactical,compliance.phi,2026-06,OBJ0150,epic_clarity,fct_cohorts.legal_guardian_name_333,bkoval@northharbor.health,Boris Koval,Compliance,ic,codeowners,slack_dm,2026-06-30T09:22:00,2026-06-30T09:34:00,24,2026-07-01T09:34:00,medium,12,answered,"{""column_name"": ""legal_guardian_name"", ""model_name"": ""fct_cohorts"", ""sample_values"": ""'1993', '1978'"", ""exposure_count"": 0}"
TAP000747,TRG000954,phi_column_classification,tactical,compliance.phi,2026-06,OBJ0163,cms_qpp_feedback,stg_measures.dob_year_only_334,vosei@northharbor.health,Vera Osei,Compliance,manager,domains_yml,slack_dm,2026-06-19T12:11:00,2026-06-19T12:45:00,24,2026-06-20T12:45:00,medium,16,answered,"{""column_name"": ""dob_year_only"", ""model_name"": ""stg_measures"", ""sample_values"": ""'48226', '48201'"", ""exposure_count"": 5}"
TAP000748,TRG000955,phi_column_classification,tactical,compliance.phi,2026-06,OBJ0007,fct_facilities,fct_denials.geo_lat_rounded_335,bkoval@northharbor.health,Boris Koval,Compliance,ic,codeowners,slack_dm,2026-06-02T09:48:00,2026-06-02T10:17:00,24,2026-06-03T10:17:00,low,1,answered,"{""column_name"": ""geo_lat_rounded"", ""model_name"": ""fct_denials"", ""sample_values"": ""'Kaiser Foods LLC'"", ""exposure_count"": 1}"
TAP000749,TRG000956,phi_column_classification,tactical,compliance.phi,2026-06,OBJ0123,stg_legacy_extract_5,fct_aging.account_alias_336,bkoval@northharbor.health,Boris Koval,Compliance,ic,domains_yml,slack_dm,2026-06-25T10:56:00,2026-06-25T11:41:00,24,2026-06-26T11:41:00,low,4,answered,"{""column_name"": ""account_alias"", ""model_name"": ""fct_aging"", ""sample_values"": ""'Kaiser Foods LLC'"", ""exposure_count"": 1}"
TAP000750,TRG000957,phi_column_classification,tactical,compliance.phi,2026-06,OBJ0038,fct_eligibility,fct_denials.prior_auth_number_337,bkoval@northharbor.health,Boris Koval,Compliance,ic,domains_yml,slack_dm,2026-06-03T13:55:00,2026-06-03T14:36:00,24,2026-06-04T14:36:00,low,3,timed_out,"{""column_name"": ""prior_auth_number"", ""model_name"": ""fct_denials"", ""sample_values"": ""'a3f9\u2026', 'b71c\u2026'"", ""exposure_count"": 1}"
TAP000751,TRG000958,phi_column_classification,tactical,compliance.phi,2026-06,OBJ0149,observation_conversion_rate,fct_referrals.claim_note_text_338,bkoval@northharbor.health,Boris Koval,Compliance,ic,codeowners,slack_dm,2026-06-25T10:58:00,2026-06-25T11:51:00,24,2026-06-26T11:51:00,high,31,answered,"{""column_name"": ""claim_note_text"", ""model_name"": ""fct_referrals"", ""sample_values"": ""'a3f9\u2026', 'b71c\u2026'"", ""exposure_count"": 0}"
TAP000752,TRG000959,phi_column_classification,tactical,compliance.phi,2026-06,OBJ0106,stg_measures,fct_denials.policy_number_89,vosei@northharbor.health,Vera Osei,Compliance,manager,codeowners,slack_dm,2026-06-19T16:34:00,2026-06-19T17:09:00,24,2026-06-20T17:09:00,high,34,answered,"{""column_name"": ""policy_number"", ""model_name"": ""fct_denials"", ""sample_values"": ""'1993', '1978'"", ""exposure_count"": 1}"
TAP000753,TRG000960,phi_column_classification,tactical,compliance.phi,2026-06,OBJ0038,fct_eligibility,fct_coverage.employer_name_339,bkoval@northharbor.health,Boris Koval,Compliance,ic,domains_yml,slack_dm,2026-06-23T17:56:00,2026-06-23T18:26:00,24,2026-06-24T18:26:00,low,3,answered,"{""column_name"": ""employer_name"", ""model_name"": ""fct_coverage"", ""sample_values"": ""'48226', '48201'"", ""exposure_count"": 5}"
TAP000754,TRG000961,phi_column_classification,tactical,compliance.phi,2026-06,OBJ0017,fct_aging,stg_writeoffs.patient_email_hash_305,bkoval@northharbor.health,Boris Koval,Compliance,ic,domains_yml,slack_dm,2026-06-17T07:40:00,2026-06-17T08:11:00,24,2026-06-18T08:11:00,low,6,answered,"{""column_name"": ""patient_email_hash"", ""model_name"": ""stg_writeoffs"", ""sample_values"": ""'1993', '1978'"", ""exposure_count"": 3}"
TAP000755,TRG000962,phi_column_classification,tactical,compliance.phi,2026-06,OBJ0158,twilio_outreach,fct_appointments.device_serial_310,bkoval@northharbor.health,Boris Koval,Compliance,ic,domains_yml,slack_dm,2026-06-24T15:09:00,2026-06-24T15:50:00,24,2026-06-25T15:50:00,low,9,answered,"{""column_name"": ""device_serial"", ""model_name"": ""fct_appointments"", ""sample_values"": ""'Kaiser Foods LLC'"", ""exposure_count"": 0}"
TAP000756,TRG000964,phi_column_classification,tactical,compliance.phi,2026-06,OBJ0006,fct_diagnoses,fct_coverage.guarantor_dob_341,rsantos@northharbor.health,Rita Santos,Compliance,manager,codeowners,slack_dm,2026-06-01T13:49:00,2026-06-01T14:24:00,24,2026-06-02T14:24:00,low,1,answered,"{""column_name"": ""guarantor_dob"", ""model_name"": ""fct_coverage"", ""sample_values"": ""'4871', '9920', '3364'"", ""exposure_count"": 0}"
TAP000757,TRG000965,phi_column_classification,tactical,compliance.phi,2026-06,OBJ0062,fct_remittances,fct_providers.subscriber_ssn_last4_342,rsantos@northharbor.health,Rita Santos,Compliance,manager,codeowners,slack_dm,2026-06-03T16:40:00,2026-06-03T17:35:00,24,2026-06-04T17:35:00,medium,11,answered,"{""column_name"": ""subscriber_ssn_last4"", ""model_name"": ""fct_providers"", ""sample_values"": ""'Kaiser Foods LLC'"", ""exposure_count"": 5}"
TAP000758,TRG000966,phi_column_classification,tactical,compliance.phi,2026-06,OBJ0036,fct_diagnoses,fct_adjustments.dob_year_only_214,bkoval@northharbor.health,Boris Koval,Compliance,ic,codeowners,slack_dm,2026-06-27T16:02:00,2026-06-27T16:56:00,24,2026-06-28T16:56:00,low,0,expired,"{""column_name"": ""dob_year_only"", ""model_name"": ""fct_adjustments"", ""sample_values"": ""'a3f9\u2026', 'b71c\u2026'"", ""exposure_count"": 3}"
TAP000759,TRG000967,phi_column_classification,tactical,compliance.phi,2026-06,OBJ0109,stg_coverage,stg_claims.home_phone_e164_343,bkoval@northharbor.health,Boris Koval,Compliance,ic,domains_yml,slack_dm,2026-06-06T16:46:00,2026-06-06T17:19:00,24,2026-06-07T17:19:00,low,6,answered,"{""column_name"": ""home_phone_e164"", ""model_name"": ""stg_claims"", ""sample_values"": ""'48226', '48201'"", ""exposure_count"": 1}"
TAP000760,TRG000968,phi_column_classification,tactical,compliance.phi,2026-06,OBJ0005,fct_charges,fct_eligibility.prior_auth_number_217,bkoval@northharbor.health,Boris Koval,Compliance,ic,codeowners,slack_dm,2026-06-22T12:54:00,2026-06-22T13:16:00,24,2026-06-23T13:16:00,low,1,answered,"{""column_name"": ""prior_auth_number"", ""model_name"": ""fct_eligibility"", ""sample_values"": ""'Kaiser Foods LLC'"", ""exposure_count"": 0}"
TAP000761,TRG000969,phi_column_classification,tactical,compliance.phi,2026-06,OBJ0027,fct_admissions,stg_diagnoses.claim_note_text_198,bkoval@northharbor.health,Boris Koval,Compliance,ic,domains_yml,slack_dm,2026-06-15T17:30:00,2026-06-15T17:44:00,24,2026-06-16T17:44:00,low,1,answered,"{""column_name"": ""claim_note_text"", ""model_name"": ""stg_diagnoses"", ""sample_values"": ""'(313) 555-0148'"", ""exposure_count"": 0}"
TAP000762,TRG000970,phi_column_classification,tactical,compliance.phi,2026-06,OBJ0138,hedis_bcs_compliance,stg_appointments.referring_npi_344,bkoval@northharbor.health,Boris Koval,Compliance,ic,domains_yml,slack_dm,2026-06-25T12:02:00,2026-06-25T12:42:00,24,2026-06-26T12:42:00,high,31,answered,"{""column_name"": ""referring_npi"", ""model_name"": ""stg_appointments"", ""sample_values"": ""'(313) 555-0148'"", ""exposure_count"": 5}"
TAP000763,TRG000971,phi_column_classification,tactical,compliance.phi,2026-06,OBJ0149,observation_conversion_rate,fct_encounters.policy_number_249,bkoval@northharbor.health,Boris Koval,Compliance,ic,codeowners,slack_dm,2026-06-09T11:11:00,2026-06-09T11:28:00,24,2026-06-10T11:28:00,high,31,answered,"{""column_name"": ""policy_number"", ""model_name"": ""fct_encounters"", ""sample_values"": ""'a3f9\u2026', 'b71c\u2026'"", ""exposure_count"": 1}"
TAP000764,TRG000972,phi_column_classification,tactical,compliance.phi,2026-06,OBJ0148,encounters_per_provider_day,fct_census.patient_email_hash_345,bkoval@northharbor.health,Boris Koval,Compliance,ic,domains_yml,slack_dm,2026-06-26T12:36:00,2026-06-26T12:49:00,24,2026-06-27T12:49:00,high,31,expired,"{""column_name"": ""patient_email_hash"", ""model_name"": ""fct_census"", ""sample_values"": ""'48226', '48201'"", ""exposure_count"": 1}"
TAP000765,TRG000973,phi_column_classification,tactical,compliance.phi,2026-06,OBJ0076,fct_measures,stg_patients.insurance_group_id_252,bkoval@northharbor.health,Boris Koval,Compliance,ic,domains_yml,slack_dm,2026-06-20T10:28:00,2026-06-20T11:10:00,24,2026-06-21T11:10:00,low,6,answered,"{""column_name"": ""insurance_group_id"", ""model_name"": ""stg_patients"", ""sample_values"": ""'48226', '48201'"", ""exposure_count"": 3}"
TAP000766,TRG000974,revenue_definition_change,strategic,finance.revenue,2026-06,OBJ0014,fct_appointments,net_patient_revenue|0,rmarsh@northharbor.health,Robert Marsh,Finance,cxo,domains_yml,email,2026-06-28T13:46:00,2026-06-28T21:31:00,24,2026-06-29T21:31:00,low,6,answered,"{""metric_name"": ""net_patient_revenue"", ""actor"": ""Phong Tran"", ""change_summary"": ""moves contractual allowance recognition to the service date"", ""previous_definition_date"": ""2024-09-21"", ""branch"": ""feat/netting-549"", ""top_exposure"": ""Monthly Close Package""}"
TAP000767,TRG000975,revenue_definition_change,strategic,finance.revenue,2026-06,OBJ0009,fct_providers,days_in_ar|0,rmarsh@northharbor.health,Robert Marsh,Finance,cxo,domains_yml,email,2026-06-12T09:55:00,2026-06-12T17:07:00,24,2026-06-13T17:07:00,medium,11,answered,"{""metric_name"": ""days_in_ar"", ""actor"": ""Devon Palmer"", ""change_summary"": ""nets out charity care before recognition"", ""previous_definition_date"": ""2025-10-23"", ""branch"": ""feat/accrual-321"", ""top_exposure"": ""Payer Mix Review""}"
TAP000768,TRG000976,revenue_definition_change,strategic,finance.revenue,2026-06,OBJ0130,denial_rate,days_in_ar|1,rmarsh@northharbor.health,Robert Marsh,Finance,cxo,domains_yml,email,2026-06-06T15:32:00,2026-06-06T23:39:00,24,2026-06-07T23:39:00,high,31,answered,"{""metric_name"": ""days_in_ar"", ""actor"": ""Simone Whitaker"", ""change_summary"": ""includes 340B pharmacy revenue"", ""previous_definition_date"": ""2025-01-20"", ""branch"": ""feat/allowance-fix-354"", ""top_exposure"": ""Payer Mix Review""}"
TAP000769,TRG000977,revenue_definition_change,strategic,finance.revenue,2026-06,OBJ0018,fct_denials,denial_rate|1,rmarsh@northharbor.health,Robert Marsh,Finance,cxo,domains_yml,email,2026-06-02T16:05:00,2026-06-03T01:09:00,24,2026-06-04T01:09:00,low,1,answered,"{""metric_name"": ""denial_rate"", ""actor"": ""Devon Palmer"", ""change_summary"": ""moves contractual allowance recognition to the service date"", ""previous_definition_date"": ""2024-04-11"", ""branch"": ""feat/accrual-503"", ""top_exposure"": ""Payer Mix Review""}"
TAP000770,TRG000978,revenue_definition_change,strategic,finance.revenue,2026-06,OBJ0015,fct_authorizations,first_pass_yield|1,rmarsh@northharbor.health,Robert Marsh,Finance,cxo,domains_yml,email,2026-06-23T18:03:00,2026-06-24T07:18:00,24,2026-06-25T07:18:00,low,4,answered,"{""metric_name"": ""first_pass_yield"", ""actor"": ""Marcus Keller"", ""change_summary"": ""includes 340B pharmacy revenue"", ""previous_definition_date"": ""2024-12-23"", ""branch"": ""feat/allowance-fix-906"", ""top_exposure"": ""Payer Mix Review""}"
TAP000771,TRG000986,quality_measure_criteria,strategic,clinical.quality,2026-06,OBJ0078,fct_denials,hedis_cbp_compliance,sramirez@northharbor.health,Sofia Ramirez,Clinical Operations,director,domains_yml,slack_dm,2026-06-28T11:48:00,2026-06-28T12:22:00,48,2026-06-30T12:22:00,low,3,answered,"{""measure_name"": ""hedis_cbp_compliance"", ""excluded_population"": ""patients transferred from another acute facility"", ""denominator_delta_pct"": 9.3, ""reporting_body"": ""CMS"", ""reporting_cadence"": ""quarterly""}"
TAP000772,TRG000991,quality_measure_criteria,strategic,clinical.quality,2026-06,OBJ0079,fct_coverage,cms_sep1_compliance,sramirez@northharbor.health,Sofia Ramirez,Clinical Operations,director,domains_yml,slack_dm,2026-06-19T14:03:00,2026-06-19T14:12:00,48,2026-06-21T14:12:00,low,3,answered,"{""measure_name"": ""cms_sep1_compliance"", ""excluded_population"": ""encounters flagged as observation-only"", ""denominator_delta_pct"": 13.7, ""reporting_body"": ""CMS"", ""reporting_cadence"": ""quarterly""}"
TAP000773,TRG000992,quality_measure_criteria,strategic,clinical.quality,2026-06,OBJ0082,fct_patients,readmission_rate_30d,sramirez@northharbor.health,Sofia Ramirez,Clinical Operations,director,domains_yml,slack_dm,2026-06-28T15:47:00,2026-06-28T15:56:00,48,2026-06-30T15:56:00,medium,19,answered,"{""measure_name"": ""readmission_rate_30d"", ""excluded_population"": ""members with fewer than 11 months of enrollment"", ""denominator_delta_pct"": 10.5, ""reporting_body"": ""NCQA"", ""reporting_cadence"": ""annual""}"
TAP000774,TRG001035,source_freshness_ownership,tactical,platform.pipelines,2026-06,OBJ0089,stg_numerators,epic_clarity,mkeller@northharbor.health,Marcus Keller,Data Platform,lead,domains_yml,slack_dm,2026-06-02T09:52:00,2026-06-02T10:35:00,6,2026-06-02T16:35:00,low,6,answered,"{""source_name"": ""epic_clarity"", ""hours_stale"": 22, ""last_loaded_at"": ""2026-08-02T09:30"", ""top_dependent"": ""fct_census""}"
TAP000775,TRG001036,source_freshness_ownership,tactical,platform.pipelines,2026-06,OBJ0089,stg_numerators,epic_caboodle,mkeller@northharbor.health,Marcus Keller,Data Platform,lead,codeowners,slack_dm,2026-06-01T10:56:00,2026-06-01T11:02:00,6,2026-06-01T17:02:00,low,6,answered,"{""source_name"": ""epic_caboodle"", ""hours_stale"": 50, ""last_loaded_at"": ""2026-08-01T22:30"", ""top_dependent"": ""fct_providers""}"
TAP000776,TRG001038,source_freshness_ownership,tactical,platform.pipelines,2026-06,OBJ0099,stg_providers,availity_remits,mkeller@northharbor.health,Marcus Keller,Data Platform,lead,codeowners,slack_dm,2026-06-23T12:30:00,2026-06-23T12:59:00,6,2026-06-23T18:59:00,medium,11,answered,"{""source_name"": ""availity_remits"", ""hours_stale"": 50, ""last_loaded_at"": ""2026-08-01T22:30"", ""top_dependent"": ""fct_admissions""}"
TAP000777,TRG001042,source_freshness_ownership,tactical,platform.pipelines,2026-06,OBJ0101,stg_service_lines,kronos_staffing,hyusuf@northharbor.health,Hana Yusuf,Data Platform,manager,codeowners,slack_dm,2026-06-23T16:13:00,2026-06-23T16:41:00,6,2026-06-23T22:41:00,low,6,answered,"{""source_name"": ""kronos_staffing"", ""hours_stale"": 61, ""last_loaded_at"": ""2026-08-02T16:30"", ""top_dependent"": ""stg_census""}"
TAP000778,TRG001043,source_freshness_ownership,tactical,platform.pipelines,2026-06,OBJ0150,epic_clarity,lawson_gl,mkeller@northharbor.health,Marcus Keller,Data Platform,lead,domains_yml,slack_dm,2026-06-08T13:16:00,2026-06-08T13:41:00,6,2026-06-08T19:41:00,medium,12,answered,"{""source_name"": ""lawson_gl"", ""hours_stale"": 31, ""last_loaded_at"": ""2026-08-03T23:30"", ""top_dependent"": ""fct_adjustments""}"
TAP000779,TRG001044,source_freshness_ownership,tactical,platform.pipelines,2026-06,OBJ0113,stg_procedures,salesforce_referrals,mkeller@northharbor.health,Marcus Keller,Data Platform,lead,domains_yml,slack_dm,2026-06-16T11:59:00,2026-06-16T12:30:00,6,2026-06-16T18:30:00,low,4,answered,"{""source_name"": ""salesforce_referrals"", ""hours_stale"": 43, ""last_loaded_at"": ""2026-08-03T09:30"", ""top_dependent"": ""fct_numerators""}"
TAP000780,TRG001046,source_freshness_ownership,tactical,platform.pipelines,2026-06,OBJ0098,stg_eligibility,waystar_claims,mkeller@northharbor.health,Marcus Keller,Data Platform,lead,codeowners,slack_dm,2026-06-29T12:46:00,2026-06-29T12:55:00,6,2026-06-29T18:55:00,high,34,answered,"{""source_name"": ""waystar_claims"", ""hours_stale"": 8, ""last_loaded_at"": ""2026-08-03T14:30"", ""top_dependent"": ""fct_diagnoses""}"
TAP000781,TRG001047,source_freshness_ownership,tactical,platform.pipelines,2026-06,OBJ0096,stg_diagnoses,press_ganey,hyusuf@northharbor.health,Hana Yusuf,Data Platform,manager,codeowners,slack_dm,2026-06-05T15:06:00,2026-06-05T15:35:00,6,2026-06-05T21:35:00,low,2,answered,"{""source_name"": ""press_ganey"", ""hours_stale"": 42, ""last_loaded_at"": ""2026-08-02T00:30"", ""top_dependent"": ""fct_appointments""}"
TAP000782,TRG001048,source_freshness_ownership,tactical,platform.pipelines,2026-06,OBJ0150,epic_clarity,twilio_outreach,mkeller@northharbor.health,Marcus Keller,Data Platform,lead,codeowners,slack_dm,2026-06-28T13:29:00,2026-06-28T13:54:00,6,2026-06-28T19:54:00,medium,12,answered,"{""source_name"": ""twilio_outreach"", ""hours_stale"": 36, ""last_loaded_at"": ""2026-08-02T05:30"", ""top_dependent"": ""stg_legacy_extract_5""}"
TAP000783,TRG001050,source_freshness_ownership,tactical,platform.pipelines,2026-06,OBJ0151,epic_caboodle,redox_hl7,mkeller@northharbor.health,Marcus Keller,Data Platform,lead,domains_yml,slack_dm,2026-06-27T11:15:00,2026-06-27T11:55:00,6,2026-06-27T17:55:00,medium,16,deflected,"{""source_name"": ""redox_hl7"", ""hours_stale"": 17, ""last_loaded_at"": ""2026-08-03T07:30"", ""top_dependent"": ""stg_balances""}"
TAP000784,TRG001051,metric_deprecation,strategic,finance.revenue,2026-06,OBJ0130,denial_rate,net_patient_revenue,rmarsh@northharbor.health,Robert Marsh,Finance,cxo,domains_yml,email,2026-06-20T17:15:00,2026-06-20T21:06:00,72,2026-06-23T21:06:00,high,31,answered,"{""metric_name"": ""net_patient_revenue"", ""days_idle"": 127, ""last_queried_date"": ""2025-12-14"", ""last_queried_by"": ""Boris Koval"", ""top_exposure"": ""Denials War Room""}"
TAP000785,TRG001052,metric_deprecation,strategic,finance.revenue,2026-06,OBJ0014,fct_appointments,gross_charges,rmarsh@northharbor.health,Robert Marsh,Finance,cxo,domains_yml,email,2026-06-22T12:49:00,2026-06-22T23:07:00,72,2026-06-25T23:07:00,low,6,answered,"{""metric_name"": ""gross_charges"", ""days_idle"": 224, ""last_queried_date"": ""2025-10-28"", ""last_queried_by"": ""Sofia Ramirez"", ""top_exposure"": ""Executive Scorecard""}"
TAP000786,TRG001053,metric_deprecation,strategic,clinical.quality,2026-06,OBJ0140,cms_sep1_compliance,contractual_allowance,sramirez@northharbor.health,Sofia Ramirez,Clinical Operations,director,domains_yml,slack_dm,2026-06-23T12:38:00,2026-06-23T13:33:00,72,2026-06-26T13:33:00,low,3,answered,"{""metric_name"": ""contractual_allowance"", ""days_idle"": 115, ""last_queried_date"": ""2025-11-24"", ""last_queried_by"": ""Olu Bayo"", ""top_exposure"": ""Quality Committee Deck""}"
TAP000787,TRG001054,metric_deprecation,strategic,rcm.coding,2026-06,OBJ0146,write_off_pct,days_in_ar,jokafor@northharbor.health,Joy Okafor,Revenue Cycle,director,domains_yml,slack_dm,2026-06-28T17:47:00,2026-06-28T18:06:00,72,2026-07-01T18:06:00,low,4,answered,"{""metric_name"": ""days_in_ar"", ""days_idle"": 221, ""last_queried_date"": ""2025-12-06"", ""last_queried_by"": ""Devon Palmer"", ""top_exposure"": ""Payer Mix Review""}"
TAP000788,TRG001055,metric_deprecation,strategic,growth.acquisition,2026-06,OBJ0143,referral_conversion,denial_rate,nfarrell@northharbor.health,Nora Farrell,Growth,director,domains_yml,slack_dm,2026-06-20T12:29:00,2026-06-20T12:43:00,72,2026-06-23T12:43:00,low,4,answered,"{""metric_name"": ""denial_rate"", ""days_idle"": 200, ""last_queried_date"": ""2025-11-09"", ""last_queried_by"": ""Miriam Grant"", ""top_exposure"": ""Denials War Room""}"
TAP000789,TRG001056,metric_deprecation,strategic,clinical.quality,2026-06,OBJ0083,fct_procedures,first_pass_yield,sramirez@northharbor.health,Sofia Ramirez,Clinical Operations,director,domains_yml,slack_dm,2026-06-07T14:31:00,2026-06-07T15:22:00,72,2026-06-10T15:22:00,low,8,answered,"{""metric_name"": ""first_pass_yield"", ""days_idle"": 248, ""last_queried_date"": ""2025-11-01"", ""last_queried_by"": ""Tobias Hoffman"", ""top_exposure"": ""Payer Mix Review""}"
TAP000790,TRG001057,metric_deprecation,strategic,growth.acquisition,2026-06,OBJ0143,referral_conversion,clean_claim_rate,nfarrell@northharbor.health,Nora Farrell,Growth,director,domains_yml,slack_dm,2026-06-11T10:43:00,2026-06-11T11:23:00,72,2026-06-14T11:23:00,low,4,answered,"{""metric_name"": ""clean_claim_rate"", ""days_idle"": 185, ""last_queried_date"": ""2025-09-19"", ""last_queried_by"": ""Parisa Ahmadi"", ""top_exposure"": ""Denials War Room""}"
TAP000791,TRG001060,metric_deprecation,strategic,finance.revenue,2026-06,OBJ0006,fct_diagnoses,cost_to_collect,rmarsh@northharbor.health,Robert Marsh,Finance,cxo,domains_yml,email,2026-06-30T16:21:00,2026-07-01T02:41:00,72,2026-07-04T02:41:00,low,1,timed_out,"{""metric_name"": ""cost_to_collect"", ""days_idle"": 194, ""last_queried_date"": ""2025-11-05"", ""last_queried_by"": ""James Mwangi"", ""top_exposure"": ""Board Pack Q2""}"
TAP000792,TRG001065,metric_deprecation,strategic,growth.acquisition,2026-06,OBJ0143,referral_conversion,ed_left_without_being_seen,nfarrell@northharbor.health,Nora Farrell,Growth,director,domains_yml,slack_dm,2026-06-14T17:26:00,2026-06-14T17:27:00,72,2026-06-17T17:27:00,low,4,answered,"{""metric_name"": ""ed_left_without_being_seen"", ""days_idle"": 258, ""last_queried_date"": ""2025-12-08"", ""last_queried_by"": ""Yuna Song"", ""top_exposure"": ""Denials War Room""}"
TAP000793,TRG001066,denial_reason_classification,tactical,rcm.denials,2026-07,OBJ0042,fct_exclusions,Medicare Part A|CO-B7,rpatel@northharbor.health,Rohan Patel,Revenue Cycle,ic,domains_yml,slack_dm,2026-07-02T12:33:00,2026-07-02T13:10:00,8,2026-07-02T21:10:00,low,8,answered,"{""payer_name"": ""Medicare Part A"", ""payer_code"": ""CO-B7"", ""claim_id"": ""CLM0704255"", ""claim_amount"": ""25,996"", ""service_date"": ""2026-04-19"", ""similar_count"": 45}"
TAP000794,TRG001071,denial_reason_classification,tactical,rcm.denials,2026-07,OBJ0035,fct_charges,Medicaid MI|CO-B7,ysong@northharbor.health,Yuna Song,Revenue Cycle,lead,codeowners,slack_dm,2026-07-12T13:14:00,2026-07-12T13:26:00,8,2026-07-12T21:26:00,medium,19,answered,"{""payer_name"": ""Medicaid MI"", ""payer_code"": ""CO-B7"", ""claim_id"": ""CLM0704292"", ""claim_amount"": ""36,330"", ""service_date"": ""2026-05-07"", ""similar_count"": 86}"
TAP000795,TRG001074,denial_reason_classification,tactical,rcm.denials,2026-07,OBJ0029,fct_numerators,Priority Health|CO-B7,rpatel@northharbor.health,Rohan Patel,Revenue Cycle,ic,codeowners,slack_dm,2026-07-16T15:24:00,2026-07-16T16:04:00,8,2026-07-17T00:04:00,low,4,answered,"{""payer_name"": ""Priority Health"", ""payer_code"": ""CO-B7"", ""claim_id"": ""CLM0704329"", ""claim_amount"": ""11,480"", ""service_date"": ""2026-06-23"", ""similar_count"": 44}"
TAP000796,TRG001075,denial_reason_classification,tactical,rcm.denials,2026-07,OBJ0032,fct_remittances,Molina|CO-B7,lbrennan@northharbor.health,Liam Brennan,Revenue Cycle,manager,codeowners,slack_dm,2026-07-05T17:04:00,2026-07-05T17:24:00,8,2026-07-06T01:24:00,medium,11,answered,"{""payer_name"": ""Molina"", ""payer_code"": ""CO-B7"", ""claim_id"": ""CLM0704366"", ""claim_amount"": ""35,210"", ""service_date"": ""2026-03-21"", ""similar_count"": 22}"
TAP000797,TRG001076,denial_reason_classification,tactical,rcm.denials,2026-07,OBJ0043,fct_encounters,Tricare|CO-B7,mdiallo@northharbor.health,Mariam Diallo,Revenue Cycle,ic,domains_yml,slack_dm,2026-07-17T10:33:00,2026-07-17T10:58:00,8,2026-07-17T18:58:00,medium,11,answered,"{""payer_name"": ""Tricare"", ""payer_code"": ""CO-B7"", ""claim_id"": ""CLM0704403"", ""claim_amount"": ""699"", ""service_date"": ""2026-01-19"", ""similar_count"": 94}"
TAP000798,TRG001097,denial_reason_classification,tactical,rcm.denials,2026-07,OBJ0033,fct_throughput,Medicaid MI|CO-197,rpatel@northharbor.health,Rohan Patel,Revenue Cycle,ic,codeowners,slack_dm,2026-07-25T10:43:00,2026-07-25T11:13:00,8,2026-07-25T19:13:00,low,1,answered,"{""payer_name"": ""Medicaid MI"", ""payer_code"": ""CO-197"", ""claim_id"": ""CLM0702812"", ""claim_amount"": ""10,543"", ""service_date"": ""2026-03-23"", ""similar_count"": 84}"
TAP000799,TRG001139,denial_reason_classification,tactical,rcm.denials,2026-07,OBJ0033,fct_throughput,BCBS Michigan|CO-50,nabara@northharbor.health,Nkechi Abara,Revenue Cycle,ic,codeowners,slack_dm,2026-07-07T10:51:00,2026-07-07T11:11:00,8,2026-07-07T19:11:00,low,1,answered,"{""payer_name"": ""BCBS Michigan"", ""payer_code"": ""CO-50"", ""claim_id"": ""CLM0705624"", ""claim_amount"": ""22,386"", ""service_date"": ""2026-03-08"", ""similar_count"": 28}"
TAP000800,TRG001158,denial_reason_classification,tactical,rcm.denials,2026-07,OBJ0043,fct_encounters,Priority Health|PR-1,nabara@northharbor.health,Nkechi Abara,Revenue Cycle,ic,codeowners,slack_dm,2026-07-07T10:06:00,2026-07-07T10:11:00,8,2026-07-07T18:11:00,medium,11,timed_out,"{""payer_name"": ""Priority Health"", ""payer_code"": ""PR-1"", ""claim_id"": ""CLM0706179"", ""claim_amount"": ""1,540"", ""service_date"": ""2026-03-26"", ""similar_count"": 65}"
TAP000801,TRG001159,encounter_type_mapping,tactical,clinical.encounters,2026-07,OBJ0061,fct_adjustments,VT-594,obayo@northharbor.health,Olu Bayo,Clinical Operations,ic,codeowners,slack_dm,2026-07-27T12:09:00,2026-07-27T13:03:00,12,2026-07-28T01:03:00,medium,11,expired,"{""visit_type_code"": ""VT-594"", ""visit_type_label"": ""Pre-anesthesia evaluation"", ""source_system"": ""redox_hl7"", ""record_count"": 776, ""first_seen_date"": ""2026-04-21""}"
TAP000802,TRG001162,encounter_type_mapping,tactical,clinical.encounters,2026-07,OBJ0059,fct_numerators,VT-607,iharlow@northharbor.health,Ines Harlow,Clinical Operations,ic,codeowners,slack_dm,2026-07-30T14:18:00,2026-07-30T15:02:00,12,2026-07-31T03:02:00,medium,11,answered,"{""visit_type_code"": ""VT-607"", ""visit_type_label"": ""Mobile mammography"", ""source_system"": ""labcorp_results"", ""record_count"": 359, ""first_seen_date"": ""2026-06-17""}"
TAP000803,TRG001163,encounter_type_mapping,tactical,clinical.encounters,2026-07,OBJ0059,fct_numerators,VT-620,dschultz@northharbor.health,Dana Schultz,Clinical Operations,ic,codeowners,slack_dm,2026-07-27T07:48:00,2026-07-27T08:34:00,12,2026-07-27T20:34:00,medium,11,answered,"{""visit_type_code"": ""VT-620"", ""visit_type_label"": ""Home health assessment"", ""source_system"": ""epic_clarity"", ""record_count"": 21, ""first_seen_date"": ""2026-05-21""}"
TAP000804,TRG001164,phi_column_classification,tactical,compliance.phi,2026-07,OBJ0128,contractual_allowance,fct_departments.zip_plus_four_346,bkoval@northharbor.health,Boris Koval,Compliance,ic,domains_yml,slack_dm,2026-07-29T17:41:00,2026-07-29T18:16:00,24,2026-07-30T18:16:00,low,6,answered,"{""column_name"": ""zip_plus_four"", ""model_name"": ""fct_departments"", ""sample_values"": ""'Kaiser Foods LLC'"", ""exposure_count"": 5}"
TAP000805,TRG001165,phi_column_classification,tactical,compliance.phi,2026-07,OBJ0104,stg_appointments,fct_procedures.dob_year_only_214,vosei@northharbor.health,Vera Osei,Compliance,manager,codeowners,slack_dm,2026-07-30T12:25:00,2026-07-30T13:04:00,24,2026-07-31T13:04:00,low,6,answered,"{""column_name"": ""dob_year_only"", ""model_name"": ""fct_procedures"", ""sample_values"": ""'Kaiser Foods LLC'"", ""exposure_count"": 0}"
TAP000806,TRG001166,phi_column_classification,tactical,compliance.phi,2026-07,OBJ0078,fct_denials,stg_legacy_extract_5.account_alias_196,rsantos@northharbor.health,Rita Santos,Compliance,manager,domains_yml,slack_dm,2026-07-09T09:13:00,2026-07-09T09:21:00,24,2026-07-10T09:21:00,low,3,answered,"{""column_name"": ""account_alias"", ""model_name"": ""stg_legacy_extract_5"", ""sample_values"": ""'a3f9\u2026', 'b71c\u2026'"", ""exposure_count"": 0}"
TAP000807,TRG001167,phi_column_classification,tactical,compliance.phi,2026-07,OBJ0101,stg_service_lines,fct_service_lines.member_id_raw_347,bkoval@northharbor.health,Boris Koval,Compliance,ic,codeowners,slack_dm,2026-07-25T16:41:00,2026-07-25T16:53:00,24,2026-07-26T16:53:00,low,6,deflected,"{""column_name"": ""member_id_raw"", ""model_name"": ""fct_service_lines"", ""sample_values"": ""'48226', '48201'"", ""exposure_count"": 0}"
TAP000808,TRG001168,phi_column_classification,tactical,compliance.phi,2026-07,OBJ0072,fct_exclusions,fct_payers.home_phone_e164_203,bkoval@northharbor.health,Boris Koval,Compliance,ic,domains_yml,slack_dm,2026-07-19T09:00:00,2026-07-19T09:18:00,24,2026-07-20T09:18:00,low,0,deflected,"{""column_name"": ""home_phone_e164"", ""model_name"": ""fct_payers"", ""sample_values"": ""'1993', '1978'"", ""exposure_count"": 0}"
TAP000809,TRG001169,phi_column_classification,tactical,compliance.phi,2026-07,OBJ0072,fct_exclusions,fct_adjustments.emergency_contact_name_348,bkoval@northharbor.health,Boris Koval,Compliance,ic,codeowners,slack_dm,2026-07-10T09:27:00,2026-07-10T10:06:00,24,2026-07-11T10:06:00,low,0,answered,"{""column_name"": ""emergency_contact_name"", ""model_name"": ""fct_adjustments"", ""sample_values"": ""'a3f9\u2026', 'b71c\u2026'"", ""exposure_count"": 0}"
TAP000810,TRG001170,phi_column_classification,tactical,compliance.phi,2026-07,OBJ0110,stg_census,fct_aging.policy_number_349,bkoval@northharbor.health,Boris Koval,Compliance,ic,domains_yml,slack_dm,2026-07-27T10:45:00,2026-07-27T11:15:00,24,2026-07-28T11:15:00,low,2,answered,"{""column_name"": ""policy_number"", ""model_name"": ""fct_aging"", ""sample_values"": ""'(313) 555-0148'"", ""exposure_count"": 0}"
TAP000811,TRG001172,phi_column_classification,tactical,compliance.phi,2026-07,OBJ0102,stg_exclusions,fct_writeoffs.policy_number_269,bkoval@northharbor.health,Boris Koval,Compliance,ic,codeowners,slack_dm,2026-07-30T14:06:00,2026-07-30T14:19:00,24,2026-07-31T14:19:00,low,3,answered,"{""column_name"": ""policy_number"", ""model_name"": ""fct_writeoffs"", ""sample_values"": ""'1993', '1978'"", ""exposure_count"": 5}"
TAP000812,TRG001173,phi_column_classification,tactical,compliance.phi,2026-07,OBJ0129,days_in_ar,fct_encounters.policy_number_269,vosei@northharbor.health,Vera Osei,Compliance,manager,codeowners,slack_dm,2026-07-27T10:54:00,2026-07-27T11:48:00,24,2026-07-28T11:48:00,medium,12,answered,"{""column_name"": ""policy_number"", ""model_name"": ""fct_encounters"", ""sample_values"": ""'4871', '9920', '3364'"", ""exposure_count"": 3}"
TAP000813,TRG001174,phi_column_classification,tactical,compliance.phi,2026-07,OBJ0123,stg_legacy_extract_5,fct_exclusions.policy_number_49,bkoval@northharbor.health,Boris Koval,Compliance,ic,domains_yml,slack_dm,2026-07-21T09:31:00,2026-07-21T09:36:00,24,2026-07-22T09:36:00,low,4,answered,"{""column_name"": ""policy_number"", ""model_name"": ""fct_exclusions"", ""sample_values"": ""'4871', '9920', '3364'"", ""exposure_count"": 0}"
TAP000814,TRG001175,phi_column_classification,tactical,compliance.phi,2026-07,OBJ0098,stg_eligibility,fct_measures.chart_note_excerpt_351,bkoval@northharbor.health,Boris Koval,Compliance,ic,domains_yml,slack_dm,2026-07-23T16:05:00,2026-07-23T16:54:00,24,2026-07-24T16:54:00,high,34,answered,"{""column_name"": ""chart_note_excerpt"", ""model_name"": ""fct_measures"", ""sample_values"": ""'a3f9\u2026', 'b71c\u2026'"", ""exposure_count"": 0}"
TAP000815,TRG001176,phi_column_classification,tactical,compliance.phi,2026-07,OBJ0112,stg_patients,stg_admissions.insurance_group_id_352,bkoval@northharbor.health,Boris Koval,Compliance,ic,domains_yml,slack_dm,2026-07-13T09:24:00,2026-07-13T09:30:00,24,2026-07-14T09:30:00,medium,15,answered,"{""column_name"": ""insurance_group_id"", ""model_name"": ""stg_admissions"", ""sample_values"": ""'4871', '9920', '3364'"", ""exposure_count"": 0}"
TAP000816,TRG001177,phi_column_classification,tactical,compliance.phi,2026-07,OBJ0106,stg_measures,fct_payers.home_phone_e164_3,bkoval@northharbor.health,Boris Koval,Compliance,ic,codeowners,slack_dm,2026-07-04T09:27:00,2026-07-04T10:06:00,24,2026-07-05T10:06:00,high,34,timed_out,"{""column_name"": ""home_phone_e164"", ""model_name"": ""fct_payers"", ""sample_values"": ""'Kaiser Foods LLC'"", ""exposure_count"": 2}"
TAP000817,TRG001178,phi_column_classification,tactical,compliance.phi,2026-07,OBJ0010,fct_discharges,fct_census.dob_year_only_194,bkoval@northharbor.health,Boris Koval,Compliance,ic,domains_yml,slack_dm,2026-07-09T17:48:00,2026-07-09T18:10:00,24,2026-07-10T18:10:00,medium,11,answered,"{""column_name"": ""dob_year_only"", ""model_name"": ""fct_census"", ""sample_values"": ""'4871', '9920', '3364'"", ""exposure_count"": 1}"
TAP000818,TRG001179,phi_column_classification,tactical,compliance.phi,2026-07,OBJ0041,fct_service_lines,fct_exclusions.legal_guardian_name_353,bkoval@northharbor.health,Boris Koval,Compliance,ic,codeowners,slack_dm,2026-07-21T09:38:00,2026-07-21T10:21:00,24,2026-07-22T10:21:00,medium,19,answered,"{""column_name"": ""legal_guardian_name"", ""model_name"": ""fct_exclusions"", ""sample_values"": ""'(313) 555-0148'"", ""exposure_count"": 2}"
TAP000819,TRG001180,phi_column_classification,tactical,compliance.phi,2026-07,OBJ0057,fct_admissions,fct_referrals.dob_year_only_354,bkoval@northharbor.health,Boris Koval,Compliance,ic,codeowners,slack_dm,2026-07-18T07:02:00,2026-07-18T07:44:00,24,2026-07-19T07:44:00,low,4,answered,"{""column_name"": ""dob_year_only"", ""model_name"": ""fct_referrals"", ""sample_values"": ""'4871', '9920', '3364'"", ""exposure_count"": 0}"
TAP000820,TRG001181,phi_column_classification,tactical,compliance.phi,2026-07,OBJ0002,fct_remittances,fct_cohorts.legal_guardian_name_153,rsantos@northharbor.health,Rita Santos,Compliance,manager,codeowners,slack_dm,2026-07-16T10:01:00,2026-07-16T10:03:00,24,2026-07-17T10:03:00,medium,15,timed_out,"{""column_name"": ""legal_guardian_name"", ""model_name"": ""fct_cohorts"", ""sample_values"": ""'(313) 555-0148'"", ""exposure_count"": 0}"
TAP000821,TRG001182,phi_column_classification,tactical,compliance.phi,2026-07,OBJ0052,fct_patients,fct_encounters.geo_lat_rounded_355,rsantos@northharbor.health,Rita Santos,Compliance,manager,codeowners,slack_dm,2026-07-04T14:50:00,2026-07-04T15:41:00,24,2026-07-05T15:41:00,medium,11,answered,"{""column_name"": ""geo_lat_rounded"", ""model_name"": ""fct_encounters"", ""sample_values"": ""'(313) 555-0148'"", ""exposure_count"": 1}"
TAP000822,TRG001183,phi_column_classification,tactical,compliance.phi,2026-07,OBJ0063,fct_throughput,fct_diagnoses.policy_number_129,vosei@northharbor.health,Vera Osei,Compliance,manager,codeowners,slack_dm,2026-07-02T15:15:00,2026-07-02T15:53:00,24,2026-07-03T15:53:00,low,6,answered,"{""column_name"": ""policy_number"", ""model_name"": ""fct_diagnoses"", ""sample_values"": ""'a3f9\u2026', 'b71c\u2026'"", ""exposure_count"": 0}"
TAP000823,TRG001184,phi_column_classification,tactical,compliance.phi,2026-07,OBJ0063,fct_throughput,fct_discharges.account_alias_356,vosei@northharbor.health,Vera Osei,Compliance,manager,codeowners,slack_dm,2026-07-21T13:51:00,2026-07-21T14:34:00,24,2026-07-22T14:34:00,low,6,answered,"{""column_name"": ""account_alias"", ""model_name"": ""fct_discharges"", ""sample_values"": ""'(313) 555-0148'"", ""exposure_count"": 5}"
TAP000824,TRG001185,phi_column_classification,tactical,compliance.phi,2026-07,OBJ0001,fct_adjustments,stg_exclusions.prior_auth_number_357,bkoval@northharbor.health,Boris Koval,Compliance,ic,codeowners,slack_dm,2026-07-21T10:52:00,2026-07-21T11:46:00,24,2026-07-22T11:46:00,low,2,deflected,"{""column_name"": ""prior_auth_number"", ""model_name"": ""stg_exclusions"", ""sample_values"": ""'Kaiser Foods LLC'"", ""exposure_count"": 3}"
TAP000825,TRG001186,phi_column_classification,tactical,compliance.phi,2026-07,OBJ0108,stg_denials,fct_providers.referring_npi_324,rsantos@northharbor.health,Rita Santos,Compliance,manager,codeowners,slack_dm,2026-07-20T17:18:00,2026-07-20T17:31:00,24,2026-07-21T17:31:00,low,6,timed_out,"{""column_name"": ""referring_npi"", ""model_name"": ""fct_providers"", ""sample_values"": ""'Kaiser Foods LLC'"", ""exposure_count"": 0}"
TAP000826,TRG001187,phi_column_classification,tactical,compliance.phi,2026-07,OBJ0006,fct_diagnoses,stg_throughput.legal_guardian_name_153,bkoval@northharbor.health,Boris Koval,Compliance,ic,domains_yml,slack_dm,2026-07-07T15:33:00,2026-07-07T15:43:00,24,2026-07-08T15:43:00,low,1,timed_out,"{""column_name"": ""legal_guardian_name"", ""model_name"": ""stg_throughput"", ""sample_values"": ""'4871', '9920', '3364'"", ""exposure_count"": 1}"
TAP000827,TRG001188,phi_column_classification,tactical,compliance.phi,2026-07,OBJ0114,stg_departments,fct_procedures.guarantor_dob_181,bkoval@northharbor.health,Boris Koval,Compliance,ic,codeowners,slack_dm,2026-07-03T13:14:00,2026-07-03T13:25:00,24,2026-07-04T13:25:00,low,0,answered,"{""column_name"": ""guarantor_dob"", ""model_name"": ""fct_procedures"", ""sample_values"": ""'4871', '9920', '3364'"", ""exposure_count"": 0}"
TAP000828,TRG001189,phi_column_classification,tactical,compliance.phi,2026-07,OBJ0099,stg_providers,stg_facilities.claim_note_text_358,rsantos@northharbor.health,Rita Santos,Compliance,manager,domains_yml,slack_dm,2026-07-02T10:50:00,2026-07-02T10:55:00,24,2026-07-03T10:55:00,medium,11,timed_out,"{""column_name"": ""claim_note_text"", ""model_name"": ""stg_facilities"", ""sample_values"": ""'1993', '1978'"", ""exposure_count"": 2}"
TAP000829,TRG001190,phi_column_classification,tactical,compliance.phi,2026-07,OBJ0083,fct_procedures,stg_procedures.mrn_alt_340,bkoval@northharbor.health,Boris Koval,Compliance,ic,domains_yml,slack_dm,2026-07-22T09:40:00,2026-07-22T10:18:00,24,2026-07-23T10:18:00,low,8,answered,"{""column_name"": ""mrn_alt"", ""model_name"": ""stg_procedures"", ""sample_values"": ""'Kaiser Foods LLC'"", ""exposure_count"": 3}"
TAP000830,TRG001191,phi_column_classification,tactical,compliance.phi,2026-07,OBJ0141,hcahps_top_box,stg_legacy_extract_3.employer_name_359,rsantos@northharbor.health,Rita Santos,Compliance,manager,codeowners,slack_dm,2026-07-27T15:35:00,2026-07-27T16:05:00,24,2026-07-28T16:05:00,low,3,answered,"{""column_name"": ""employer_name"", ""model_name"": ""stg_legacy_extract_3"", ""sample_values"": ""'1993', '1978'"", ""exposure_count"": 0}"
TAP000831,TRG001192,phi_column_classification,tactical,compliance.phi,2026-07,OBJ0032,fct_remittances,stg_census.mrn_alt_360,bkoval@northharbor.health,Boris Koval,Compliance,ic,codeowners,slack_dm,2026-07-22T15:41:00,2026-07-22T16:17:00,24,2026-07-23T16:17:00,medium,11,timed_out,"{""column_name"": ""mrn_alt"", ""model_name"": ""stg_census"", ""sample_values"": ""'1993', '1978'"", ""exposure_count"": 0}"
TAP000832,TRG001193,phi_column_classification,tactical,compliance.phi,2026-07,OBJ0147,payer_mix_commercial,stg_balances.patient_email_hash_85,bkoval@northharbor.health,Boris Koval,Compliance,ic,codeowners,slack_dm,2026-07-24T14:57:00,2026-07-24T15:11:00,24,2026-07-25T15:11:00,high,31,answered,"{""column_name"": ""patient_email_hash"", ""model_name"": ""stg_balances"", ""sample_values"": ""'4871', '9920', '3364'"", ""exposure_count"": 1}"
TAP000833,TRG001194,phi_column_classification,tactical,compliance.phi,2026-07,OBJ0103,stg_encounters,fct_encounters.guarantor_dob_361,bkoval@northharbor.health,Boris Koval,Compliance,ic,codeowners,slack_dm,2026-07-14T11:09:00,2026-07-14T11:35:00,24,2026-07-15T11:35:00,low,3,answered,"{""column_name"": ""guarantor_dob"", ""model_name"": ""fct_encounters"", ""sample_values"": ""'4871', '9920', '3364'"", ""exposure_count"": 1}"
TAP000834,TRG001195,phi_column_classification,tactical,compliance.phi,2026-07,OBJ0163,cms_qpp_feedback,fct_discharges.subscriber_ssn_last4_362,bkoval@northharbor.health,Boris Koval,Compliance,ic,codeowners,slack_dm,2026-07-08T11:20:00,2026-07-08T11:27:00,24,2026-07-09T11:27:00,medium,16,timed_out,"{""column_name"": ""subscriber_ssn_last4"", ""model_name"": ""fct_discharges"", ""sample_values"": ""'(313) 555-0148'"", ""exposure_count"": 0}"
TAP000835,TRG001197,phi_column_classification,tactical,compliance.phi,2026-07,OBJ0038,fct_eligibility,stg_coverage.emergency_contact_name_248,bkoval@northharbor.health,Boris Koval,Compliance,ic,codeowners,slack_dm,2026-07-24T14:06:00,2026-07-24T14:47:00,24,2026-07-25T14:47:00,low,3,timed_out,"{""column_name"": ""emergency_contact_name"", ""model_name"": ""stg_coverage"", ""sample_values"": ""'a3f9\u2026', 'b71c\u2026'"", ""exposure_count"": 0}"
TAP000836,TRG001198,phi_column_classification,tactical,compliance.phi,2026-07,OBJ0052,fct_patients,fct_authorizations.referring_npi_364,bkoval@northharbor.health,Boris Koval,Compliance,ic,codeowners,slack_dm,2026-07-27T13:53:00,2026-07-27T14:23:00,24,2026-07-28T14:23:00,medium,11,answered,"{""column_name"": ""referring_npi"", ""model_name"": ""fct_authorizations"", ""sample_values"": ""'a3f9\u2026', 'b71c\u2026'"", ""exposure_count"": 0}"
TAP000837,TRG001199,phi_column_classification,tactical,compliance.phi,2026-07,OBJ0154,press_ganey,stg_writeoffs.patient_email_hash_365,bkoval@northharbor.health,Boris Koval,Compliance,ic,codeowners,slack_dm,2026-07-04T09:15:00,2026-07-04T09:26:00,24,2026-07-05T09:26:00,medium,12,timed_out,"{""column_name"": ""patient_email_hash"", ""model_name"": ""stg_writeoffs"", ""sample_values"": ""'4871', '9920', '3364'"", ""exposure_count"": 3}"
TAP000838,TRG001200,phi_column_classification,tactical,compliance.phi,2026-07,OBJ0098,stg_eligibility,fct_payers.insurance_group_id_72,bkoval@northharbor.health,Boris Koval,Compliance,ic,domains_yml,slack_dm,2026-07-25T09:58:00,2026-07-25T10:10:00,24,2026-07-26T10:10:00,high,34,timed_out,"{""column_name"": ""insurance_group_id"", ""model_name"": ""fct_payers"", ""sample_values"": ""'1993', '1978'"", ""exposure_count"": 0}"
TAP000839,TRG001201,phi_column_classification,tactical,compliance.phi,2026-07,OBJ0111,stg_balances,fct_measures.zip_plus_four_366,bkoval@northharbor.health,Boris Koval,Compliance,ic,codeowners,slack_dm,2026-07-18T15:20:00,2026-07-18T15:33:00,24,2026-07-19T15:33:00,low,1,answered,"{""column_name"": ""zip_plus_four"", ""model_name"": ""fct_measures"", ""sample_values"": ""'48226', '48201'"", ""exposure_count"": 0}"
TAP000840,TRG001202,phi_column_classification,tactical,compliance.phi,2026-07,OBJ0129,days_in_ar,fct_cohorts.zip_plus_four_126,vosei@northharbor.health,Vera Osei,Compliance,manager,codeowners,slack_dm,2026-07-10T10:33:00,2026-07-10T11:17:00,24,2026-07-11T11:17:00,medium,12,answered,"{""column_name"": ""zip_plus_four"", ""model_name"": ""fct_cohorts"", ""sample_values"": ""'1993', '1978'"", ""exposure_count"": 2}"
TAP000841,TRG001203,phi_column_classification,tactical,compliance.phi,2026-07,OBJ0116,stg_payers,stg_exclusions.dob_year_only_114,bkoval@northharbor.health,Boris Koval,Compliance,ic,codeowners,slack_dm,2026-07-15T13:35:00,2026-07-15T13:58:00,24,2026-07-16T13:58:00,low,0,timed_out,"{""column_name"": ""dob_year_only"", ""model_name"": ""stg_exclusions"", ""sample_values"": ""'a3f9\u2026', 'b71c\u2026'"", ""exposure_count"": 3}"
TAP000842,TRG001204,phi_column_classification,tactical,compliance.phi,2026-07,OBJ0077,fct_aging,stg_coverage.device_serial_270,vosei@northharbor.health,Vera Osei,Compliance,manager,codeowners,slack_dm,2026-07-21T16:33:00,2026-07-21T17:28:00,24,2026-07-22T17:28:00,low,3,answered,"{""column_name"": ""device_serial"", ""model_name"": ""stg_coverage"", ""sample_values"": ""'4871', '9920', '3364'"", ""exposure_count"": 0}"
TAP000843,TRG001206,phi_column_classification,tactical,compliance.phi,2026-07,OBJ0128,contractual_allowance,fct_departments.emergency_contact_name_368,bkoval@northharbor.health,Boris Koval,Compliance,ic,codeowners,slack_dm,2026-07-15T10:35:00,2026-07-15T10:51:00,24,2026-07-16T10:51:00,low,6,answered,"{""column_name"": ""emergency_contact_name"", ""model_name"": ""fct_departments"", ""sample_values"": ""'1993', '1978'"", ""exposure_count"": 0}"
TAP000844,TRG001207,phi_column_classification,tactical,compliance.phi,2026-07,OBJ0024,fct_departments,stg_encounters.policy_number_369,rsantos@northharbor.health,Rita Santos,Compliance,manager,domains_yml,slack_dm,2026-07-23T17:53:00,2026-07-23T18:08:00,24,2026-07-24T18:08:00,high,26,deflected,"{""column_name"": ""policy_number"", ""model_name"": ""stg_encounters"", ""sample_values"": ""'48226', '48201'"", ""exposure_count"": 0}"
TAP000845,TRG001208,phi_column_classification,tactical,compliance.phi,2026-07,OBJ0115,stg_cohorts,fct_referrals.device_serial_370,rsantos@northharbor.health,Rita Santos,Compliance,manager,domains_yml,slack_dm,2026-07-11T14:32:00,2026-07-11T15:07:00,24,2026-07-12T15:07:00,low,2,answered,"{""column_name"": ""device_serial"", ""model_name"": ""fct_referrals"", ""sample_values"": ""'(313) 555-0148'"", ""exposure_count"": 1}"
TAP000846,TRG001209,phi_column_classification,tactical,compliance.phi,2026-07,OBJ0116,stg_payers,fct_facilities.patient_email_hash_325,vosei@northharbor.health,Vera Osei,Compliance,manager,codeowners,slack_dm,2026-07-25T13:04:00,2026-07-25T13:41:00,24,2026-07-26T13:41:00,low,0,answered,"{""column_name"": ""patient_email_hash"", ""model_name"": ""fct_facilities"", ""sample_values"": ""'Kaiser Foods LLC'"", ""exposure_count"": 1}"
TAP000847,TRG001210,phi_column_classification,tactical,compliance.phi,2026-07,OBJ0077,fct_aging,fct_throughput.zip_plus_four_246,vosei@northharbor.health,Vera Osei,Compliance,manager,codeowners,slack_dm,2026-07-20T15:49:00,2026-07-20T16:06:00,24,2026-07-21T16:06:00,low,3,answered,"{""column_name"": ""zip_plus_four"", ""model_name"": ""fct_throughput"", ""sample_values"": ""'(313) 555-0148'"", ""exposure_count"": 1}"
TAP000848,TRG001211,phi_column_classification,tactical,compliance.phi,2026-07,OBJ0063,fct_throughput,fct_cohorts.subscriber_ssn_last4_62,bkoval@northharbor.health,Boris Koval,Compliance,ic,codeowners,slack_dm,2026-07-31T13:05:00,2026-07-31T13:26:00,24,2026-08-01T13:26:00,low,6,answered,"{""column_name"": ""subscriber_ssn_last4"", ""model_name"": ""fct_cohorts"", ""sample_values"": ""'4871', '9920', '3364'"", ""exposure_count"": 0}"
TAP000849,TRG001212,phi_column_classification,tactical,compliance.phi,2026-07,OBJ0154,press_ganey,fct_denials.chart_note_excerpt_371,bkoval@northharbor.health,Boris Koval,Compliance,ic,domains_yml,slack_dm,2026-07-31T07:36:00,2026-07-31T07:50:00,24,2026-08-01T07:50:00,medium,12,timed_out,"{""column_name"": ""chart_note_excerpt"", ""model_name"": ""fct_denials"", ""sample_values"": ""'a3f9\u2026', 'b71c\u2026'"", ""exposure_count"": 1}"
TAP000850,TRG001213,phi_column_classification,tactical,compliance.phi,2026-07,OBJ0066,fct_diagnoses,fct_appointments.insurance_group_id_372,vosei@northharbor.health,Vera Osei,Compliance,manager,domains_yml,slack_dm,2026-07-20T09:54:00,2026-07-20T10:34:00,24,2026-07-21T10:34:00,low,1,answered,"{""column_name"": ""insurance_group_id"", ""model_name"": ""fct_appointments"", ""sample_values"": ""'48226', '48201'"", ""exposure_count"": 0}"
TAP000851,TRG001214,phi_column_classification,tactical,compliance.phi,2026-07,OBJ0074,fct_appointments,fct_adjustments.prior_auth_number_57,vosei@northharbor.health,Vera Osei,Compliance,manager,domains_yml,slack_dm,2026-07-05T14:49:00,2026-07-05T15:25:00,24,2026-07-06T15:25:00,medium,15,answered,"{""column_name"": ""prior_auth_number"", ""model_name"": ""fct_adjustments"", ""sample_values"": ""'1993', '1978'"", ""exposure_count"": 0}"
TAP000852,TRG001215,phi_column_classification,tactical,compliance.phi,2026-07,OBJ0023,fct_procedures,fct_claims.policy_number_189,bkoval@northharbor.health,Boris Koval,Compliance,ic,codeowners,slack_dm,2026-07-07T14:55:00,2026-07-07T15:03:00,24,2026-07-08T15:03:00,low,1,answered,"{""column_name"": ""policy_number"", ""model_name"": ""fct_claims"", ""sample_values"": ""'Kaiser Foods LLC'"", ""exposure_count"": 0}"
TAP000853,TRG001216,phi_column_classification,tactical,compliance.phi,2026-07,OBJ0125,stg_legacy_extract_7,fct_departments.legal_guardian_name_373,bkoval@northharbor.health,Boris Koval,Compliance,ic,codeowners,slack_dm,2026-07-28T12:52:00,2026-07-28T13:24:00,24,2026-07-29T13:24:00,low,0,answered,"{""column_name"": ""legal_guardian_name"", ""model_name"": ""fct_departments"", ""sample_values"": ""'48226', '48201'"", ""exposure_count"": 5}"
TAP000854,TRG001218,phi_column_classification,tactical,compliance.phi,2026-07,OBJ0071,fct_service_lines,fct_cohorts.prior_auth_number_277,rsantos@northharbor.health,Rita Santos,Compliance,manager,domains_yml,slack_dm,2026-07-05T10:30:00,2026-07-05T11:19:00,24,2026-07-06T11:19:00,low,8,deflected,"{""column_name"": ""prior_auth_number"", ""model_name"": ""fct_cohorts"", ""sample_values"": ""'1993', '1978'"", ""exposure_count"": 2}"
TAP000855,TRG001219,phi_column_classification,tactical,compliance.phi,2026-07,OBJ0068,fct_eligibility,fct_authorizations.geo_lat_rounded_375,bkoval@northharbor.health,Boris Koval,Compliance,ic,domains_yml,slack_dm,2026-07-25T09:15:00,2026-07-25T09:24:00,24,2026-07-26T09:24:00,low,3,answered,"{""column_name"": ""geo_lat_rounded"", ""model_name"": ""fct_authorizations"", ""sample_values"": ""'48226', '48201'"", ""exposure_count"": 4}"
TAP000856,TRG001220,phi_column_classification,tactical,compliance.phi,2026-07,OBJ0090,stg_claims,stg_measures.claim_note_text_78,vosei@northharbor.health,Vera Osei,Compliance,manager,codeowners,slack_dm,2026-07-01T10:14:00,2026-07-01T11:05:00,24,2026-07-02T11:05:00,low,3,answered,"{""column_name"": ""claim_note_text"", ""model_name"": ""stg_measures"", ""sample_values"": ""'Kaiser Foods LLC'"", ""exposure_count"": 5}"
TAP000857,TRG001221,phi_column_classification,tactical,compliance.phi,2026-07,OBJ0152,waystar_claims,fct_facilities.account_alias_376,vosei@northharbor.health,Vera Osei,Compliance,manager,domains_yml,slack_dm,2026-07-21T17:31:00,2026-07-21T18:14:00,24,2026-07-22T18:14:00,low,9,timed_out,"{""column_name"": ""account_alias"", ""model_name"": ""fct_facilities"", ""sample_values"": ""'Kaiser Foods LLC'"", ""exposure_count"": 1}"
TAP000858,TRG001222,phi_column_classification,tactical,compliance.phi,2026-07,OBJ0045,fct_authorizations,fct_claims.home_phone_e164_83,bkoval@northharbor.health,Boris Koval,Compliance,ic,codeowners,slack_dm,2026-07-10T15:02:00,2026-07-10T15:38:00,24,2026-07-11T15:38:00,low,8,timed_out,"{""column_name"": ""home_phone_e164"", ""model_name"": ""fct_claims"", ""sample_values"": ""'Kaiser Foods LLC'"", ""exposure_count"": 1}"
TAP000859,TRG001223,phi_column_classification,tactical,compliance.phi,2026-07,OBJ0024,fct_departments,fct_claims.prior_auth_number_377,bkoval@northharbor.health,Boris Koval,Compliance,ic,codeowners,slack_dm,2026-07-28T15:49:00,2026-07-28T16:41:00,24,2026-07-29T16:41:00,high,26,answered,"{""column_name"": ""prior_auth_number"", ""model_name"": ""fct_claims"", ""sample_values"": ""'48226', '48201'"", ""exposure_count"": 1}"
TAP000860,TRG001224,phi_column_classification,tactical,compliance.phi,2026-07,OBJ0154,press_ganey,fct_payers.claim_note_text_378,bkoval@northharbor.health,Boris Koval,Compliance,ic,codeowners,slack_dm,2026-07-18T10:08:00,2026-07-18T10:38:00,24,2026-07-19T10:38:00,medium,12,timed_out,"{""column_name"": ""claim_note_text"", ""model_name"": ""fct_payers"", ""sample_values"": ""'48226', '48201'"", ""exposure_count"": 0}"
TAP000861,TRG001225,phi_column_classification,tactical,compliance.phi,2026-07,OBJ0042,fct_exclusions,fct_balances.emergency_contact_name_208,bkoval@northharbor.health,Boris Koval,Compliance,ic,codeowners,slack_dm,2026-07-09T16:31:00,2026-07-09T16:51:00,24,2026-07-10T16:51:00,low,8,answered,"{""column_name"": ""emergency_contact_name"", ""model_name"": ""fct_balances"", ""sample_values"": ""'1993', '1978'"", ""exposure_count"": 1}"
TAP000862,TRG001226,phi_column_classification,tactical,compliance.phi,2026-07,OBJ0118,stg_referrals,fct_providers.subscriber_ssn_last4_302,bkoval@northharbor.health,Boris Koval,Compliance,ic,codeowners,slack_dm,2026-07-12T13:38:00,2026-07-12T13:58:00,24,2026-07-13T13:58:00,low,0,answered,"{""column_name"": ""subscriber_ssn_last4"", ""model_name"": ""fct_providers"", ""sample_values"": ""'(313) 555-0148'"", ""exposure_count"": 0}"
TAP000863,TRG001227,phi_column_classification,tactical,compliance.phi,2026-07,OBJ0162,surescripts_rx,stg_eligibility.zip_plus_four_106,rsantos@northharbor.health,Rita Santos,Compliance,manager,codeowners,slack_dm,2026-07-06T10:21:00,2026-07-06T10:24:00,24,2026-07-07T10:24:00,low,9,expired,"{""column_name"": ""zip_plus_four"", ""model_name"": ""stg_eligibility"", ""sample_values"": ""'4871', '9920', '3364'"", ""exposure_count"": 0}"
TAP000864,TRG001228,phi_column_classification,tactical,compliance.phi,2026-07,OBJ0106,stg_measures,fct_measures.employer_name_379,bkoval@northharbor.health,Boris Koval,Compliance,ic,domains_yml,slack_dm,2026-07-22T17:34:00,2026-07-22T17:47:00,24,2026-07-23T17:47:00,high,34,answered,"{""column_name"": ""employer_name"", ""model_name"": ""fct_measures"", ""sample_values"": ""'a3f9\u2026', 'b71c\u2026'"", ""exposure_count"": 0}"
TAP000865,TRG001229,phi_column_classification,tactical,compliance.phi,2026-07,OBJ0125,stg_legacy_extract_7,fct_encounters.mrn_alt_340,rsantos@northharbor.health,Rita Santos,Compliance,manager,codeowners,slack_dm,2026-07-01T10:21:00,2026-07-01T10:23:00,24,2026-07-02T10:23:00,low,0,deflected,"{""column_name"": ""mrn_alt"", ""model_name"": ""fct_encounters"", ""sample_values"": ""'48226', '48201'"", ""exposure_count"": 3}"
TAP000866,TRG001230,phi_column_classification,tactical,compliance.phi,2026-07,OBJ0163,cms_qpp_feedback,stg_throughput.zip_plus_four_346,bkoval@northharbor.health,Boris Koval,Compliance,ic,domains_yml,slack_dm,2026-07-22T09:20:00,2026-07-22T09:54:00,24,2026-07-23T09:54:00,medium,16,answered,"{""column_name"": ""zip_plus_four"", ""model_name"": ""stg_throughput"", ""sample_values"": ""'Kaiser Foods LLC'"", ""exposure_count"": 1}"
TAP000867,TRG001231,phi_column_classification,tactical,compliance.phi,2026-07,OBJ0120,stg_legacy_extract_2,stg_legacy_extract_4.mrn_alt_380,rsantos@northharbor.health,Rita Santos,Compliance,manager,domains_yml,slack_dm,2026-07-01T09:58:00,2026-07-01T10:29:00,24,2026-07-02T10:29:00,low,2,timed_out,"{""column_name"": ""mrn_alt"", ""model_name"": ""stg_legacy_extract_4"", ""sample_values"": ""'1993', '1978'"", ""exposure_count"": 0}"
TAP000868,TRG001232,phi_column_classification,tactical,compliance.phi,2026-07,OBJ0093,stg_throughput,stg_procedures.legal_guardian_name_273,rsantos@northharbor.health,Rita Santos,Compliance,manager,domains_yml,slack_dm,2026-07-11T14:12:00,2026-07-11T14:26:00,24,2026-07-12T14:26:00,low,4,answered,"{""column_name"": ""legal_guardian_name"", ""model_name"": ""stg_procedures"", ""sample_values"": ""'(313) 555-0148'"", ""exposure_count"": 3}"
TAP000869,TRG001233,phi_column_classification,tactical,compliance.phi,2026-07,OBJ0129,days_in_ar,fct_adjustments.guarantor_dob_381,bkoval@northharbor.health,Boris Koval,Compliance,ic,domains_yml,slack_dm,2026-07-11T16:47:00,2026-07-11T17:16:00,24,2026-07-12T17:16:00,medium,12,answered,"{""column_name"": ""guarantor_dob"", ""model_name"": ""fct_adjustments"", ""sample_values"": ""'(313) 555-0148'"", ""exposure_count"": 0}"
TAP000870,TRG001234,phi_column_classification,tactical,compliance.phi,2026-07,OBJ0130,denial_rate,fct_aging.subscriber_ssn_last4_382,rsantos@northharbor.health,Rita Santos,Compliance,manager,codeowners,slack_dm,2026-07-07T10:31:00,2026-07-07T10:42:00,24,2026-07-08T10:42:00,high,31,answered,"{""column_name"": ""subscriber_ssn_last4"", ""model_name"": ""fct_aging"", ""sample_values"": ""'4871', '9920', '3364'"", ""exposure_count"": 0}"
TAP000871,TRG001235,phi_column_classification,tactical,compliance.phi,2026-07,OBJ0126,net_patient_revenue,fct_aging.home_phone_e164_383,bkoval@northharbor.health,Boris Koval,Compliance,ic,codeowners,slack_dm,2026-07-22T08:43:00,2026-07-22T09:27:00,24,2026-07-23T09:27:00,medium,18,answered,"{""column_name"": ""home_phone_e164"", ""model_name"": ""fct_aging"", ""sample_values"": ""'1993', '1978'"", ""exposure_count"": 1}"
TAP000872,TRG001236,phi_column_classification,tactical,compliance.phi,2026-07,OBJ0070,fct_discharges,fct_patients.referring_npi_384,rsantos@northharbor.health,Rita Santos,Compliance,manager,domains_yml,slack_dm,2026-07-01T16:03:00,2026-07-01T16:04:00,24,2026-07-02T16:04:00,low,3,timed_out,"{""column_name"": ""referring_npi"", ""model_name"": ""fct_patients"", ""sample_values"": ""'Kaiser Foods LLC'"", ""exposure_count"": 0}"
TAP000873,TRG001237,phi_column_classification,tactical,compliance.phi,2026-07,OBJ0147,payer_mix_commercial,stg_cohorts.patient_email_hash_385,vosei@northharbor.health,Vera Osei,Compliance,manager,domains_yml,slack_dm,2026-07-07T15:49:00,2026-07-07T16:38:00,24,2026-07-08T16:38:00,high,31,answered,"{""column_name"": ""patient_email_hash"", ""model_name"": ""stg_cohorts"", ""sample_values"": ""'a3f9\u2026', 'b71c\u2026'"", ""exposure_count"": 1}"
TAP000874,TRG001238,phi_column_classification,tactical,compliance.phi,2026-07,OBJ0125,stg_legacy_extract_7,stg_measures.zip_plus_four_386,bkoval@northharbor.health,Boris Koval,Compliance,ic,codeowners,slack_dm,2026-07-22T12:19:00,2026-07-22T12:48:00,24,2026-07-23T12:48:00,low,0,expired,"{""column_name"": ""zip_plus_four"", ""model_name"": ""stg_measures"", ""sample_values"": ""'1993', '1978'"", ""exposure_count"": 5}"
TAP000875,TRG001239,phi_column_classification,tactical,compliance.phi,2026-07,OBJ0106,stg_measures,stg_admissions.member_id_raw_387,vosei@northharbor.health,Vera Osei,Compliance,manager,codeowners,slack_dm,2026-07-13T16:35:00,2026-07-13T16:41:00,24,2026-07-14T16:41:00,high,34,answered,"{""column_name"": ""member_id_raw"", ""model_name"": ""stg_admissions"", ""sample_values"": ""'4871', '9920', '3364'"", ""exposure_count"": 0}"
TAP000876,TRG001240,phi_column_classification,tactical,compliance.phi,2026-07,OBJ0162,surescripts_rx,fct_referrals.emergency_contact_name_388,bkoval@northharbor.health,Boris Koval,Compliance,ic,domains_yml,slack_dm,2026-07-22T12:07:00,2026-07-22T12:34:00,24,2026-07-23T12:34:00,low,9,timed_out,"{""column_name"": ""emergency_contact_name"", ""model_name"": ""fct_referrals"", ""sample_values"": ""'a3f9\u2026', 'b71c\u2026'"", ""exposure_count"": 1}"
TAP000877,TRG001241,phi_column_classification,tactical,compliance.phi,2026-07,OBJ0073,fct_encounters,fct_facilities.policy_number_389,bkoval@northharbor.health,Boris Koval,Compliance,ic,domains_yml,slack_dm,2026-07-07T12:40:00,2026-07-07T12:59:00,24,2026-07-08T12:59:00,medium,15,answered,"{""column_name"": ""policy_number"", ""model_name"": ""fct_facilities"", ""sample_values"": ""'(313) 555-0148'"", ""exposure_count"": 1}"
TAP000878,TRG001242,phi_column_classification,tactical,compliance.phi,2026-07,OBJ0109,stg_coverage,fct_referrals.claim_note_text_38,vosei@northharbor.health,Vera Osei,Compliance,manager,codeowners,slack_dm,2026-07-26T15:51:00,2026-07-26T16:20:00,24,2026-07-27T16:20:00,low,6,timed_out,"{""column_name"": ""claim_note_text"", ""model_name"": ""fct_referrals"", ""sample_values"": ""'a3f9\u2026', 'b71c\u2026'"", ""exposure_count"": 0}"
TAP000879,TRG001243,phi_column_classification,tactical,compliance.phi,2026-07,OBJ0032,fct_remittances,fct_writeoffs.device_serial_390,bkoval@northharbor.health,Boris Koval,Compliance,ic,codeowners,slack_dm,2026-07-16T11:55:00,2026-07-16T12:08:00,24,2026-07-17T12:08:00,medium,11,answered,"{""column_name"": ""device_serial"", ""model_name"": ""fct_writeoffs"", ""sample_values"": ""'Kaiser Foods LLC'"", ""exposure_count"": 5}"
TAP000880,TRG001244,phi_column_classification,tactical,compliance.phi,2026-07,OBJ0141,hcahps_top_box,stg_writeoffs.chart_note_excerpt_391,bkoval@northharbor.health,Boris Koval,Compliance,ic,domains_yml,slack_dm,2026-07-24T12:11:00,2026-07-24T12:38:00,24,2026-07-25T12:38:00,low,3,answered,"{""column_name"": ""chart_note_excerpt"", ""model_name"": ""stg_writeoffs"", ""sample_values"": ""'48226', '48201'"", ""exposure_count"": 3}"
TAP000881,TRG001245,phi_column_classification,tactical,compliance.phi,2026-07,OBJ0007,fct_facilities,fct_exclusions.chart_note_excerpt_11,rsantos@northharbor.health,Rita Santos,Compliance,manager,domains_yml,slack_dm,2026-07-23T15:52:00,2026-07-23T16:40:00,24,2026-07-24T16:40:00,low,1,answered,"{""column_name"": ""chart_note_excerpt"", ""model_name"": ""fct_exclusions"", ""sample_values"": ""'a3f9\u2026', 'b71c\u2026'"", ""exposure_count"": 0}"
TAP000882,TRG001246,phi_column_classification,tactical,compliance.phi,2026-07,OBJ0039,fct_providers,fct_payers.patient_email_hash_205,bkoval@northharbor.health,Boris Koval,Compliance,ic,codeowners,slack_dm,2026-07-03T11:34:00,2026-07-03T12:21:00,24,2026-07-04T12:21:00,low,1,answered,"{""column_name"": ""patient_email_hash"", ""model_name"": ""fct_payers"", ""sample_values"": ""'a3f9\u2026', 'b71c\u2026'"", ""exposure_count"": 2}"
TAP000883,TRG001247,phi_column_classification,tactical,compliance.phi,2026-07,OBJ0154,press_ganey,stg_census.insurance_group_id_392,vosei@northharbor.health,Vera Osei,Compliance,manager,codeowners,slack_dm,2026-07-26T14:59:00,2026-07-26T15:41:00,24,2026-07-27T15:41:00,medium,12,answered,"{""column_name"": ""insurance_group_id"", ""model_name"": ""stg_census"", ""sample_values"": ""'Kaiser Foods LLC'"", ""exposure_count"": 0}"
TAP000884,TRG001248,phi_column_classification,tactical,compliance.phi,2026-07,OBJ0058,fct_referrals,fct_charges.legal_guardian_name_393,bkoval@northharbor.health,Boris Koval,Compliance,ic,codeowners,slack_dm,2026-07-12T11:04:00,2026-07-12T11:42:00,24,2026-07-13T11:42:00,medium,11,timed_out,"{""column_name"": ""legal_guardian_name"", ""model_name"": ""fct_charges"", ""sample_values"": ""'Kaiser Foods LLC'"", ""exposure_count"": 5}"
TAP000885,TRG001249,phi_column_classification,tactical,compliance.phi,2026-07,OBJ0084,fct_departments,fct_procedures.dob_year_only_394,bkoval@northharbor.health,Boris Koval,Compliance,ic,codeowners,slack_dm,2026-07-04T09:44:00,2026-07-04T10:25:00,24,2026-07-05T10:25:00,high,34,expired,"{""column_name"": ""dob_year_only"", ""model_name"": ""fct_procedures"", ""sample_values"": ""'4871', '9920', '3364'"", ""exposure_count"": 1}"
TAP000886,TRG001250,phi_column_classification,tactical,compliance.phi,2026-07,OBJ0160,labcorp_results,fct_payers.geo_lat_rounded_395,vosei@northharbor.health,Vera Osei,Compliance,manager,codeowners,slack_dm,2026-07-24T11:26:00,2026-07-24T11:59:00,24,2026-07-25T11:59:00,medium,21,timed_out,"{""column_name"": ""geo_lat_rounded"", ""model_name"": ""fct_payers"", ""sample_values"": ""'(313) 555-0148'"", ""exposure_count"": 2}"
TAP000887,TRG001251,phi_column_classification,tactical,compliance.phi,2026-07,OBJ0113,stg_procedures,fct_cohorts.account_alias_396,bkoval@northharbor.health,Boris Koval,Compliance,ic,domains_yml,slack_dm,2026-07-06T12:09:00,2026-07-06T12:31:00,24,2026-07-07T12:31:00,low,4,answered,"{""column_name"": ""account_alias"", ""model_name"": ""fct_cohorts"", ""sample_values"": ""'48226', '48201'"", ""exposure_count"": 2}"
TAP000888,TRG001252,phi_column_classification,tactical,compliance.phi,2026-07,OBJ0135,ed_left_without_being_seen,fct_charges.prior_auth_number_397,vosei@northharbor.health,Vera Osei,Compliance,manager,domains_yml,slack_dm,2026-07-30T16:33:00,2026-07-30T16:57:00,24,2026-07-31T16:57:00,high,31,answered,"{""column_name"": ""prior_auth_number"", ""model_name"": ""fct_charges"", ""sample_values"": ""'4871', '9920', '3364'"", ""exposure_count"": 5}"
TAP000889,TRG001253,phi_column_classification,tactical,compliance.phi,2026-07,OBJ0144,charge_lag_days,fct_balances.claim_note_text_398,bkoval@northharbor.health,Boris Koval,Compliance,ic,codeowners,slack_dm,2026-07-02T16:23:00,2026-07-02T16:31:00,24,2026-07-03T16:31:00,low,2,timed_out,"{""column_name"": ""claim_note_text"", ""model_name"": ""fct_balances"", ""sample_values"": ""'4871', '9920', '3364'"", ""exposure_count"": 2}"
TAP000890,TRG001254,phi_column_classification,tactical,compliance.phi,2026-07,OBJ0119,stg_legacy_extract_1,fct_referrals.employer_name_399,bkoval@northharbor.health,Boris Koval,Compliance,ic,domains_yml,slack_dm,2026-07-06T09:48:00,2026-07-06T09:50:00,24,2026-07-07T09:50:00,low,1,expired,"{""column_name"": ""employer_name"", ""model_name"": ""fct_referrals"", ""sample_values"": ""'(313) 555-0148'"", ""exposure_count"": 0}"
TAP000891,TRG001255,phi_column_classification,tactical,compliance.phi,2026-07,OBJ0032,fct_remittances,fct_claims.mrn_alt_400,bkoval@northharbor.health,Boris Koval,Compliance,ic,domains_yml,slack_dm,2026-07-17T16:10:00,2026-07-17T16:22:00,24,2026-07-18T16:22:00,medium,11,answered,"{""column_name"": ""mrn_alt"", ""model_name"": ""fct_claims"", ""sample_values"": ""'Kaiser Foods LLC'"", ""exposure_count"": 0}"
TAP000892,TRG001256,phi_column_classification,tactical,compliance.phi,2026-07,OBJ0014,fct_appointments,fct_remittances.dob_year_only_314,bkoval@northharbor.health,Boris Koval,Compliance,ic,codeowners,slack_dm,2026-07-01T14:15:00,2026-07-01T14:55:00,24,2026-07-02T14:55:00,low,6,deflected,"{""column_name"": ""dob_year_only"", ""model_name"": ""fct_remittances"", ""sample_values"": ""'4871', '9920', '3364'"", ""exposure_count"": 1}"
TAP000893,TRG001257,phi_column_classification,tactical,compliance.phi,2026-07,OBJ0033,fct_throughput,stg_legacy_extract_2.employer_name_239,bkoval@northharbor.health,Boris Koval,Compliance,ic,domains_yml,slack_dm,2026-07-04T12:06:00,2026-07-04T13:00:00,24,2026-07-05T13:00:00,low,1,expired,"{""column_name"": ""employer_name"", ""model_name"": ""stg_legacy_extract_2"", ""sample_values"": ""'48226', '48201'"", ""exposure_count"": 0}"
TAP000894,TRG001258,phi_column_classification,tactical,compliance.phi,2026-07,OBJ0158,twilio_outreach,fct_claims.guarantor_dob_401,bkoval@northharbor.health,Boris Koval,Compliance,ic,domains_yml,slack_dm,2026-07-26T10:58:00,2026-07-26T11:16:00,24,2026-07-27T11:16:00,low,9,timed_out,"{""column_name"": ""guarantor_dob"", ""model_name"": ""fct_claims"", ""sample_values"": ""'48226', '48201'"", ""exposure_count"": 1}"
TAP000895,TRG001259,phi_column_classification,tactical,compliance.phi,2026-07,OBJ0006,fct_diagnoses,fct_payers.insurance_group_id_392,vosei@northharbor.health,Vera Osei,Compliance,manager,codeowners,slack_dm,2026-07-30T14:34:00,2026-07-30T14:59:00,24,2026-07-31T14:59:00,low,1,answered,"{""column_name"": ""insurance_group_id"", ""model_name"": ""fct_payers"", ""sample_values"": ""'48226', '48201'"", ""exposure_count"": 0}"
TAP000896,TRG001260,phi_column_classification,tactical,compliance.phi,2026-07,OBJ0150,epic_clarity,fct_service_lines.subscriber_ssn_last4_402,bkoval@northharbor.health,Boris Koval,Compliance,ic,codeowners,slack_dm,2026-07-27T14:08:00,2026-07-27T15:01:00,24,2026-07-28T15:01:00,medium,12,answered,"{""column_name"": ""subscriber_ssn_last4"", ""model_name"": ""fct_service_lines"", ""sample_values"": ""'(313) 555-0148'"", ""exposure_count"": 0}"
TAP000897,TRG001261,phi_column_classification,tactical,compliance.phi,2026-07,OBJ0139,hedis_cbp_compliance,stg_referrals.home_phone_e164_403,bkoval@northharbor.health,Boris Koval,Compliance,ic,domains_yml,slack_dm,2026-07-02T13:12:00,2026-07-02T13:32:00,24,2026-07-03T13:32:00,high,31,answered,"{""column_name"": ""home_phone_e164"", ""model_name"": ""stg_referrals"", ""sample_values"": ""'(313) 555-0148'"", ""exposure_count"": 0}"
TAP000898,TRG001262,phi_column_classification,tactical,compliance.phi,2026-07,OBJ0096,stg_diagnoses,fct_referrals.prior_auth_number_237,bkoval@northharbor.health,Boris Koval,Compliance,ic,domains_yml,slack_dm,2026-07-08T15:59:00,2026-07-08T16:01:00,24,2026-07-09T16:01:00,low,2,answered,"{""column_name"": ""prior_auth_number"", ""model_name"": ""fct_referrals"", ""sample_values"": ""'(313) 555-0148'"", ""exposure_count"": 0}"
TAP000899,TRG001263,phi_column_classification,tactical,compliance.phi,2026-07,OBJ0161,quest_results,fct_charges.referring_npi_404,vosei@northharbor.health,Vera Osei,Compliance,manager,domains_yml,slack_dm,2026-07-21T10:07:00,2026-07-21T10:17:00,24,2026-07-22T10:17:00,medium,12,answered,"{""column_name"": ""referring_npi"", ""model_name"": ""fct_charges"", ""sample_values"": ""'Kaiser Foods LLC'"", ""exposure_count"": 5}"
TAP000900,TRG001264,phi_column_classification,tactical,compliance.phi,2026-07,OBJ0005,fct_charges,fct_cohorts.patient_email_hash_405,bkoval@northharbor.health,Boris Koval,Compliance,ic,codeowners,slack_dm,2026-07-29T12:09:00,2026-07-29T12:55:00,24,2026-07-30T12:55:00,low,1,timed_out,"{""column_name"": ""patient_email_hash"", ""model_name"": ""fct_cohorts"", ""sample_values"": ""'48226', '48201'"", ""exposure_count"": 0}"
TAP000901,TRG001265,phi_column_classification,tactical,compliance.phi,2026-07,OBJ0154,press_ganey,stg_legacy_extract_5.zip_plus_four_406,bkoval@northharbor.health,Boris Koval,Compliance,ic,codeowners,slack_dm,2026-07-04T10:36:00,2026-07-04T10:48:00,24,2026-07-05T10:48:00,medium,12,answered,"{""column_name"": ""zip_plus_four"", ""model_name"": ""stg_legacy_extract_5"", ""sample_values"": ""'Kaiser Foods LLC'"", ""exposure_count"": 0}"
TAP000902,TRG001266,phi_column_classification,tactical,compliance.phi,2026-07,OBJ0127,gross_charges,stg_authorizations.legal_guardian_name_373,vosei@northharbor.health,Vera Osei,Compliance,manager,codeowners,slack_dm,2026-07-13T10:40:00,2026-07-13T11:21:00,24,2026-07-14T11:21:00,medium,18,answered,"{""column_name"": ""legal_guardian_name"", ""model_name"": ""stg_authorizations"", ""sample_values"": ""'4871', '9920', '3364'"", ""exposure_count"": 0}"
TAP000903,TRG001267,phi_column_classification,tactical,compliance.phi,2026-07,OBJ0110,stg_census,stg_legacy_extract_1.member_id_raw_407,bkoval@northharbor.health,Boris Koval,Compliance,ic,codeowners,slack_dm,2026-07-11T09:44:00,2026-07-11T09:50:00,24,2026-07-12T09:50:00,low,2,answered,"{""column_name"": ""member_id_raw"", ""model_name"": ""stg_legacy_extract_1"", ""sample_values"": ""'(313) 555-0148'"", ""exposure_count"": 0}"
TAP000904,TRG001268,phi_column_classification,tactical,compliance.phi,2026-07,OBJ0121,stg_legacy_extract_3,stg_legacy_extract_1.emergency_contact_name_408,vosei@northharbor.health,Vera Osei,Compliance,manager,codeowners,slack_dm,2026-07-24T09:30:00,2026-07-24T10:24:00,24,2026-07-25T10:24:00,low,1,answered,"{""column_name"": ""emergency_contact_name"", ""model_name"": ""stg_legacy_extract_1"", ""sample_values"": ""'48226', '48201'"", ""exposure_count"": 0}"
TAP000905,TRG001269,phi_column_classification,tactical,compliance.phi,2026-07,OBJ0110,stg_census,fct_numerators.account_alias_156,bkoval@northharbor.health,Boris Koval,Compliance,ic,codeowners,slack_dm,2026-07-10T14:56:00,2026-07-10T15:06:00,24,2026-07-11T15:06:00,low,2,answered,"{""column_name"": ""account_alias"", ""model_name"": ""fct_numerators"", ""sample_values"": ""'a3f9\u2026', 'b71c\u2026'"", ""exposure_count"": 1}"
TAP000906,TRG001270,phi_column_classification,tactical,compliance.phi,2026-07,OBJ0147,payer_mix_commercial,fct_numerators.policy_number_409,bkoval@northharbor.health,Boris Koval,Compliance,ic,codeowners,slack_dm,2026-07-15T15:24:00,2026-07-15T16:17:00,24,2026-07-16T16:17:00,high,31,timed_out,"{""column_name"": ""policy_number"", ""model_name"": ""fct_numerators"", ""sample_values"": ""'4871', '9920', '3364'"", ""exposure_count"": 1}"
TAP000907,TRG001271,phi_column_classification,tactical,compliance.phi,2026-07,OBJ0062,fct_remittances,fct_remittances.device_serial_410,vosei@northharbor.health,Vera Osei,Compliance,manager,domains_yml,slack_dm,2026-07-23T10:19:00,2026-07-23T11:11:00,24,2026-07-24T11:11:00,medium,11,deflected,"{""column_name"": ""device_serial"", ""model_name"": ""fct_remittances"", ""sample_values"": ""'4871', '9920', '3364'"", ""exposure_count"": 2}"
TAP000908,TRG001272,phi_column_classification,tactical,compliance.phi,2026-07,OBJ0050,fct_census,fct_service_lines.chart_note_excerpt_411,bkoval@northharbor.health,Boris Koval,Compliance,ic,codeowners,slack_dm,2026-07-10T13:03:00,2026-07-10T13:56:00,24,2026-07-11T13:56:00,low,3,answered,"{""column_name"": ""chart_note_excerpt"", ""model_name"": ""fct_service_lines"", ""sample_values"": ""'48226', '48201'"", ""exposure_count"": 1}"
TAP000909,TRG001273,phi_column_classification,tactical,compliance.phi,2026-07,OBJ0123,stg_legacy_extract_5,stg_referrals.insurance_group_id_412,rsantos@northharbor.health,Rita Santos,Compliance,manager,domains_yml,slack_dm,2026-07-01T08:16:00,2026-07-01T08:54:00,24,2026-07-02T08:54:00,low,4,answered,"{""column_name"": ""insurance_group_id"", ""model_name"": ""stg_referrals"", ""sample_values"": ""'48226', '48201'"", ""exposure_count"": 0}"
TAP000910,TRG001274,phi_column_classification,tactical,compliance.phi,2026-07,OBJ0054,fct_departments,fct_balances.legal_guardian_name_413,bkoval@northharbor.health,Boris Koval,Compliance,ic,domains_yml,slack_dm,2026-07-30T09:19:00,2026-07-30T10:12:00,24,2026-07-31T10:12:00,medium,19,answered,"{""column_name"": ""legal_guardian_name"", ""model_name"": ""fct_balances"", ""sample_values"": ""'1993', '1978'"", ""exposure_count"": 1}"
TAP000911,TRG001275,phi_column_classification,tactical,compliance.phi,2026-07,OBJ0080,fct_census,fct_charges.dob_year_only_414,bkoval@northharbor.health,Boris Koval,Compliance,ic,codeowners,slack_dm,2026-07-02T12:36:00,2026-07-02T13:07:00,24,2026-07-03T13:07:00,medium,15,answered,"{""column_name"": ""dob_year_only"", ""model_name"": ""fct_charges"", ""sample_values"": ""'4871', '9920', '3364'"", ""exposure_count"": 1}"
TAP000912,TRG001276,phi_column_classification,tactical,compliance.phi,2026-07,OBJ0131,first_pass_yield,stg_legacy_extract_5.mrn_alt_300,vosei@northharbor.health,Vera Osei,Compliance,manager,codeowners,slack_dm,2026-07-15T09:16:00,2026-07-15T09:31:00,24,2026-07-16T09:31:00,low,3,answered,"{""column_name"": ""mrn_alt"", ""model_name"": ""stg_legacy_extract_5"", ""sample_values"": ""'Kaiser Foods LLC'"", ""exposure_count"": 0}"
TAP000913,TRG001277,phi_column_classification,tactical,compliance.phi,2026-07,OBJ0023,fct_procedures,fct_encounters.geo_lat_rounded_415,bkoval@northharbor.health,Boris Koval,Compliance,ic,domains_yml,slack_dm,2026-07-02T10:34:00,2026-07-02T10:56:00,24,2026-07-03T10:56:00,low,1,answered,"{""column_name"": ""geo_lat_rounded"", ""model_name"": ""fct_encounters"", ""sample_values"": ""'a3f9\u2026', 'b71c\u2026'"", ""exposure_count"": 1}"
TAP000914,TRG001278,phi_column_classification,tactical,compliance.phi,2026-07,OBJ0026,fct_payers,fct_balances.account_alias_416,bkoval@northharbor.health,Boris Koval,Compliance,ic,codeowners,slack_dm,2026-07-15T11:37:00,2026-07-15T11:59:00,24,2026-07-16T11:59:00,low,0,answered,"{""column_name"": ""account_alias"", ""model_name"": ""fct_balances"", ""sample_values"": ""'4871', '9920', '3364'"", ""exposure_count"": 1}"
TAP000915,TRG001279,phi_column_classification,tactical,compliance.phi,2026-07,OBJ0050,fct_census,fct_denials.mrn_alt_260,bkoval@northharbor.health,Boris Koval,Compliance,ic,codeowners,slack_dm,2026-07-31T11:04:00,2026-07-31T11:29:00,24,2026-08-01T11:29:00,low,3,timed_out,"{""column_name"": ""mrn_alt"", ""model_name"": ""fct_denials"", ""sample_values"": ""'a3f9\u2026', 'b71c\u2026'"", ""exposure_count"": 0}"
TAP000916,TRG001280,phi_column_classification,tactical,compliance.phi,2026-07,OBJ0045,fct_authorizations,stg_legacy_extract_6.prior_auth_number_57,bkoval@northharbor.health,Boris Koval,Compliance,ic,domains_yml,slack_dm,2026-07-12T08:12:00,2026-07-12T08:59:00,24,2026-07-13T08:59:00,low,8,answered,"{""column_name"": ""prior_auth_number"", ""model_name"": ""stg_legacy_extract_6"", ""sample_values"": ""'1993', '1978'"", ""exposure_count"": 0}"
TAP000917,TRG001281,phi_column_classification,tactical,compliance.phi,2026-07,OBJ0013,fct_encounters,stg_legacy_extract_4.device_serial_390,bkoval@northharbor.health,Boris Koval,Compliance,ic,domains_yml,slack_dm,2026-07-14T10:02:00,2026-07-14T10:38:00,24,2026-07-15T10:38:00,low,1,answered,"{""column_name"": ""device_serial"", ""model_name"": ""stg_legacy_extract_4"", ""sample_values"": ""'Kaiser Foods LLC'"", ""exposure_count"": 0}"
TAP000918,TRG001282,phi_column_classification,tactical,compliance.phi,2026-07,OBJ0054,fct_departments,fct_providers.prior_auth_number_417,vosei@northharbor.health,Vera Osei,Compliance,manager,codeowners,slack_dm,2026-07-19T17:45:00,2026-07-19T18:36:00,24,2026-07-20T18:36:00,medium,19,answered,"{""column_name"": ""prior_auth_number"", ""model_name"": ""fct_providers"", ""sample_values"": ""'a3f9\u2026', 'b71c\u2026'"", ""exposure_count"": 3}"
TAP000919,TRG001283,phi_column_classification,tactical,compliance.phi,2026-07,OBJ0004,fct_writeoffs,fct_balances.claim_note_text_418,bkoval@northharbor.health,Boris Koval,Compliance,ic,domains_yml,slack_dm,2026-07-04T18:32:00,2026-07-04T18:50:00,24,2026-07-05T18:50:00,low,0,timed_out,"{""column_name"": ""claim_note_text"", ""model_name"": ""fct_balances"", ""sample_values"": ""'4871', '9920', '3364'"", ""exposure_count"": 1}"
TAP000920,TRG001284,phi_column_classification,tactical,compliance.phi,2026-07,OBJ0086,fct_payers,fct_diagnoses.employer_name_419,bkoval@northharbor.health,Boris Koval,Compliance,ic,codeowners,slack_dm,2026-07-03T07:02:00,2026-07-03T07:33:00,24,2026-07-04T07:33:00,low,3,answered,"{""column_name"": ""employer_name"", ""model_name"": ""fct_diagnoses"", ""sample_values"": ""'48226', '48201'"", ""exposure_count"": 0}"
TAP000921,TRG001285,phi_column_classification,tactical,compliance.phi,2026-07,OBJ0011,fct_service_lines,fct_discharges.mrn_alt_420,bkoval@northharbor.health,Boris Koval,Compliance,ic,codeowners,slack_dm,2026-07-15T16:29:00,2026-07-15T16:43:00,24,2026-07-16T16:43:00,low,4,timed_out,"{""column_name"": ""mrn_alt"", ""model_name"": ""fct_discharges"", ""sample_values"": ""'1993', '1978'"", ""exposure_count"": 5}"
TAP000922,TRG001287,phi_column_classification,tactical,compliance.phi,2026-07,OBJ0079,fct_coverage,stg_adjustments.subscriber_ssn_last4_422,rsantos@northharbor.health,Rita Santos,Compliance,manager,domains_yml,slack_dm,2026-07-01T17:12:00,2026-07-01T17:42:00,24,2026-07-02T17:42:00,low,3,answered,"{""column_name"": ""subscriber_ssn_last4"", ""model_name"": ""stg_adjustments"", ""sample_values"": ""'1993', '1978'"", ""exposure_count"": 2}"
TAP000923,TRG001288,phi_column_classification,tactical,compliance.phi,2026-07,OBJ0102,stg_exclusions,stg_legacy_extract_6.home_phone_e164_423,bkoval@northharbor.health,Boris Koval,Compliance,ic,domains_yml,slack_dm,2026-07-28T15:56:00,2026-07-28T16:23:00,24,2026-07-29T16:23:00,low,3,answered,"{""column_name"": ""home_phone_e164"", ""model_name"": ""stg_legacy_extract_6"", ""sample_values"": ""'1993', '1978'"", ""exposure_count"": 0}"
TAP000924,TRG001289,phi_column_classification,tactical,compliance.phi,2026-07,OBJ0080,fct_census,fct_claims.referring_npi_424,bkoval@northharbor.health,Boris Koval,Compliance,ic,domains_yml,slack_dm,2026-07-24T09:01:00,2026-07-24T09:26:00,24,2026-07-25T09:26:00,medium,15,answered,"{""column_name"": ""referring_npi"", ""model_name"": ""fct_claims"", ""sample_values"": ""'4871', '9920', '3364'"", ""exposure_count"": 1}"
TAP000925,TRG001290,phi_column_classification,tactical,compliance.phi,2026-07,OBJ0031,fct_adjustments,fct_patients.patient_email_hash_425,bkoval@northharbor.health,Boris Koval,Compliance,ic,domains_yml,slack_dm,2026-07-08T14:07:00,2026-07-08T15:02:00,24,2026-07-09T15:02:00,low,2,answered,"{""column_name"": ""patient_email_hash"", ""model_name"": ""fct_patients"", ""sample_values"": ""'(313) 555-0148'"", ""exposure_count"": 0}"
TAP000926,TRG001291,phi_column_classification,tactical,compliance.phi,2026-07,OBJ0009,fct_providers,fct_exclusions.zip_plus_four_426,bkoval@northharbor.health,Boris Koval,Compliance,ic,codeowners,slack_dm,2026-07-10T12:45:00,2026-07-10T12:50:00,24,2026-07-11T12:50:00,medium,11,answered,"{""column_name"": ""zip_plus_four"", ""model_name"": ""fct_exclusions"", ""sample_values"": ""'(313) 555-0148'"", ""exposure_count"": 2}"
TAP000927,TRG001292,phi_column_classification,tactical,compliance.phi,2026-07,OBJ0050,fct_census,stg_claims.member_id_raw_187,vosei@northharbor.health,Vera Osei,Compliance,manager,domains_yml,slack_dm,2026-07-26T15:36:00,2026-07-26T16:08:00,24,2026-07-27T16:08:00,low,3,answered,"{""column_name"": ""member_id_raw"", ""model_name"": ""stg_claims"", ""sample_values"": ""'48226', '48201'"", ""exposure_count"": 1}"
TAP000928,TRG001293,phi_column_classification,tactical,compliance.phi,2026-07,OBJ0009,fct_providers,fct_procedures.member_id_raw_427,rsantos@northharbor.health,Rita Santos,Compliance,manager,codeowners,slack_dm,2026-07-11T13:50:00,2026-07-11T14:09:00,24,2026-07-12T14:09:00,medium,11,answered,"{""column_name"": ""member_id_raw"", ""model_name"": ""fct_procedures"", ""sample_values"": ""'1993', '1978'"", ""exposure_count"": 1}"
TAP000929,TRG001294,phi_column_classification,tactical,compliance.phi,2026-07,OBJ0045,fct_authorizations,stg_diagnoses.emergency_contact_name_428,rsantos@northharbor.health,Rita Santos,Compliance,manager,codeowners,slack_dm,2026-07-21T12:42:00,2026-07-21T13:14:00,24,2026-07-22T13:14:00,low,8,timed_out,"{""column_name"": ""emergency_contact_name"", ""model_name"": ""stg_diagnoses"", ""sample_values"": ""'Kaiser Foods LLC'"", ""exposure_count"": 0}"
TAP000930,TRG001295,phi_column_classification,tactical,compliance.phi,2026-07,OBJ0161,quest_results,fct_balances.emergency_contact_name_248,vosei@northharbor.health,Vera Osei,Compliance,manager,domains_yml,slack_dm,2026-07-02T12:25:00,2026-07-02T12:26:00,24,2026-07-03T12:26:00,medium,12,answered,"{""column_name"": ""emergency_contact_name"", ""model_name"": ""fct_balances"", ""sample_values"": ""'Kaiser Foods LLC'"", ""exposure_count"": 1}"
TAP000931,TRG001296,phi_column_classification,tactical,compliance.phi,2026-07,OBJ0134,readmission_rate_30d,fct_service_lines.emergency_contact_name_208,bkoval@northharbor.health,Boris Koval,Compliance,ic,codeowners,slack_dm,2026-07-08T11:34:00,2026-07-08T12:28:00,24,2026-07-09T12:28:00,medium,18,answered,"{""column_name"": ""emergency_contact_name"", ""model_name"": ""fct_service_lines"", ""sample_values"": ""'1993', '1978'"", ""exposure_count"": 0}"
TAP000932,TRG001297,phi_column_classification,tactical,compliance.phi,2026-07,OBJ0039,fct_providers,fct_departments.policy_number_429,bkoval@northharbor.health,Boris Koval,Compliance,ic,domains_yml,slack_dm,2026-07-29T16:01:00,2026-07-29T16:31:00,24,2026-07-30T16:31:00,low,1,deflected,"{""column_name"": ""policy_number"", ""model_name"": ""fct_departments"", ""sample_values"": ""'4871', '9920', '3364'"", ""exposure_count"": 5}"
TAP000933,TRG001298,phi_column_classification,tactical,compliance.phi,2026-07,OBJ0154,press_ganey,fct_numerators.device_serial_430,vosei@northharbor.health,Vera Osei,Compliance,manager,codeowners,slack_dm,2026-07-12T10:33:00,2026-07-12T11:22:00,24,2026-07-13T11:22:00,medium,12,answered,"{""column_name"": ""device_serial"", ""model_name"": ""fct_numerators"", ""sample_values"": ""'(313) 555-0148'"", ""exposure_count"": 0}"
TAP000934,TRG001299,phi_column_classification,tactical,compliance.phi,2026-07,OBJ0042,fct_exclusions,fct_payers.chart_note_excerpt_431,bkoval@northharbor.health,Boris Koval,Compliance,ic,codeowners,slack_dm,2026-07-29T15:28:00,2026-07-29T15:55:00,24,2026-07-30T15:55:00,low,8,answered,"{""column_name"": ""chart_note_excerpt"", ""model_name"": ""fct_payers"", ""sample_values"": ""'a3f9\u2026', 'b71c\u2026'"", ""exposure_count"": 0}"
TAP000935,TRG001300,phi_column_classification,tactical,compliance.phi,2026-07,OBJ0088,fct_referrals,stg_admissions.insurance_group_id_432,rsantos@northharbor.health,Rita Santos,Compliance,manager,codeowners,slack_dm,2026-07-29T12:56:00,2026-07-29T13:25:00,24,2026-07-30T13:25:00,low,1,expired,"{""column_name"": ""insurance_group_id"", ""model_name"": ""stg_admissions"", ""sample_values"": ""'4871', '9920', '3364'"", ""exposure_count"": 0}"
TAP000936,TRG001302,phi_column_classification,tactical,compliance.phi,2026-07,OBJ0004,fct_writeoffs,fct_authorizations.dob_year_only_434,bkoval@northharbor.health,Boris Koval,Compliance,ic,domains_yml,slack_dm,2026-07-12T11:04:00,2026-07-12T11:58:00,24,2026-07-13T11:58:00,low,0,answered,"{""column_name"": ""dob_year_only"", ""model_name"": ""fct_authorizations"", ""sample_values"": ""'48226', '48201'"", ""exposure_count"": 4}"
TAP000937,TRG001303,phi_column_classification,tactical,compliance.phi,2026-07,OBJ0092,stg_remittances,stg_throughput.geo_lat_rounded_435,bkoval@northharbor.health,Boris Koval,Compliance,ic,domains_yml,slack_dm,2026-07-24T15:13:00,2026-07-24T15:57:00,24,2026-07-25T15:57:00,medium,19,answered,"{""column_name"": ""geo_lat_rounded"", ""model_name"": ""stg_throughput"", ""sample_values"": ""'(313) 555-0148'"", ""exposure_count"": 1}"
TAP000938,TRG001304,phi_column_classification,tactical,compliance.phi,2026-07,OBJ0080,fct_census,fct_admissions.referring_npi_284,bkoval@northharbor.health,Boris Koval,Compliance,ic,codeowners,slack_dm,2026-07-18T14:02:00,2026-07-18T14:48:00,24,2026-07-19T14:48:00,medium,15,answered,"{""column_name"": ""referring_npi"", ""model_name"": ""fct_admissions"", ""sample_values"": ""'1993', '1978'"", ""exposure_count"": 0}"
TAP000939,TRG001305,phi_column_classification,tactical,compliance.phi,2026-07,OBJ0154,press_ganey,stg_cohorts.account_alias_436,bkoval@northharbor.health,Boris Koval,Compliance,ic,codeowners,slack_dm,2026-07-22T17:32:00,2026-07-22T17:51:00,24,2026-07-23T17:51:00,medium,12,answered,"{""column_name"": ""account_alias"", ""model_name"": ""stg_cohorts"", ""sample_values"": ""'(313) 555-0148'"", ""exposure_count"": 1}"
TAP000940,TRG001306,phi_column_classification,tactical,compliance.phi,2026-07,OBJ0044,fct_appointments,fct_payers.patient_email_hash_5,bkoval@northharbor.health,Boris Koval,Compliance,ic,codeowners,slack_dm,2026-07-01T12:13:00,2026-07-01T12:47:00,24,2026-07-02T12:47:00,low,0,answered,"{""column_name"": ""patient_email_hash"", ""model_name"": ""fct_payers"", ""sample_values"": ""'48226', '48201'"", ""exposure_count"": 2}"
TAP000941,TRG001307,phi_column_classification,tactical,compliance.phi,2026-07,OBJ0003,fct_throughput,fct_eligibility.prior_auth_number_437,bkoval@northharbor.health,Boris Koval,Compliance,ic,domains_yml,slack_dm,2026-07-20T11:07:00,2026-07-20T11:32:00,24,2026-07-21T11:32:00,medium,11,answered,"{""column_name"": ""prior_auth_number"", ""model_name"": ""fct_eligibility"", ""sample_values"": ""'(313) 555-0148'"", ""exposure_count"": 3}"
TAP000942,TRG001308,phi_column_classification,tactical,compliance.phi,2026-07,OBJ0060,fct_claims,fct_eligibility.claim_note_text_438,vosei@northharbor.health,Vera Osei,Compliance,manager,codeowners,slack_dm,2026-07-02T18:53:00,2026-07-02T19:30:00,24,2026-07-03T19:30:00,low,3,timed_out,"{""column_name"": ""claim_note_text"", ""model_name"": ""fct_eligibility"", ""sample_values"": ""'4871', '9920', '3364'"", ""exposure_count"": 0}"
TAP000943,TRG001310,phi_column_classification,tactical,compliance.phi,2026-07,OBJ0045,fct_authorizations,fct_coverage.mrn_alt_440,bkoval@northharbor.health,Boris Koval,Compliance,ic,domains_yml,slack_dm,2026-07-17T07:42:00,2026-07-17T08:15:00,24,2026-07-18T08:15:00,low,8,answered,"{""column_name"": ""mrn_alt"", ""model_name"": ""fct_coverage"", ""sample_values"": ""'1993', '1978'"", ""exposure_count"": 3}"
TAP000944,TRG001311,phi_column_classification,tactical,compliance.phi,2026-07,OBJ0107,stg_aging,fct_diagnoses.legal_guardian_name_153,vosei@northharbor.health,Vera Osei,Compliance,manager,codeowners,slack_dm,2026-07-01T14:36:00,2026-07-01T15:15:00,24,2026-07-02T15:15:00,low,3,answered,"{""column_name"": ""legal_guardian_name"", ""model_name"": ""fct_diagnoses"", ""sample_values"": ""'a3f9\u2026', 'b71c\u2026'"", ""exposure_count"": 0}"
TAP000945,TRG001312,phi_column_classification,tactical,compliance.phi,2026-07,OBJ0088,fct_referrals,stg_cohorts.account_alias_236,bkoval@northharbor.health,Boris Koval,Compliance,ic,codeowners,slack_dm,2026-07-24T14:56:00,2026-07-24T15:46:00,24,2026-07-25T15:46:00,low,1,timed_out,"{""column_name"": ""account_alias"", ""model_name"": ""stg_cohorts"", ""sample_values"": ""'a3f9\u2026', 'b71c\u2026'"", ""exposure_count"": 1}"
TAP000946,TRG001313,phi_column_classification,tactical,compliance.phi,2026-07,OBJ0145,coding_accuracy_rate,fct_eligibility.policy_number_369,bkoval@northharbor.health,Boris Koval,Compliance,ic,domains_yml,slack_dm,2026-07-27T17:42:00,2026-07-27T18:35:00,24,2026-07-28T18:35:00,high,31,answered,"{""column_name"": ""policy_number"", ""model_name"": ""fct_eligibility"", ""sample_values"": ""'(313) 555-0148'"", ""exposure_count"": 3}"
TAP000947,TRG001314,phi_column_classification,tactical,compliance.phi,2026-07,OBJ0060,fct_claims,stg_legacy_extract_2.guarantor_dob_441,bkoval@northharbor.health,Boris Koval,Compliance,ic,codeowners,slack_dm,2026-07-14T15:54:00,2026-07-14T16:25:00,24,2026-07-15T16:25:00,low,3,answered,"{""column_name"": ""guarantor_dob"", ""model_name"": ""stg_legacy_extract_2"", ""sample_values"": ""'(313) 555-0148'"", ""exposure_count"": 0}"
TAP000948,TRG001316,phi_column_classification,tactical,compliance.phi,2026-07,OBJ0134,readmission_rate_30d,stg_remittances.subscriber_ssn_last4_442,bkoval@northharbor.health,Boris Koval,Compliance,ic,domains_yml,slack_dm,2026-07-09T16:18:00,2026-07-09T17:08:00,24,2026-07-10T17:08:00,medium,18,timed_out,"{""column_name"": ""subscriber_ssn_last4"", ""model_name"": ""stg_remittances"", ""sample_values"": ""'1993', '1978'"", ""exposure_count"": 3}"
TAP000949,TRG001317,phi_column_classification,tactical,compliance.phi,2026-07,OBJ0078,fct_denials,fct_cohorts.home_phone_e164_443,bkoval@northharbor.health,Boris Koval,Compliance,ic,codeowners,slack_dm,2026-07-28T12:20:00,2026-07-28T13:05:00,24,2026-07-29T13:05:00,low,3,timed_out,"{""column_name"": ""home_phone_e164"", ""model_name"": ""fct_cohorts"", ""sample_values"": ""'48226', '48201'"", ""exposure_count"": 0}"
TAP000950,TRG001318,phi_column_classification,tactical,compliance.phi,2026-07,OBJ0086,fct_payers,stg_legacy_extract_1.account_alias_396,bkoval@northharbor.health,Boris Koval,Compliance,ic,domains_yml,slack_dm,2026-07-17T12:56:00,2026-07-17T13:18:00,24,2026-07-18T13:18:00,low,3,answered,"{""column_name"": ""account_alias"", ""model_name"": ""stg_legacy_extract_1"", ""sample_values"": ""'(313) 555-0148'"", ""exposure_count"": 0}"
TAP000951,TRG001319,phi_column_classification,tactical,compliance.phi,2026-07,OBJ0076,fct_measures,fct_facilities.referring_npi_444,rsantos@northharbor.health,Rita Santos,Compliance,manager,codeowners,slack_dm,2026-07-27T12:17:00,2026-07-27T12:25:00,24,2026-07-28T12:25:00,low,6,answered,"{""column_name"": ""referring_npi"", ""model_name"": ""fct_facilities"", ""sample_values"": ""'4871', '9920', '3364'"", ""exposure_count"": 1}"
TAP000952,TRG001320,phi_column_classification,tactical,compliance.phi,2026-07,OBJ0065,fct_charges,fct_cohorts.patient_email_hash_445,rsantos@northharbor.health,Rita Santos,Compliance,manager,codeowners,slack_dm,2026-07-14T13:24:00,2026-07-14T13:38:00,24,2026-07-15T13:38:00,low,4,answered,"{""column_name"": ""patient_email_hash"", ""model_name"": ""fct_cohorts"", ""sample_values"": ""'48226', '48201'"", ""exposure_count"": 2}"
TAP000953,TRG001321,phi_column_classification,tactical,compliance.phi,2026-07,OBJ0150,epic_clarity,fct_diagnoses.dob_year_only_314,bkoval@northharbor.health,Boris Koval,Compliance,ic,domains_yml,slack_dm,2026-07-15T10:38:00,2026-07-15T11:30:00,24,2026-07-16T11:30:00,medium,12,timed_out,"{""column_name"": ""dob_year_only"", ""model_name"": ""fct_diagnoses"", ""sample_values"": ""'48226', '48201'"", ""exposure_count"": 0}"
TAP000954,TRG001322,phi_column_classification,tactical,compliance.phi,2026-07,OBJ0085,fct_cohorts,fct_discharges.zip_plus_four_66,bkoval@northharbor.health,Boris Koval,Compliance,ic,codeowners,slack_dm,2026-07-03T09:19:00,2026-07-03T09:48:00,24,2026-07-04T09:48:00,medium,11,answered,"{""column_name"": ""zip_plus_four"", ""model_name"": ""fct_discharges"", ""sample_values"": ""'Kaiser Foods LLC'"", ""exposure_count"": 0}"
TAP000955,TRG001323,phi_column_classification,tactical,compliance.phi,2026-07,OBJ0059,fct_numerators,fct_departments.zip_plus_four_446,rsantos@northharbor.health,Rita Santos,Compliance,manager,codeowners,slack_dm,2026-07-14T14:09:00,2026-07-14T15:01:00,24,2026-07-15T15:01:00,medium,11,answered,"{""column_name"": ""zip_plus_four"", ""model_name"": ""fct_departments"", ""sample_values"": ""'1993', '1978'"", ""exposure_count"": 0}"
TAP000956,TRG001324,phi_column_classification,tactical,compliance.phi,2026-07,OBJ0018,fct_denials,fct_adjustments.patient_email_hash_265,bkoval@northharbor.health,Boris Koval,Compliance,ic,domains_yml,slack_dm,2026-07-09T11:02:00,2026-07-09T11:28:00,24,2026-07-10T11:28:00,low,1,answered,"{""column_name"": ""patient_email_hash"", ""model_name"": ""fct_adjustments"", ""sample_values"": ""'a3f9\u2026', 'b71c\u2026'"", ""exposure_count"": 0}"
TAP000957,TRG001325,phi_column_classification,tactical,compliance.phi,2026-07,OBJ0158,twilio_outreach,fct_remittances.member_id_raw_447,bkoval@northharbor.health,Boris Koval,Compliance,ic,codeowners,slack_dm,2026-07-22T09:04:00,2026-07-22T09:44:00,24,2026-07-23T09:44:00,low,9,timed_out,"{""column_name"": ""member_id_raw"", ""model_name"": ""fct_remittances"", ""sample_values"": ""'a3f9\u2026', 'b71c\u2026'"", ""exposure_count"": 3}"
TAP000958,TRG001326,phi_column_classification,tactical,compliance.phi,2026-07,OBJ0078,fct_denials,fct_patients.device_serial_210,bkoval@northharbor.health,Boris Koval,Compliance,ic,codeowners,slack_dm,2026-07-05T14:09:00,2026-07-05T14:35:00,24,2026-07-06T14:35:00,low,3,answered,"{""column_name"": ""device_serial"", ""model_name"": ""fct_patients"", ""sample_values"": ""'1993', '1978'"", ""exposure_count"": 0}"
TAP000959,TRG001327,phi_column_classification,tactical,compliance.phi,2026-07,OBJ0122,stg_legacy_extract_4,fct_exclusions.emergency_contact_name_448,rsantos@northharbor.health,Rita Santos,Compliance,manager,codeowners,slack_dm,2026-07-13T17:38:00,2026-07-13T17:39:00,24,2026-07-14T17:39:00,low,0,answered,"{""column_name"": ""emergency_contact_name"", ""model_name"": ""fct_exclusions"", ""sample_values"": ""'48226', '48201'"", ""exposure_count"": 0}"
TAP000960,TRG001329,phi_column_classification,tactical,compliance.phi,2026-07,OBJ0003,fct_throughput,fct_procedures.device_serial_450,bkoval@northharbor.health,Boris Koval,Compliance,ic,domains_yml,slack_dm,2026-07-09T17:16:00,2026-07-09T17:37:00,24,2026-07-10T17:37:00,medium,11,answered,"{""column_name"": ""device_serial"", ""model_name"": ""fct_procedures"", ""sample_values"": ""'1993', '1978'"", ""exposure_count"": 1}"
TAP000961,TRG001331,phi_column_classification,tactical,compliance.phi,2026-07,OBJ0105,stg_authorizations,stg_aging.insurance_group_id_452,bkoval@northharbor.health,Boris Koval,Compliance,ic,codeowners,slack_dm,2026-07-15T16:18:00,2026-07-15T16:44:00,24,2026-07-16T16:44:00,high,34,timed_out,"{""column_name"": ""insurance_group_id"", ""model_name"": ""stg_aging"", ""sample_values"": ""'a3f9\u2026', 'b71c\u2026'"", ""exposure_count"": 1}"
TAP000962,TRG001332,phi_column_classification,tactical,compliance.phi,2026-07,OBJ0032,fct_remittances,stg_claims.claim_note_text_438,bkoval@northharbor.health,Boris Koval,Compliance,ic,domains_yml,slack_dm,2026-07-23T15:48:00,2026-07-23T16:02:00,24,2026-07-24T16:02:00,medium,11,answered,"{""column_name"": ""claim_note_text"", ""model_name"": ""stg_claims"", ""sample_values"": ""'1993', '1978'"", ""exposure_count"": 1}"
TAP000963,TRG001333,phi_column_classification,tactical,compliance.phi,2026-07,OBJ0119,stg_legacy_extract_1,fct_payers.legal_guardian_name_453,vosei@northharbor.health,Vera Osei,Compliance,manager,codeowners,slack_dm,2026-07-07T08:54:00,2026-07-07T09:24:00,24,2026-07-08T09:24:00,low,1,answered,"{""column_name"": ""legal_guardian_name"", ""model_name"": ""fct_payers"", ""sample_values"": ""'48226', '48201'"", ""exposure_count"": 0}"
TAP000964,TRG001334,phi_column_classification,tactical,compliance.phi,2026-07,OBJ0139,hedis_cbp_compliance,fct_payers.dob_year_only_454,rsantos@northharbor.health,Rita Santos,Compliance,manager,domains_yml,slack_dm,2026-07-17T13:22:00,2026-07-17T14:14:00,24,2026-07-18T14:14:00,high,31,answered,"{""column_name"": ""dob_year_only"", ""model_name"": ""fct_payers"", ""sample_values"": ""'(313) 555-0148'"", ""exposure_count"": 0}"
TAP000965,TRG001335,phi_column_classification,tactical,compliance.phi,2026-07,OBJ0062,fct_remittances,stg_appointments.geo_lat_rounded_455,vosei@northharbor.health,Vera Osei,Compliance,manager,codeowners,slack_dm,2026-07-03T11:49:00,2026-07-03T12:38:00,24,2026-07-04T12:38:00,medium,11,expired,"{""column_name"": ""geo_lat_rounded"", ""model_name"": ""stg_appointments"", ""sample_values"": ""'48226', '48201'"", ""exposure_count"": 5}"
TAP000966,TRG001336,phi_column_classification,tactical,compliance.phi,2026-07,OBJ0008,fct_eligibility,fct_remittances.account_alias_456,rsantos@northharbor.health,Rita Santos,Compliance,manager,codeowners,slack_dm,2026-07-10T11:11:00,2026-07-10T11:58:00,24,2026-07-11T11:58:00,medium,15,answered,"{""column_name"": ""account_alias"", ""model_name"": ""fct_remittances"", ""sample_values"": ""'1993', '1978'"", ""exposure_count"": 2}"
TAP000967,TRG001337,phi_column_classification,tactical,compliance.phi,2026-07,OBJ0148,encounters_per_provider_day,stg_numerators.zip_plus_four_446,bkoval@northharbor.health,Boris Koval,Compliance,ic,domains_yml,slack_dm,2026-07-15T15:52:00,2026-07-15T15:58:00,24,2026-07-16T15:58:00,high,31,answered,"{""column_name"": ""zip_plus_four"", ""model_name"": ""stg_numerators"", ""sample_values"": ""'48226', '48201'"", ""exposure_count"": 0}"
TAP000968,TRG001338,phi_column_classification,tactical,compliance.phi,2026-07,OBJ0076,fct_measures,stg_payers.prior_auth_number_457,bkoval@northharbor.health,Boris Koval,Compliance,ic,domains_yml,slack_dm,2026-07-19T18:54:00,2026-07-19T19:06:00,24,2026-07-20T19:06:00,low,6,answered,"{""column_name"": ""prior_auth_number"", ""model_name"": ""stg_payers"", ""sample_values"": ""'1993', '1978'"", ""exposure_count"": 0}"
TAP000969,TRG001339,phi_column_classification,tactical,compliance.phi,2026-07,OBJ0047,fct_aging,fct_referrals.claim_note_text_458,bkoval@northharbor.health,Boris Koval,Compliance,ic,codeowners,slack_dm,2026-07-14T13:43:00,2026-07-14T13:50:00,24,2026-07-15T13:50:00,high,34,timed_out,"{""column_name"": ""claim_note_text"", ""model_name"": ""fct_referrals"", ""sample_values"": ""'1993', '1978'"", ""exposure_count"": 0}"
TAP000970,TRG001340,phi_column_classification,tactical,compliance.phi,2026-07,OBJ0074,fct_appointments,fct_measures.employer_name_459,bkoval@northharbor.health,Boris Koval,Compliance,ic,codeowners,slack_dm,2026-07-02T10:59:00,2026-07-02T11:35:00,24,2026-07-03T11:35:00,medium,15,answered,"{""column_name"": ""employer_name"", ""model_name"": ""fct_measures"", ""sample_values"": ""'1993', '1978'"", ""exposure_count"": 0}"
TAP000971,TRG001341,phi_column_classification,tactical,compliance.phi,2026-07,OBJ0081,fct_balances,fct_eligibility.home_phone_e164_3,vosei@northharbor.health,Vera Osei,Compliance,manager,domains_yml,slack_dm,2026-07-06T16:36:00,2026-07-06T17:00:00,24,2026-07-07T17:00:00,low,1,deflected,"{""column_name"": ""home_phone_e164"", ""model_name"": ""fct_eligibility"", ""sample_values"": ""'Kaiser Foods LLC'"", ""exposure_count"": 0}"
TAP000972,TRG001342,phi_column_classification,tactical,compliance.phi,2026-07,OBJ0080,fct_census,fct_balances.mrn_alt_460,bkoval@northharbor.health,Boris Koval,Compliance,ic,codeowners,slack_dm,2026-07-18T13:54:00,2026-07-18T14:46:00,24,2026-07-19T14:46:00,medium,15,answered,"{""column_name"": ""mrn_alt"", ""model_name"": ""fct_balances"", ""sample_values"": ""'4871', '9920', '3364'"", ""exposure_count"": 1}"
TAP000973,TRG001343,phi_column_classification,tactical,compliance.phi,2026-07,OBJ0019,fct_coverage,fct_measures.guarantor_dob_461,rsantos@northharbor.health,Rita Santos,Compliance,manager,domains_yml,slack_dm,2026-07-30T11:35:00,2026-07-30T12:07:00,24,2026-07-31T12:07:00,high,26,answered,"{""column_name"": ""guarantor_dob"", ""model_name"": ""fct_measures"", ""sample_values"": ""'48226', '48201'"", ""exposure_count"": 3}"
TAP000974,TRG001344,phi_column_classification,tactical,compliance.phi,2026-07,OBJ0101,stg_service_lines,stg_legacy_extract_7.subscriber_ssn_last4_462,bkoval@northharbor.health,Boris Koval,Compliance,ic,codeowners,slack_dm,2026-07-26T11:41:00,2026-07-26T12:20:00,24,2026-07-27T12:20:00,low,6,answered,"{""column_name"": ""subscriber_ssn_last4"", ""model_name"": ""stg_legacy_extract_7"", ""sample_values"": ""'4871', '9920', '3364'"", ""exposure_count"": 0}"
TAP000975,TRG001345,phi_column_classification,tactical,compliance.phi,2026-07,OBJ0011,fct_service_lines,fct_eligibility.referring_npi_124,vosei@northharbor.health,Vera Osei,Compliance,manager,codeowners,slack_dm,2026-07-28T07:51:00,2026-07-28T08:41:00,24,2026-07-29T08:41:00,low,4,answered,"{""column_name"": ""referring_npi"", ""model_name"": ""fct_eligibility"", ""sample_values"": ""'4871', '9920', '3364'"", ""exposure_count"": 3}"
TAP000976,TRG001346,phi_column_classification,tactical,compliance.phi,2026-07,OBJ0004,fct_writeoffs,fct_encounters.insurance_group_id_52,bkoval@northharbor.health,Boris Koval,Compliance,ic,codeowners,slack_dm,2026-07-16T15:32:00,2026-07-16T16:08:00,24,2026-07-17T16:08:00,low,0,answered,"{""column_name"": ""insurance_group_id"", ""model_name"": ""fct_encounters"", ""sample_values"": ""'48226', '48201'"", ""exposure_count"": 1}"
TAP000977,TRG001347,phi_column_classification,tactical,compliance.phi,2026-07,OBJ0138,hedis_bcs_compliance,fct_claims.home_phone_e164_463,rsantos@northharbor.health,Rita Santos,Compliance,manager,codeowners,slack_dm,2026-07-13T15:08:00,2026-07-13T15:34:00,24,2026-07-14T15:34:00,high,31,deflected,"{""column_name"": ""home_phone_e164"", ""model_name"": ""fct_claims"", ""sample_values"": ""'4871', '9920', '3364'"", ""exposure_count"": 0}"
TAP000978,TRG001348,phi_column_classification,tactical,compliance.phi,2026-07,OBJ0032,fct_remittances,fct_providers.referring_npi_464,bkoval@northharbor.health,Boris Koval,Compliance,ic,codeowners,slack_dm,2026-07-08T16:31:00,2026-07-08T16:33:00,24,2026-07-09T16:33:00,medium,11,answered,"{""column_name"": ""referring_npi"", ""model_name"": ""fct_providers"", ""sample_values"": ""'4871', '9920', '3364'"", ""exposure_count"": 0}"
TAP000979,TRG001349,phi_column_classification,tactical,compliance.phi,2026-07,OBJ0029,fct_numerators,stg_census.patient_email_hash_465,vosei@northharbor.health,Vera Osei,Compliance,manager,codeowners,slack_dm,2026-07-25T12:28:00,2026-07-25T12:49:00,24,2026-07-26T12:49:00,low,4,answered,"{""column_name"": ""patient_email_hash"", ""model_name"": ""stg_census"", ""sample_values"": ""'Kaiser Foods LLC'"", ""exposure_count"": 0}"
TAP000980,TRG001350,phi_column_classification,tactical,compliance.phi,2026-07,OBJ0102,stg_exclusions,fct_coverage.zip_plus_four_466,bkoval@northharbor.health,Boris Koval,Compliance,ic,codeowners,slack_dm,2026-07-26T15:31:00,2026-07-26T15:59:00,24,2026-07-27T15:59:00,low,3,timed_out,"{""column_name"": ""zip_plus_four"", ""model_name"": ""fct_coverage"", ""sample_values"": ""'a3f9\u2026', 'b71c\u2026'"", ""exposure_count"": 0}"
TAP000981,TRG001351,phi_column_classification,tactical,compliance.phi,2026-07,OBJ0137,bed_occupancy_rate,stg_legacy_extract_1.member_id_raw_467,bkoval@northharbor.health,Boris Koval,Compliance,ic,domains_yml,slack_dm,2026-07-10T11:25:00,2026-07-10T11:54:00,24,2026-07-11T11:54:00,low,4,answered,"{""column_name"": ""member_id_raw"", ""model_name"": ""stg_legacy_extract_1"", ""sample_values"": ""'4871', '9920', '3364'"", ""exposure_count"": 0}"
TAP000982,TRG001352,phi_column_classification,tactical,compliance.phi,2026-07,OBJ0149,observation_conversion_rate,fct_payers.emergency_contact_name_468,rsantos@northharbor.health,Rita Santos,Compliance,manager,domains_yml,slack_dm,2026-07-19T09:45:00,2026-07-19T10:17:00,24,2026-07-20T10:17:00,high,31,answered,"{""column_name"": ""emergency_contact_name"", ""model_name"": ""fct_payers"", ""sample_values"": ""'1993', '1978'"", ""exposure_count"": 0}"
TAP000983,TRG001354,phi_column_classification,tactical,compliance.phi,2026-07,OBJ0028,fct_referrals,fct_providers.policy_number_469,bkoval@northharbor.health,Boris Koval,Compliance,ic,domains_yml,slack_dm,2026-07-24T13:55:00,2026-07-24T13:58:00,24,2026-07-25T13:58:00,low,0,answered,"{""column_name"": ""policy_number"", ""model_name"": ""fct_providers"", ""sample_values"": ""'a3f9\u2026', 'b71c\u2026'"", ""exposure_count"": 3}"
TAP000984,TRG001355,phi_column_classification,tactical,compliance.phi,2026-07,OBJ0098,stg_eligibility,fct_writeoffs.device_serial_470,bkoval@northharbor.health,Boris Koval,Compliance,ic,codeowners,slack_dm,2026-07-22T18:05:00,2026-07-22T18:55:00,24,2026-07-23T18:55:00,high,34,answered,"{""column_name"": ""device_serial"", ""model_name"": ""fct_writeoffs"", ""sample_values"": ""'4871', '9920', '3364'"", ""exposure_count"": 0}"
TAP000985,TRG001356,phi_column_classification,tactical,compliance.phi,2026-07,OBJ0027,fct_admissions,stg_departments.chart_note_excerpt_471,bkoval@northharbor.health,Boris Koval,Compliance,ic,domains_yml,slack_dm,2026-07-06T13:40:00,2026-07-06T14:02:00,24,2026-07-07T14:02:00,low,1,answered,"{""column_name"": ""chart_note_excerpt"", ""model_name"": ""stg_departments"", ""sample_values"": ""'(313) 555-0148'"", ""exposure_count"": 0}"
TAP000986,TRG001357,revenue_definition_change,strategic,finance.revenue,2026-07,OBJ0028,fct_referrals,clean_claim_rate|1,rmarsh@northharbor.health,Robert Marsh,Finance,cxo,domains_yml,email,2026-07-07T17:10:00,2026-07-08T04:50:00,24,2026-07-09T04:50:00,low,0,answered,"{""metric_name"": ""clean_claim_rate"", ""actor"": ""Simone Whitaker"", ""change_summary"": ""excludes self-pay accounts from the numerator"", ""previous_definition_date"": ""2024-06-12"", ""branch"": ""feat/accrual-868"", ""top_exposure"": ""Monthly Close Package""}"
TAP000987,TRG001358,revenue_definition_change,strategic,finance.revenue,2026-07,OBJ0128,contractual_allowance,cost_to_collect|1,rmarsh@northharbor.health,Robert Marsh,Finance,cxo,domains_yml,email,2026-07-13T13:04:00,2026-07-13T17:46:00,24,2026-07-14T17:46:00,low,6,answered,"{""metric_name"": ""cost_to_collect"", ""actor"": ""Simone Whitaker"", ""change_summary"": ""excludes self-pay accounts from the numerator"", ""previous_definition_date"": ""2024-09-11"", ""branch"": ""feat/allowance-fix-115"", ""top_exposure"": ""Payer Mix Review""}"
TAP000988,TRG001359,revenue_definition_change,strategic,finance.revenue,2026-07,OBJ0132,clean_claim_rate,net_patient_revenue|2,rmarsh@northharbor.health,Robert Marsh,Finance,cxo,domains_yml,email,2026-07-07T13:38:00,2026-07-08T01:47:00,24,2026-07-09T01:47:00,high,25,answered,"{""metric_name"": ""net_patient_revenue"", ""actor"": ""Devon Palmer"", ""change_summary"": ""excludes self-pay accounts from the numerator"", ""previous_definition_date"": ""2025-10-16"", ""branch"": ""feat/allowance-fix-429"", ""top_exposure"": ""Monthly Close Package""}"
TAP000989,TRG001360,revenue_definition_change,strategic,finance.revenue,2026-07,OBJ0009,fct_providers,gross_charges|2,rmarsh@northharbor.health,Robert Marsh,Finance,cxo,domains_yml,email,2026-07-12T16:49:00,2026-07-12T19:52:00,24,2026-07-13T19:52:00,medium,11,answered,"{""metric_name"": ""gross_charges"", ""actor"": ""Marcus Keller"", ""change_summary"": ""switches from posted date to accrual date"", ""previous_definition_date"": ""2024-10-19"", ""branch"": ""feat/allowance-fix-334"", ""top_exposure"": ""Payer Mix Review""}"
TAP000990,TRG001361,revenue_definition_change,strategic,finance.revenue,2026-07,OBJ0028,fct_referrals,contractual_allowance|2,rmarsh@northharbor.health,Robert Marsh,Finance,cxo,domains_yml,email,2026-07-24T18:55:00,2026-07-24T20:24:00,24,2026-07-25T20:24:00,low,0,answered,"{""metric_name"": ""contractual_allowance"", ""actor"": ""Simone Whitaker"", ""change_summary"": ""nets out charity care before recognition"", ""previous_definition_date"": ""2024-06-13"", ""branch"": ""feat/allowance-fix-796"", ""top_exposure"": ""Board Pack Q2""}"
TAP000991,TRG001362,revenue_definition_change,strategic,finance.revenue,2026-07,OBJ0001,fct_adjustments,days_in_ar|2,rmarsh@northharbor.health,Robert Marsh,Finance,cxo,domains_yml,email,2026-07-13T11:01:00,2026-07-13T19:39:00,24,2026-07-14T19:39:00,low,2,answered,"{""metric_name"": ""days_in_ar"", ""actor"": ""Hana Yusuf"", ""change_summary"": ""nets out charity care before recognition"", ""previous_definition_date"": ""2024-02-11"", ""branch"": ""feat/allowance-fix-585"", ""top_exposure"": ""Board Pack Q2""}"
TAP000992,TRG001366,quality_measure_criteria,strategic,clinical.quality,2026-07,OBJ0139,hedis_cbp_compliance,avg_length_of_stay,sramirez@northharbor.health,Sofia Ramirez,Clinical Operations,director,domains_yml,slack_dm,2026-07-21T15:38:00,2026-07-21T16:10:00,48,2026-07-23T16:10:00,high,31,answered,"{""measure_name"": ""avg_length_of_stay"", ""excluded_population"": ""encounters flagged as observation-only"", ""denominator_delta_pct"": 4.2, ""reporting_body"": ""CMS"", ""reporting_cadence"": ""annual""}"
TAP000993,TRG001367,quality_measure_criteria,strategic,clinical.quality,2026-07,OBJ0076,fct_measures,hedis_bcs_compliance,sramirez@northharbor.health,Sofia Ramirez,Clinical Operations,director,domains_yml,slack_dm,2026-07-06T17:57:00,2026-07-06T18:07:00,48,2026-07-08T18:07:00,low,6,answered,"{""measure_name"": ""hedis_bcs_compliance"", ""excluded_population"": ""members with fewer than 11 months of enrollment"", ""denominator_delta_pct"": 8.0, ""reporting_body"": ""NCQA"", ""reporting_cadence"": ""quarterly""}"
TAP000994,TRG001375,quality_measure_criteria,strategic,clinical.quality,2026-07,OBJ0086,fct_payers,ed_left_without_being_seen,sramirez@northharbor.health,Sofia Ramirez,Clinical Operations,director,domains_yml,slack_dm,2026-07-09T08:11:00,2026-07-09T08:39:00,48,2026-07-11T08:39:00,low,3,answered,"{""measure_name"": ""ed_left_without_being_seen"", ""excluded_population"": ""members with fewer than 11 months of enrollment"", ""denominator_delta_pct"": 11.1, ""reporting_body"": ""CMS"", ""reporting_cadence"": ""annual""}"
TAP000995,TRG001433,source_freshness_ownership,tactical,platform.pipelines,2026-07,OBJ0090,stg_claims,labcorp_results,mkeller@northharbor.health,Marcus Keller,Data Platform,lead,codeowners,slack_dm,2026-07-30T14:34:00,2026-07-30T14:55:00,6,2026-07-30T20:55:00,low,3,answered,"{""source_name"": ""labcorp_results"", ""hours_stale"": 42, ""last_loaded_at"": ""2026-08-02T03:30"", ""top_dependent"": ""fct_balances""}"
TAP000996,TRG001435,source_freshness_ownership,tactical,platform.pipelines,2026-07,OBJ0108,stg_denials,quest_results,hyusuf@northharbor.health,Hana Yusuf,Data Platform,manager,codeowners,slack_dm,2026-07-28T15:34:00,2026-07-28T16:21:00,6,2026-07-28T22:21:00,low,6,answered,"{""source_name"": ""quest_results"", ""hours_stale"": 57, ""last_loaded_at"": ""2026-08-02T13:30"", ""top_dependent"": ""stg_departments""}"
TAP000997,TRG001436,source_freshness_ownership,tactical,platform.pipelines,2026-07,OBJ0109,stg_coverage,surescripts_rx,mkeller@northharbor.health,Marcus Keller,Data Platform,lead,codeowners,slack_dm,2026-07-14T13:58:00,2026-07-14T14:30:00,6,2026-07-14T20:30:00,low,6,timed_out,"{""source_name"": ""surescripts_rx"", ""hours_stale"": 17, ""last_loaded_at"": ""2026-08-03T19:30"", ""top_dependent"": ""stg_admissions""}"
TAP000998,TRG001437,source_freshness_ownership,tactical,platform.pipelines,2026-07,OBJ0101,stg_service_lines,cms_qpp_feedback,mkeller@northharbor.health,Marcus Keller,Data Platform,lead,domains_yml,slack_dm,2026-07-02T08:25:00,2026-07-02T09:09:00,6,2026-07-02T15:09:00,low,6,answered,"{""source_name"": ""cms_qpp_feedback"", ""hours_stale"": 45, ""last_loaded_at"": ""2026-08-02T09:30"", ""top_dependent"": ""fct_diagnoses""}"
TAP000999,TRG001518,metric_deprecation,strategic,growth.acquisition,2026-07,OBJ0143,referral_conversion,avg_length_of_stay,nfarrell@northharbor.health,Nora Farrell,Growth,director,domains_yml,slack_dm,2026-07-16T08:18:00,2026-07-16T08:51:00,72,2026-07-19T08:51:00,low,4,answered,"{""metric_name"": ""avg_length_of_stay"", ""days_idle"": 220, ""last_queried_date"": ""2025-10-15"", ""last_queried_by"": ""Miriam Grant"", ""top_exposure"": ""Board Pack Q2""}"
TAP001000,TRG001519,metric_deprecation,strategic,finance.revenue,2026-07,OBJ0013,fct_encounters,bed_occupancy_rate,rmarsh@northharbor.health,Robert Marsh,Finance,cxo,domains_yml,email,2026-07-21T13:57:00,2026-07-22T03:57:00,72,2026-07-25T03:57:00,low,1,answered,"{""metric_name"": ""bed_occupancy_rate"", ""days_idle"": 316, ""last_queried_date"": ""2025-11-02"", ""last_queried_by"": ""Fidel Dela Cruz"", ""top_exposure"": ""Board Pack Q2""}"
TAP001001,TRG001520,metric_deprecation,strategic,rcm.coding,2026-07,OBJ0146,write_off_pct,hedis_bcs_compliance,jokafor@northharbor.health,Joy Okafor,Revenue Cycle,director,domains_yml,slack_dm,2026-07-26T08:54:00,2026-07-26T09:05:00,72,2026-07-29T09:05:00,low,4,answered,"{""metric_name"": ""hedis_bcs_compliance"", ""days_idle"": 191, ""last_queried_date"": ""2025-11-01"", ""last_queried_by"": ""Hana Yusuf"", ""top_exposure"": ""Denials War Room""}"
TAP001002,TRG001522,metric_deprecation,strategic,rcm.coding,2026-07,OBJ0144,charge_lag_days,hedis_cbp_compliance,jokafor@northharbor.health,Joy Okafor,Revenue Cycle,director,domains_yml,slack_dm,2026-07-20T14:02:00,2026-07-20T14:28:00,72,2026-07-23T14:28:00,low,2,answered,"{""metric_name"": ""hedis_cbp_compliance"", ""days_idle"": 279, ""last_queried_date"": ""2025-10-28"", ""last_queried_by"": ""Rohan Patel"", ""top_exposure"": ""Board Pack Q2""}"
TAP001003,TRG001530,denial_reason_classification,tactical,rcm.denials,2026-08,OBJ0029,fct_numerators,UnitedHealthcare|CO-97,mdiallo@northharbor.health,Mariam Diallo,Revenue Cycle,ic,domains_yml,slack_dm,2026-08-02T13:17:00,2026-08-02T14:11:00,8,2026-08-02T22:11:00,low,4,answered,"{""payer_name"": ""UnitedHealthcare"", ""payer_code"": ""CO-97"", ""claim_id"": ""CLM0704847"", ""claim_amount"": ""30,252"", ""service_date"": ""2026-03-06"", ""similar_count"": 38}"
TAP001004,TRG001531,encounter_type_mapping,tactical,clinical.encounters,2026-08,OBJ0071,fct_service_lines,VT-633,iharlow@northharbor.health,Ines Harlow,Clinical Operations,ic,codeowners,slack_dm,2026-08-02T15:55:00,2026-08-02T15:58:00,12,2026-08-03T03:58:00,low,8,answered,"{""visit_type_code"": ""VT-633"", ""visit_type_label"": ""Group therapy session"", ""source_system"": ""epic_caboodle"", ""record_count"": 314, ""first_seen_date"": ""2026-02-24""}"
TAP001005,TRG001532,phi_column_classification,tactical,compliance.phi,2026-08,OBJ0011,fct_service_lines,stg_writeoffs.insurance_group_id_472,bkoval@northharbor.health,Boris Koval,Compliance,ic,codeowners,slack_dm,2026-08-03T12:16:00,2026-08-03T12:38:00,24,2026-08-04T12:38:00,low,4,answered,"{""column_name"": ""insurance_group_id"", ""model_name"": ""stg_writeoffs"", ""sample_values"": ""'(313) 555-0148'"", ""exposure_count"": 3}"
TAP001006,TRG001533,phi_column_classification,tactical,compliance.phi,2026-08,OBJ0110,stg_census,fct_balances.guarantor_dob_361,vosei@northharbor.health,Vera Osei,Compliance,manager,domains_yml,slack_dm,2026-08-03T09:31:00,2026-08-03T10:02:00,24,2026-08-04T10:02:00,low,2,answered,"{""column_name"": ""guarantor_dob"", ""model_name"": ""fct_balances"", ""sample_values"": ""'Kaiser Foods LLC'"", ""exposure_count"": 2}"
TAP001007,TRG001534,phi_column_classification,tactical,compliance.phi,2026-08,OBJ0029,fct_numerators,fct_writeoffs.legal_guardian_name_473,bkoval@northharbor.health,Boris Koval,Compliance,ic,codeowners,slack_dm,2026-08-03T08:26:00,2026-08-03T08:37:00,24,2026-08-04T08:37:00,low,4,answered,"{""column_name"": ""legal_guardian_name"", ""model_name"": ""fct_writeoffs"", ""sample_values"": ""'(313) 555-0148'"", ""exposure_count"": 1}"
TAP001008,TRG001535,phi_column_classification,tactical,compliance.phi,2026-08,OBJ0083,fct_procedures,fct_procedures.dob_year_only_474,bkoval@northharbor.health,Boris Koval,Compliance,ic,domains_yml,slack_dm,2026-08-03T10:32:00,2026-08-03T10:48:00,24,2026-08-04T10:48:00,low,8,expired,"{""column_name"": ""dob_year_only"", ""model_name"": ""fct_procedures"", ""sample_values"": ""'Kaiser Foods LLC'"", ""exposure_count"": 1}"
TAP001009,TRG001536,phi_column_classification,tactical,compliance.phi,2026-08,OBJ0122,stg_legacy_extract_4,stg_providers.geo_lat_rounded_475,bkoval@northharbor.health,Boris Koval,Compliance,ic,codeowners,slack_dm,2026-08-01T15:16:00,2026-08-01T15:41:00,24,2026-08-02T15:41:00,low,0,answered,"{""column_name"": ""geo_lat_rounded"", ""model_name"": ""stg_providers"", ""sample_values"": ""'48226', '48201'"", ""exposure_count"": 1}"
TAP001010,TRG001537,phi_column_classification,tactical,compliance.phi,2026-08,OBJ0020,fct_census,fct_service_lines.account_alias_476,bkoval@northharbor.health,Boris Koval,Compliance,ic,codeowners,slack_dm,2026-08-02T11:30:00,2026-08-02T12:00:00,24,2026-08-03T12:00:00,low,1,answered,"{""column_name"": ""account_alias"", ""model_name"": ""fct_service_lines"", ""sample_values"": ""'1993', '1978'"", ""exposure_count"": 0}"
TAP001011,TRG001538,phi_column_classification,tactical,compliance.phi,2026-08,OBJ0060,fct_claims,fct_aging.prior_auth_number_477,bkoval@northharbor.health,Boris Koval,Compliance,ic,codeowners,slack_dm,2026-08-01T09:22:00,2026-08-01T09:40:00,24,2026-08-02T09:40:00,low,3,answered,"{""column_name"": ""prior_auth_number"", ""model_name"": ""fct_aging"", ""sample_values"": ""'1993', '1978'"", ""exposure_count"": 1}"
TAP001012,TRG001539,phi_column_classification,tactical,compliance.phi,2026-08,OBJ0008,fct_eligibility,fct_claims.guarantor_dob_121,vosei@northharbor.health,Vera Osei,Compliance,manager,codeowners,slack_dm,2026-08-02T14:03:00,2026-08-02T14:23:00,24,2026-08-03T14:23:00,medium,15,expired,"{""column_name"": ""guarantor_dob"", ""model_name"": ""fct_claims"", ""sample_values"": ""'1993', '1978'"", ""exposure_count"": 0}"
TAP001013,TRG001540,phi_column_classification,tactical,compliance.phi,2026-08,OBJ0016,fct_measures,fct_payers.claim_note_text_478,rsantos@northharbor.health,Rita Santos,Compliance,manager,codeowners,slack_dm,2026-08-03T15:27:00,2026-08-03T16:07:00,24,2026-08-04T16:07:00,medium,11,answered,"{""column_name"": ""claim_note_text"", ""model_name"": ""fct_payers"", ""sample_values"": ""'a3f9\u2026', 'b71c\u2026'"", ""exposure_count"": 0}"
TAP001014,TRG001541,phi_column_classification,tactical,compliance.phi,2026-08,OBJ0113,stg_procedures,fct_eligibility.employer_name_479,vosei@northharbor.health,Vera Osei,Compliance,manager,codeowners,slack_dm,2026-08-03T16:42:00,2026-08-03T17:14:00,24,2026-08-04T17:14:00,low,4,answered,"{""column_name"": ""employer_name"", ""model_name"": ""fct_eligibility"", ""sample_values"": ""'a3f9\u2026', 'b71c\u2026'"", ""exposure_count"": 0}"
TAP001015,TRG001542,phi_column_classification,tactical,compliance.phi,2026-08,OBJ0119,stg_legacy_extract_1,fct_appointments.mrn_alt_480,bkoval@northharbor.health,Boris Koval,Compliance,ic,domains_yml,slack_dm,2026-08-03T09:33:00,2026-08-03T10:07:00,24,2026-08-04T10:07:00,low,1,timed_out,"{""column_name"": ""mrn_alt"", ""model_name"": ""fct_appointments"", ""sample_values"": ""'48226', '48201'"", ""exposure_count"": 0}"
TAP001016,TRG001543,phi_column_classification,tactical,compliance.phi,2026-08,OBJ0148,encounters_per_provider_day,fct_claims.guarantor_dob_481,bkoval@northharbor.health,Boris Koval,Compliance,ic,codeowners,slack_dm,2026-08-03T14:56:00,2026-08-03T15:27:00,24,2026-08-04T15:27:00,high,31,answered,"{""column_name"": ""guarantor_dob"", ""model_name"": ""fct_claims"", ""sample_values"": ""'a3f9\u2026', 'b71c\u2026'"", ""exposure_count"": 1}"
TAP001017,TRG001544,phi_column_classification,tactical,compliance.phi,2026-08,OBJ0057,fct_admissions,fct_diagnoses.subscriber_ssn_last4_482,bkoval@northharbor.health,Boris Koval,Compliance,ic,codeowners,slack_dm,2026-08-01T08:25:00,2026-08-01T08:59:00,24,2026-08-02T08:59:00,low,4,answered,"{""column_name"": ""subscriber_ssn_last4"", ""model_name"": ""fct_diagnoses"", ""sample_values"": ""'a3f9\u2026', 'b71c\u2026'"", ""exposure_count"": 0}"
TAP001018,TRG001545,phi_column_classification,tactical,compliance.phi,2026-08,OBJ0030,fct_claims,fct_remittances.prior_auth_number_477,bkoval@northharbor.health,Boris Koval,Compliance,ic,codeowners,slack_dm,2026-08-01T09:27:00,2026-08-01T10:13:00,24,2026-08-02T10:13:00,low,3,answered,"{""column_name"": ""prior_auth_number"", ""model_name"": ""fct_remittances"", ""sample_values"": ""'a3f9\u2026', 'b71c\u2026'"", ""exposure_count"": 3}"
TAP001019,TRG001546,phi_column_classification,tactical,compliance.phi,2026-08,OBJ0028,fct_referrals,stg_admissions.account_alias_216,bkoval@northharbor.health,Boris Koval,Compliance,ic,codeowners,slack_dm,2026-08-01T10:58:00,2026-08-01T11:07:00,24,2026-08-02T11:07:00,low,0,answered,"{""column_name"": ""account_alias"", ""model_name"": ""stg_admissions"", ""sample_values"": ""'Kaiser Foods LLC'"", ""exposure_count"": 0}"
TAP001020,TRG001547,phi_column_classification,tactical,compliance.phi,2026-08,OBJ0159,redox_hl7,fct_adjustments.home_phone_e164_483,vosei@northharbor.health,Vera Osei,Compliance,manager,codeowners,slack_dm,2026-08-03T07:07:00,2026-08-03T07:14:00,24,2026-08-04T07:14:00,low,3,timed_out,"{""column_name"": ""home_phone_e164"", ""model_name"": ""fct_adjustments"", ""sample_values"": ""'48226', '48201'"", ""exposure_count"": 3}"
TAP001021,TRG001548,phi_column_classification,tactical,compliance.phi,2026-08,OBJ0123,stg_legacy_extract_5,fct_referrals.referring_npi_484,bkoval@northharbor.health,Boris Koval,Compliance,ic,codeowners,slack_dm,2026-08-02T12:54:00,2026-08-02T13:43:00,24,2026-08-03T13:43:00,low,4,answered,"{""column_name"": ""referring_npi"", ""model_name"": ""fct_referrals"", ""sample_values"": ""'4871', '9920', '3364'"", ""exposure_count"": 0}"
TAP001022,TRG001549,phi_column_classification,tactical,compliance.phi,2026-08,OBJ0160,labcorp_results,fct_facilities.mrn_alt_380,bkoval@northharbor.health,Boris Koval,Compliance,ic,domains_yml,slack_dm,2026-08-03T15:14:00,2026-08-03T15:45:00,24,2026-08-04T15:45:00,medium,21,answered,"{""column_name"": ""mrn_alt"", ""model_name"": ""fct_facilities"", ""sample_values"": ""'48226', '48201'"", ""exposure_count"": 1}"
TAP001023,TRG001551,phi_column_classification,tactical,compliance.phi,2026-08,OBJ0027,fct_admissions,fct_denials.zip_plus_four_486,vosei@northharbor.health,Vera Osei,Compliance,manager,codeowners,slack_dm,2026-08-03T15:52:00,2026-08-03T15:56:00,24,2026-08-04T15:56:00,low,1,answered,"{""column_name"": ""zip_plus_four"", ""model_name"": ""fct_denials"", ""sample_values"": ""'48226', '48201'"", ""exposure_count"": 0}"
TAP001024,TRG001552,phi_column_classification,tactical,compliance.phi,2026-08,OBJ0032,fct_remittances,stg_referrals.subscriber_ssn_last4_382,bkoval@northharbor.health,Boris Koval,Compliance,ic,codeowners,slack_dm,2026-08-01T11:35:00,2026-08-01T11:43:00,24,2026-08-02T11:43:00,medium,11,answered,"{""column_name"": ""subscriber_ssn_last4"", ""model_name"": ""stg_referrals"", ""sample_values"": ""'48226', '48201'"", ""exposure_count"": 0}"
TAP001025,TRG001553,phi_column_classification,tactical,compliance.phi,2026-08,OBJ0108,stg_denials,fct_numerators.chart_note_excerpt_131,bkoval@northharbor.health,Boris Koval,Compliance,ic,codeowners,slack_dm,2026-08-02T12:46:00,2026-08-02T13:15:00,24,2026-08-03T13:15:00,low,6,answered,"{""column_name"": ""chart_note_excerpt"", ""model_name"": ""fct_numerators"", ""sample_values"": ""'(313) 555-0148'"", ""exposure_count"": 0}"
TAP001026,TRG001554,phi_column_classification,tactical,compliance.phi,2026-08,OBJ0140,cms_sep1_compliance,stg_legacy_extract_1.member_id_raw_487,vosei@northharbor.health,Vera Osei,Compliance,manager,codeowners,slack_dm,2026-08-01T13:28:00,2026-08-01T13:45:00,24,2026-08-02T13:45:00,low,3,expired,"{""column_name"": ""member_id_raw"", ""model_name"": ""stg_legacy_extract_1"", ""sample_values"": ""'a3f9\u2026', 'b71c\u2026'"", ""exposure_count"": 0}"
TAP001027,TRG001555,revenue_definition_change,strategic,finance.revenue,2026-08,OBJ0025,fct_cohorts,denial_rate|2,rmarsh@northharbor.health,Robert Marsh,Finance,cxo,domains_yml,email,2026-08-02T15:06:00,2026-08-02T19:30:00,24,2026-08-03T19:30:00,low,0,answered,"{""metric_name"": ""denial_rate"", ""actor"": ""Simone Whitaker"", ""change_summary"": ""excludes self-pay accounts from the numerator"", ""previous_definition_date"": ""2025-08-08"", ""branch"": ""feat/accrual-980"", ""top_exposure"": ""Board Pack Q2""}"
TAP001028,TRG001566,source_freshness_ownership,tactical,platform.pipelines,2026-08,OBJ0104,stg_appointments,epic_caboodle,hyusuf@northharbor.health,Hana Yusuf,Data Platform,manager,codeowners,slack_dm,2026-08-04T08:58:00,2026-08-04T09:51:00,6,2026-08-04T15:51:00,low,6,pending,"{""source_name"": ""epic_caboodle"", ""hours_stale"": 34, ""last_loaded_at"": ""2026-08-02T07:30"", ""top_dependent"": ""stg_writeoffs""}"
TAP001029,TRG001567,metric_deprecation,strategic,finance.revenue,2026-08,OBJ0006,fct_diagnoses,cms_sep1_compliance,rmarsh@northharbor.health,Robert Marsh,Finance,cxo,domains_yml,email,2026-08-01T11:52:00,2026-08-01T14:48:00,72,2026-08-04T14:48:00,low,1,answered,"{""metric_name"": ""cms_sep1_compliance"", ""days_idle"": 168, ""last_queried_date"": ""2025-12-08"", ""last_queried_by"": ""Lena Berger"", ""top_exposure"": ""Board Pack Q2""}"
