trigger_id,triggered_at,month,source_connection_id,trigger_source,tap_type_id,object_id,object_name,object_path,entity_key,classified_domain,blast_radius,dependent_count,outcome
TRG000001,2026-02-08T15:05:00,2026-02,SRC001,anomaly,denial_reason_classification,OBJ0034,fct_writeoffs,models/marts/rcm/fct_writeoffs.sql,Aetna|CO-16,rcm.denials,high,34,tap_generated
TRG000002,2026-02-03T09:22:00,2026-02,SRC001,anomaly,denial_reason_classification,OBJ0029,fct_numerators,models/marts/rcm/fct_numerators.sql,UnitedHealthcare|CO-16,rcm.denials,low,4,tap_generated
TRG000003,2026-02-12T13:00:00,2026-02,SRC001,anomaly,denial_reason_classification,OBJ0052,fct_patients,models/marts/rcm/fct_patients.sql,BCBS Michigan|CO-16,rcm.denials,medium,11,tap_generated
TRG000004,2026-02-22T11:13:00,2026-02,SRC001,anomaly,denial_reason_classification,OBJ0040,fct_discharges,models/marts/rcm/fct_discharges.sql,Cigna|CO-16,rcm.denials,low,8,tap_generated
TRG000005,2026-02-19T08:25:00,2026-02,SRC001,anomaly,denial_reason_classification,OBJ0038,fct_eligibility,models/marts/rcm/fct_eligibility.sql,BCBS Michigan|CO-16,rcm.denials,low,3,suppressed_dedupe
TRG000006,2026-02-02T14:53:00,2026-02,SRC001,anomaly,denial_reason_classification,OBJ0050,fct_census,models/marts/rcm/fct_census.sql,Humana|CO-16,rcm.denials,low,3,tap_generated
TRG000007,2026-02-04T14:22:00,2026-02,SRC001,anomaly,denial_reason_classification,OBJ0042,fct_exclusions,models/marts/rcm/fct_exclusions.sql,Medicare Part A|CO-16,rcm.denials,low,8,tap_generated
TRG000008,2026-02-10T12:39:00,2026-02,SRC001,anomaly,denial_reason_classification,OBJ0052,fct_patients,models/marts/rcm/fct_patients.sql,Medicaid MI|CO-16,rcm.denials,medium,11,tap_generated
TRG000009,2026-02-05T09:55:00,2026-02,SRC001,anomaly,denial_reason_classification,OBJ0034,fct_writeoffs,models/marts/rcm/fct_writeoffs.sql,BCBS Michigan|CO-16,rcm.denials,high,34,suppressed_dedupe
TRG000010,2026-02-26T10:48:00,2026-02,SRC001,anomaly,denial_reason_classification,OBJ0049,fct_coverage,models/marts/rcm/fct_coverage.sql,Priority Health|CO-16,rcm.denials,high,34,tap_generated
TRG000011,2026-02-10T18:39:00,2026-02,SRC001,anomaly,denial_reason_classification,OBJ0036,fct_diagnoses,models/marts/rcm/fct_diagnoses.sql,Molina|CO-16,rcm.denials,low,0,tap_generated
TRG000012,2026-02-14T11:29:00,2026-02,SRC001,anomaly,denial_reason_classification,OBJ0048,fct_denials,models/marts/rcm/fct_denials.sql,Tricare|CO-16,rcm.denials,low,3,tap_generated
TRG000013,2026-02-27T17:07:00,2026-02,SRC001,anomaly,denial_reason_classification,OBJ0044,fct_appointments,models/marts/rcm/fct_appointments.sql,Aetna|CO-97,rcm.denials,low,0,tap_generated
TRG000014,2026-02-01T12:25:00,2026-02,SRC001,anomaly,denial_reason_classification,OBJ0047,fct_aging,models/marts/rcm/fct_aging.sql,UnitedHealthcare|CO-97,rcm.denials,high,34,tap_generated
TRG000015,2026-02-08T10:07:00,2026-02,SRC001,anomaly,denial_reason_classification,OBJ0031,fct_adjustments,models/marts/rcm/fct_adjustments.sql,Aetna|CO-16,rcm.denials,low,2,suppressed_dedupe
TRG000016,2026-02-26T17:22:00,2026-02,SRC001,anomaly,denial_reason_classification,OBJ0043,fct_encounters,models/marts/rcm/fct_encounters.sql,BCBS Michigan|CO-97,rcm.denials,medium,11,tap_generated
TRG000017,2026-02-16T14:11:00,2026-02,SRC001,anomaly,denial_reason_classification,OBJ0051,fct_balances,models/marts/rcm/fct_balances.sql,Cigna|CO-97,rcm.denials,low,4,tap_generated
TRG000018,2026-02-28T15:11:00,2026-02,SRC001,anomaly,denial_reason_classification,OBJ0051,fct_balances,models/marts/rcm/fct_balances.sql,Humana|CO-97,rcm.denials,low,4,tap_generated
TRG000019,2026-02-04T12:41:00,2026-02,SRC001,anomaly,denial_reason_classification,OBJ0038,fct_eligibility,models/marts/rcm/fct_eligibility.sql,Medicare Part A|CO-97,rcm.denials,low,3,tap_generated
TRG000020,2026-02-15T16:10:00,2026-02,SRC001,anomaly,denial_reason_classification,OBJ0045,fct_authorizations,models/marts/rcm/fct_authorizations.sql,Cigna|CO-97,rcm.denials,low,8,suppressed_dedupe
TRG000021,2026-02-06T10:31:00,2026-02,SRC001,anomaly,denial_reason_classification,OBJ0034,fct_writeoffs,models/marts/rcm/fct_writeoffs.sql,Medicaid MI|CO-97,rcm.denials,high,34,tap_generated
TRG000022,2026-02-08T10:26:00,2026-02,SRC001,anomaly,denial_reason_classification,OBJ0052,fct_patients,models/marts/rcm/fct_patients.sql,BCBS Michigan|CO-16,rcm.denials,medium,11,suppressed_dedupe
TRG000023,2026-02-17T10:28:00,2026-02,SRC001,anomaly,denial_reason_classification,OBJ0046,fct_measures,models/marts/rcm/fct_measures.sql,Priority Health|CO-97,rcm.denials,low,3,tap_generated
TRG000024,2026-02-22T09:15:00,2026-02,SRC001,anomaly,denial_reason_classification,OBJ0034,fct_writeoffs,models/marts/rcm/fct_writeoffs.sql,Medicare Part A|CO-16,rcm.denials,high,34,suppressed_dedupe
TRG000025,2026-02-13T14:22:00,2026-02,SRC001,anomaly,denial_reason_classification,OBJ0048,fct_denials,models/marts/rcm/fct_denials.sql,Molina|CO-97,rcm.denials,low,3,tap_generated
TRG000026,2026-02-18T18:48:00,2026-02,SRC001,anomaly,denial_reason_classification,OBJ0030,fct_claims,models/marts/rcm/fct_claims.sql,Tricare|CO-97,rcm.denials,low,3,tap_generated
TRG000027,2026-02-05T09:14:00,2026-02,SRC001,anomaly,denial_reason_classification,OBJ0045,fct_authorizations,models/marts/rcm/fct_authorizations.sql,Aetna|CO-45,rcm.denials,low,8,tap_generated
TRG000028,2026-02-07T15:04:00,2026-02,SRC001,anomaly,denial_reason_classification,OBJ0039,fct_providers,models/marts/rcm/fct_providers.sql,UnitedHealthcare|CO-45,rcm.denials,low,1,tap_generated
TRG000029,2026-02-06T14:47:00,2026-02,SRC001,anomaly,denial_reason_classification,OBJ0030,fct_claims,models/marts/rcm/fct_claims.sql,BCBS Michigan|CO-45,rcm.denials,low,3,tap_generated
TRG000030,2026-02-25T17:46:00,2026-02,SRC001,anomaly,denial_reason_classification,OBJ0049,fct_coverage,models/marts/rcm/fct_coverage.sql,Medicaid MI|CO-16,rcm.denials,high,34,suppressed_dedupe
TRG000031,2026-02-19T13:36:00,2026-02,SRC001,anomaly,denial_reason_classification,OBJ0051,fct_balances,models/marts/rcm/fct_balances.sql,BCBS Michigan|CO-16,rcm.denials,low,4,suppressed_dedupe
TRG000032,2026-02-09T18:07:00,2026-02,SRC001,anomaly,denial_reason_classification,OBJ0043,fct_encounters,models/marts/rcm/fct_encounters.sql,Cigna|CO-45,rcm.denials,medium,11,tap_generated
TRG000033,2026-02-05T12:39:00,2026-02,SRC001,anomaly,denial_reason_classification,OBJ0050,fct_census,models/marts/rcm/fct_census.sql,Humana|CO-45,rcm.denials,low,3,tap_generated
TRG000034,2026-02-11T13:38:00,2026-02,SRC001,anomaly,denial_reason_classification,OBJ0041,fct_service_lines,models/marts/rcm/fct_service_lines.sql,Medicare Part A|CO-45,rcm.denials,medium,19,tap_generated
TRG000035,2026-02-19T15:08:00,2026-02,SRC001,anomaly,denial_reason_classification,OBJ0033,fct_throughput,models/marts/rcm/fct_throughput.sql,Aetna|CO-16,rcm.denials,low,1,suppressed_dedupe
TRG000036,2026-02-19T09:22:00,2026-02,SRC001,anomaly,denial_reason_classification,OBJ0032,fct_remittances,models/marts/rcm/fct_remittances.sql,Medicaid MI|CO-45,rcm.denials,medium,11,tap_generated
TRG000037,2026-02-05T10:33:00,2026-02,SRC001,anomaly,denial_reason_classification,OBJ0050,fct_census,models/marts/rcm/fct_census.sql,Priority Health|CO-45,rcm.denials,low,3,tap_generated
TRG000038,2026-02-09T15:25:00,2026-02,SRC001,anomaly,denial_reason_classification,OBJ0046,fct_measures,models/marts/rcm/fct_measures.sql,UnitedHealthcare|CO-45,rcm.denials,low,3,suppressed_dedupe
TRG000039,2026-02-10T11:12:00,2026-02,SRC001,anomaly,denial_reason_classification,OBJ0049,fct_coverage,models/marts/rcm/fct_coverage.sql,BCBS Michigan|CO-45,rcm.denials,high,34,suppressed_dedupe
TRG000040,2026-02-10T08:29:00,2026-02,SRC001,anomaly,denial_reason_classification,OBJ0037,fct_facilities,models/marts/rcm/fct_facilities.sql,Medicare Part A|CO-16,rcm.denials,medium,15,suppressed_dedupe
TRG000041,2026-02-15T09:40:00,2026-02,SRC001,anomaly,denial_reason_classification,OBJ0041,fct_service_lines,models/marts/rcm/fct_service_lines.sql,Molina|CO-16,rcm.denials,medium,19,suppressed_dedupe
TRG000042,2026-02-05T15:52:00,2026-02,SRC001,anomaly,denial_reason_classification,OBJ0051,fct_balances,models/marts/rcm/fct_balances.sql,Molina|CO-45,rcm.denials,low,4,tap_generated
TRG000043,2026-02-15T16:01:00,2026-02,SRC001,anomaly,denial_reason_classification,OBJ0048,fct_denials,models/marts/rcm/fct_denials.sql,Tricare|CO-45,rcm.denials,low,3,tap_generated
TRG000044,2026-02-13T14:06:00,2026-02,SRC001,anomaly,denial_reason_classification,OBJ0039,fct_providers,models/marts/rcm/fct_providers.sql,BCBS Michigan|CO-45,rcm.denials,low,1,suppressed_dedupe
TRG000045,2026-02-14T16:42:00,2026-02,SRC001,anomaly,denial_reason_classification,OBJ0043,fct_encounters,models/marts/rcm/fct_encounters.sql,UnitedHealthcare|CO-16,rcm.denials,medium,11,suppressed_dedupe
TRG000046,2026-02-12T11:46:00,2026-02,SRC001,anomaly,denial_reason_classification,OBJ0047,fct_aging,models/marts/rcm/fct_aging.sql,Aetna|CO-50,rcm.denials,high,34,tap_generated
TRG000047,2026-02-22T16:36:00,2026-02,SRC001,anomaly,denial_reason_classification,OBJ0029,fct_numerators,models/marts/rcm/fct_numerators.sql,UnitedHealthcare|CO-50,rcm.denials,low,4,tap_generated
TRG000048,2026-02-05T15:22:00,2026-02,SRC001,anomaly,denial_reason_classification,OBJ0049,fct_coverage,models/marts/rcm/fct_coverage.sql,Molina|CO-97,rcm.denials,high,34,suppressed_dedupe
TRG000049,2026-02-13T15:39:00,2026-02,SRC001,anomaly,denial_reason_classification,OBJ0038,fct_eligibility,models/marts/rcm/fct_eligibility.sql,Medicaid MI|CO-45,rcm.denials,low,3,suppressed_dedupe
TRG000050,2026-02-12T15:56:00,2026-02,SRC001,anomaly,denial_reason_classification,OBJ0047,fct_aging,models/marts/rcm/fct_aging.sql,Medicaid MI|CO-16,rcm.denials,high,34,suppressed_dedupe
TRG000051,2026-02-03T17:57:00,2026-02,SRC001,anomaly,denial_reason_classification,OBJ0033,fct_throughput,models/marts/rcm/fct_throughput.sql,BCBS Michigan|CO-97,rcm.denials,low,1,suppressed_dedupe
TRG000052,2026-02-23T16:00:00,2026-02,SRC001,anomaly,denial_reason_classification,OBJ0044,fct_appointments,models/marts/rcm/fct_appointments.sql,BCBS Michigan|CO-50,rcm.denials,low,0,suppressed_rate_limit
TRG000053,2026-02-24T10:51:00,2026-02,SRC001,anomaly,denial_reason_classification,OBJ0050,fct_census,models/marts/rcm/fct_census.sql,Cigna|CO-50,rcm.denials,low,3,tap_generated
TRG000054,2026-02-05T09:07:00,2026-02,SRC001,anomaly,denial_reason_classification,OBJ0048,fct_denials,models/marts/rcm/fct_denials.sql,Humana|CO-50,rcm.denials,low,3,tap_generated
TRG000055,2026-02-06T13:03:00,2026-02,SRC001,anomaly,denial_reason_classification,OBJ0035,fct_charges,models/marts/rcm/fct_charges.sql,Medicare Part A|CO-50,rcm.denials,medium,19,tap_generated
TRG000056,2026-02-16T16:23:00,2026-02,SRC001,anomaly,denial_reason_classification,OBJ0031,fct_adjustments,models/marts/rcm/fct_adjustments.sql,UnitedHealthcare|CO-50,rcm.denials,low,2,suppressed_dedupe
TRG000057,2026-02-05T16:39:00,2026-02,SRC001,anomaly,denial_reason_classification,OBJ0046,fct_measures,models/marts/rcm/fct_measures.sql,Medicaid MI|CO-50,rcm.denials,low,3,tap_generated
TRG000058,2026-02-24T14:08:00,2026-02,SRC001,anomaly,denial_reason_classification,OBJ0036,fct_diagnoses,models/marts/rcm/fct_diagnoses.sql,Humana|CO-50,rcm.denials,low,0,suppressed_dedupe
TRG000059,2026-02-26T10:23:00,2026-02,SRC001,anomaly,denial_reason_classification,OBJ0037,fct_facilities,models/marts/rcm/fct_facilities.sql,Tricare|CO-45,rcm.denials,medium,15,suppressed_dedupe
TRG000060,2026-02-06T09:20:00,2026-02,SRC001,anomaly,denial_reason_classification,OBJ0049,fct_coverage,models/marts/rcm/fct_coverage.sql,Priority Health|CO-50,rcm.denials,high,34,tap_generated
TRG000061,2026-02-26T15:39:00,2026-02,SRC001,anomaly,denial_reason_classification,OBJ0044,fct_appointments,models/marts/rcm/fct_appointments.sql,Molina|CO-50,rcm.denials,low,0,tap_generated
TRG000062,2026-02-25T17:57:00,2026-02,SRC001,anomaly,denial_reason_classification,OBJ0034,fct_writeoffs,models/marts/rcm/fct_writeoffs.sql,Tricare|CO-50,rcm.denials,high,34,tap_generated
TRG000063,2026-02-05T12:36:00,2026-02,SRC001,anomaly,denial_reason_classification,OBJ0047,fct_aging,models/marts/rcm/fct_aging.sql,Aetna|PR-1,rcm.denials,high,34,tap_generated
TRG000064,2026-02-06T17:08:00,2026-02,SRC001,anomaly,denial_reason_classification,OBJ0046,fct_measures,models/marts/rcm/fct_measures.sql,UnitedHealthcare|PR-1,rcm.denials,low,3,tap_generated
TRG000065,2026-02-08T13:42:00,2026-02,SRC001,anomaly,denial_reason_classification,OBJ0051,fct_balances,models/marts/rcm/fct_balances.sql,BCBS Michigan|PR-1,rcm.denials,low,4,tap_generated
TRG000066,2026-02-25T12:41:00,2026-02,SRC001,anomaly,charge_capture_variance,OBJ0146,write_off_pct,models/marts/core/_core_schema.yml,Cardiology|0,rcm.coding,low,4,tap_generated
TRG000067,2026-02-05T11:58:00,2026-02,SRC001,anomaly,charge_capture_variance,OBJ0148,encounters_per_provider_day,models/marts/core/_core_schema.yml,Cardiology|0,rcm.coding,high,31,suppressed_dedupe
TRG000068,2026-02-23T16:30:00,2026-02,SRC001,anomaly,charge_capture_variance,OBJ0146,write_off_pct,models/marts/core/_core_schema.yml,Orthopedics|0,rcm.coding,low,4,tap_generated
TRG000069,2026-02-27T09:00:00,2026-02,SRC001,anomaly,charge_capture_variance,OBJ0144,charge_lag_days,models/marts/core/_core_schema.yml,Cardiology|0,rcm.coding,low,2,suppressed_dedupe
TRG000070,2026-02-05T13:57:00,2026-02,SRC001,anomaly,charge_capture_variance,OBJ0145,coding_accuracy_rate,models/marts/core/_core_schema.yml,Orthopedics|0,rcm.coding,high,31,suppressed_dedupe
TRG000071,2026-02-03T10:26:00,2026-02,SRC001,anomaly,charge_capture_variance,OBJ0144,charge_lag_days,models/marts/core/_core_schema.yml,Oncology|0,rcm.coding,low,2,tap_generated
TRG000072,2026-02-27T11:48:00,2026-02,SRC001,anomaly,charge_capture_variance,OBJ0147,payer_mix_commercial,models/marts/core/_core_schema.yml,General Surgery|0,rcm.coding,high,31,suppressed_rate_limit
TRG000073,2026-02-15T10:54:00,2026-02,SRC001,anomaly,charge_capture_variance,OBJ0146,write_off_pct,models/marts/core/_core_schema.yml,General Surgery|0,rcm.coding,low,4,tap_generated
TRG000074,2026-02-02T12:28:00,2026-02,SRC001,anomaly,charge_capture_variance,OBJ0149,observation_conversion_rate,models/marts/core/_core_schema.yml,Oncology|0,rcm.coding,high,31,suppressed_dedupe
TRG000075,2026-02-25T14:45:00,2026-02,SRC001,anomaly,charge_capture_variance,OBJ0147,payer_mix_commercial,models/marts/core/_core_schema.yml,Cardiology|0,rcm.coding,high,31,suppressed_dedupe
TRG000076,2026-02-02T12:36:00,2026-02,SRC001,anomaly,charge_capture_variance,OBJ0145,coding_accuracy_rate,models/marts/core/_core_schema.yml,Cardiology|0,rcm.coding,high,31,suppressed_dedupe
TRG000077,2026-02-14T15:42:00,2026-02,SRC001,anomaly,charge_capture_variance,OBJ0147,payer_mix_commercial,models/marts/core/_core_schema.yml,Neurology|0,rcm.coding,high,31,tap_generated
TRG000078,2026-02-07T15:45:00,2026-02,SRC001,anomaly,charge_capture_variance,OBJ0145,coding_accuracy_rate,models/marts/core/_core_schema.yml,Orthopedics|0,rcm.coding,high,31,suppressed_dedupe
TRG000079,2026-02-01T11:29:00,2026-02,SRC001,anomaly,charge_capture_variance,OBJ0148,encounters_per_provider_day,models/marts/core/_core_schema.yml,Neurology|0,rcm.coding,high,31,suppressed_dedupe
TRG000080,2026-02-03T16:26:00,2026-02,SRC001,anomaly,charge_capture_variance,OBJ0148,encounters_per_provider_day,models/marts/core/_core_schema.yml,Cardiology|0,rcm.coding,high,31,suppressed_dedupe
TRG000081,2026-02-22T16:35:00,2026-02,SRC001,anomaly,charge_capture_variance,OBJ0146,write_off_pct,models/marts/core/_core_schema.yml,OB/GYN|0,rcm.coding,low,4,tap_generated
TRG000082,2026-02-03T10:48:00,2026-02,SRC001,anomaly,charge_capture_variance,OBJ0149,observation_conversion_rate,models/marts/core/_core_schema.yml,Emergency|0,rcm.coding,high,31,tap_generated
TRG000083,2026-02-17T12:25:00,2026-02,SRC001,anomaly,charge_capture_variance,OBJ0146,write_off_pct,models/marts/core/_core_schema.yml,Behavioral Health|0,rcm.coding,low,4,tap_generated
TRG000084,2026-02-18T07:08:00,2026-02,SRC001,anomaly,charge_capture_variance,OBJ0147,payer_mix_commercial,models/marts/core/_core_schema.yml,Endocrinology|0,rcm.coding,high,31,tap_generated
TRG000085,2026-02-20T11:17:00,2026-02,SRC001,anomaly,charge_capture_variance,OBJ0146,write_off_pct,models/marts/core/_core_schema.yml,Pulmonology|0,rcm.coding,low,4,tap_generated
TRG000086,2026-02-06T13:12:00,2026-02,SRC001,anomaly,charge_capture_variance,OBJ0148,encounters_per_provider_day,models/marts/core/_core_schema.yml,Cardiology|1,rcm.coding,high,31,tap_generated
TRG000087,2026-02-27T12:25:00,2026-02,SRC001,anomaly,charge_capture_variance,OBJ0144,charge_lag_days,models/marts/core/_core_schema.yml,Orthopedics|1,rcm.coding,low,2,tap_generated
TRG000088,2026-02-25T14:13:00,2026-02,SRC001,anomaly,charge_capture_variance,OBJ0145,coding_accuracy_rate,models/marts/core/_core_schema.yml,Behavioral Health|0,rcm.coding,high,31,suppressed_dedupe
TRG000089,2026-02-07T12:54:00,2026-02,SRC001,anomaly,charge_capture_variance,OBJ0145,coding_accuracy_rate,models/marts/core/_core_schema.yml,Oncology|1,rcm.coding,high,31,tap_generated
TRG000090,2026-02-22T16:55:00,2026-02,SRC001,anomaly,charge_capture_variance,OBJ0144,charge_lag_days,models/marts/core/_core_schema.yml,General Surgery|1,rcm.coding,low,2,tap_generated
TRG000091,2026-02-26T14:00:00,2026-02,SRC001,anomaly,charge_capture_variance,OBJ0147,payer_mix_commercial,models/marts/core/_core_schema.yml,Oncology|0,rcm.coding,high,31,suppressed_dedupe
TRG000092,2026-02-22T17:52:00,2026-02,SRC001,anomaly,charge_capture_variance,OBJ0148,encounters_per_provider_day,models/marts/core/_core_schema.yml,Neurology|1,rcm.coding,high,31,tap_generated
TRG000093,2026-02-19T12:00:00,2026-02,SRC001,anomaly,charge_capture_variance,OBJ0148,encounters_per_provider_day,models/marts/core/_core_schema.yml,OB/GYN|1,rcm.coding,high,31,tap_generated
TRG000094,2026-02-19T13:13:00,2026-02,SRC001,anomaly,charge_capture_variance,OBJ0147,payer_mix_commercial,models/marts/core/_core_schema.yml,Emergency|1,rcm.coding,high,31,tap_generated
TRG000095,2026-02-15T10:52:00,2026-02,SRC001,anomaly,charge_capture_variance,OBJ0145,coding_accuracy_rate,models/marts/core/_core_schema.yml,Behavioral Health|0,rcm.coding,high,31,suppressed_dedupe
TRG000096,2026-02-14T17:36:00,2026-02,SRC001,anomaly,charge_capture_variance,OBJ0149,observation_conversion_rate,models/marts/core/_core_schema.yml,Endocrinology|0,rcm.coding,high,31,suppressed_dedupe
TRG000097,2026-02-28T07:08:00,2026-02,SRC001,anomaly,charge_capture_variance,OBJ0148,encounters_per_provider_day,models/marts/core/_core_schema.yml,Behavioral Health|1,rcm.coding,high,31,suppressed_low_confidence
TRG000098,2026-02-18T16:00:00,2026-02,SRC001,anomaly,charge_capture_variance,OBJ0146,write_off_pct,models/marts/core/_core_schema.yml,Endocrinology|1,rcm.coding,low,4,tap_generated
TRG000099,2026-02-07T15:15:00,2026-02,SRC001,anomaly,charge_capture_variance,OBJ0145,coding_accuracy_rate,models/marts/core/_core_schema.yml,Orthopedics|0,rcm.coding,high,31,suppressed_dedupe
TRG000100,2026-02-24T15:50:00,2026-02,SRC001,anomaly,charge_capture_variance,OBJ0144,charge_lag_days,models/marts/core/_core_schema.yml,Pulmonology|1,rcm.coding,low,2,tap_generated
TRG000101,2026-02-24T15:04:00,2026-02,SRC001,anomaly,charge_capture_variance,OBJ0144,charge_lag_days,models/marts/core/_core_schema.yml,Cardiology|2,rcm.coding,low,2,tap_generated
TRG000102,2026-02-12T09:56:00,2026-02,SRC001,anomaly,charge_capture_variance,OBJ0149,observation_conversion_rate,models/marts/core/_core_schema.yml,Emergency|0,rcm.coding,high,31,suppressed_dedupe
TRG000103,2026-02-26T16:09:00,2026-02,SRC001,anomaly,charge_capture_variance,OBJ0144,charge_lag_days,models/marts/core/_core_schema.yml,Orthopedics|1,rcm.coding,low,2,suppressed_dedupe
TRG000104,2026-02-10T16:15:00,2026-02,SRC001,anomaly,charge_capture_variance,OBJ0147,payer_mix_commercial,models/marts/core/_core_schema.yml,Orthopedics|2,rcm.coding,high,31,tap_generated
TRG000105,2026-02-06T16:27:00,2026-02,SRC001,anomaly,charge_capture_variance,OBJ0145,coding_accuracy_rate,models/marts/core/_core_schema.yml,Oncology|2,rcm.coding,high,31,tap_generated
TRG000106,2026-02-09T09:44:00,2026-02,SRC001,anomaly,charge_capture_variance,OBJ0147,payer_mix_commercial,models/marts/core/_core_schema.yml,General Surgery|2,rcm.coding,high,31,tap_generated
TRG000107,2026-02-02T14:08:00,2026-02,SRC001,anomaly,charge_capture_variance,OBJ0147,payer_mix_commercial,models/marts/core/_core_schema.yml,Behavioral Health|0,rcm.coding,high,31,suppressed_dedupe
TRG000108,2026-02-07T16:57:00,2026-02,SRC001,anomaly,charge_capture_variance,OBJ0145,coding_accuracy_rate,models/marts/core/_core_schema.yml,Neurology|2,rcm.coding,high,31,tap_generated
TRG000109,2026-02-05T14:27:00,2026-02,SRC001,anomaly,charge_capture_variance,OBJ0149,observation_conversion_rate,models/marts/core/_core_schema.yml,General Surgery|1,rcm.coding,high,31,suppressed_dedupe
TRG000110,2026-02-10T16:34:00,2026-02,SRC001,anomaly,charge_capture_variance,OBJ0149,observation_conversion_rate,models/marts/core/_core_schema.yml,OB/GYN|2,rcm.coding,high,31,tap_generated
TRG000111,2026-02-27T16:50:00,2026-02,SRC001,anomaly,charge_capture_variance,OBJ0144,charge_lag_days,models/marts/core/_core_schema.yml,Emergency|2,rcm.coding,low,2,tap_generated
TRG000112,2026-02-07T11:13:00,2026-02,SRC001,anomaly,charge_capture_variance,OBJ0149,observation_conversion_rate,models/marts/core/_core_schema.yml,Cardiology|2,rcm.coding,high,31,suppressed_dedupe
TRG000113,2026-02-10T15:39:00,2026-02,SRC001,anomaly,charge_capture_variance,OBJ0144,charge_lag_days,models/marts/core/_core_schema.yml,Cardiology|0,rcm.coding,low,2,suppressed_dedupe
TRG000114,2026-02-19T11:06:00,2026-02,SRC001,anomaly,charge_capture_variance,OBJ0146,write_off_pct,models/marts/core/_core_schema.yml,Behavioral Health|2,rcm.coding,low,4,tap_generated
TRG000115,2026-02-12T15:05:00,2026-02,SRC001,anomaly,charge_capture_variance,OBJ0146,write_off_pct,models/marts/core/_core_schema.yml,General Surgery|0,rcm.coding,low,4,suppressed_dedupe
TRG000116,2026-02-27T08:22:00,2026-02,SRC001,anomaly,charge_capture_variance,OBJ0146,write_off_pct,models/marts/core/_core_schema.yml,Cardiology|1,rcm.coding,low,4,suppressed_dedupe
TRG000117,2026-02-18T15:33:00,2026-02,SRC001,anomaly,charge_capture_variance,OBJ0145,coding_accuracy_rate,models/marts/core/_core_schema.yml,Endocrinology|2,rcm.coding,high,31,tap_generated
TRG000118,2026-02-19T14:16:00,2026-02,SRC001,anomaly,charge_capture_variance,OBJ0144,charge_lag_days,models/marts/core/_core_schema.yml,Pulmonology|2,rcm.coding,low,2,tap_generated
TRG000119,2026-02-15T18:31:00,2026-02,SRC001,anomaly,charge_capture_variance,OBJ0144,charge_lag_days,models/marts/core/_core_schema.yml,Cardiology|3,rcm.coding,low,2,tap_generated
TRG000120,2026-02-01T14:25:00,2026-02,SRC001,anomaly,charge_capture_variance,OBJ0148,encounters_per_provider_day,models/marts/core/_core_schema.yml,Cardiology|2,rcm.coding,high,31,suppressed_dedupe
TRG000121,2026-02-24T18:57:00,2026-02,SRC001,anomaly,charge_capture_variance,OBJ0148,encounters_per_provider_day,models/marts/core/_core_schema.yml,Emergency|0,rcm.coding,high,31,suppressed_dedupe
TRG000122,2026-02-20T10:05:00,2026-02,SRC001,anomaly,charge_capture_variance,OBJ0146,write_off_pct,models/marts/core/_core_schema.yml,Endocrinology|1,rcm.coding,low,4,suppressed_dedupe
TRG000123,2026-02-01T09:09:00,2026-02,SRC001,anomaly,charge_capture_variance,OBJ0144,charge_lag_days,models/marts/core/_core_schema.yml,Behavioral Health|0,rcm.coding,low,2,suppressed_dedupe
TRG000124,2026-02-18T07:19:00,2026-02,SRC001,anomaly,charge_capture_variance,OBJ0144,charge_lag_days,models/marts/core/_core_schema.yml,Orthopedics|2,rcm.coding,low,2,suppressed_dedupe
TRG000125,2026-02-07T07:38:00,2026-02,SRC001,anomaly,charge_capture_variance,OBJ0144,charge_lag_days,models/marts/core/_core_schema.yml,Orthopedics|3,rcm.coding,low,2,tap_generated
TRG000126,2026-02-28T15:19:00,2026-02,SRC001,anomaly,charge_capture_variance,OBJ0147,payer_mix_commercial,models/marts/core/_core_schema.yml,Oncology|3,rcm.coding,high,31,tap_generated
TRG000127,2026-02-27T09:23:00,2026-02,SRC001,anomaly,charge_capture_variance,OBJ0147,payer_mix_commercial,models/marts/core/_core_schema.yml,General Surgery|3,rcm.coding,high,31,tap_generated
TRG000128,2026-02-17T10:36:00,2026-02,SRC001,anomaly,charge_capture_variance,OBJ0146,write_off_pct,models/marts/core/_core_schema.yml,Neurology|3,rcm.coding,low,4,tap_generated
TRG000129,2026-02-06T14:10:00,2026-02,SRC001,anomaly,charge_capture_variance,OBJ0144,charge_lag_days,models/marts/core/_core_schema.yml,OB/GYN|3,rcm.coding,low,2,tap_generated
TRG000130,2026-02-03T15:17:00,2026-02,SRC001,anomaly,charge_capture_variance,OBJ0144,charge_lag_days,models/marts/core/_core_schema.yml,Emergency|3,rcm.coding,low,2,tap_generated
TRG000131,2026-02-27T13:25:00,2026-02,SRC001,anomaly,charge_capture_variance,OBJ0146,write_off_pct,models/marts/core/_core_schema.yml,Behavioral Health|3,rcm.coding,low,4,tap_generated
TRG000132,2026-02-09T11:31:00,2026-02,SRC001,anomaly,charge_capture_variance,OBJ0149,observation_conversion_rate,models/marts/core/_core_schema.yml,Endocrinology|3,rcm.coding,high,31,tap_generated
TRG000133,2026-02-02T14:58:00,2026-02,SRC001,anomaly,charge_capture_variance,OBJ0144,charge_lag_days,models/marts/core/_core_schema.yml,Pulmonology|3,rcm.coding,low,2,tap_generated
TRG000134,2026-02-02T08:22:00,2026-02,SRC001,anomaly,charge_capture_variance,OBJ0147,payer_mix_commercial,models/marts/core/_core_schema.yml,Cardiology|4,rcm.coding,high,31,tap_generated
TRG000135,2026-02-21T10:32:00,2026-02,SRC001,anomaly,charge_capture_variance,OBJ0144,charge_lag_days,models/marts/core/_core_schema.yml,Endocrinology|2,rcm.coding,low,2,suppressed_dedupe
TRG000136,2026-02-04T11:18:00,2026-02,SRC001,anomaly,charge_capture_variance,OBJ0147,payer_mix_commercial,models/marts/core/_core_schema.yml,Orthopedics|4,rcm.coding,high,31,tap_generated
TRG000137,2026-02-20T11:22:00,2026-02,SRC001,anomaly,charge_capture_variance,OBJ0145,coding_accuracy_rate,models/marts/core/_core_schema.yml,Emergency|3,rcm.coding,high,31,suppressed_dedupe
TRG000138,2026-02-09T11:44:00,2026-02,SRC001,anomaly,charge_capture_variance,OBJ0145,coding_accuracy_rate,models/marts/core/_core_schema.yml,Cardiology|0,rcm.coding,high,31,suppressed_dedupe
TRG000139,2026-02-25T10:31:00,2026-02,SRC001,anomaly,charge_capture_variance,OBJ0147,payer_mix_commercial,models/marts/core/_core_schema.yml,Oncology|4,rcm.coding,high,31,tap_generated
TRG000140,2026-02-03T17:22:00,2026-02,SRC001,anomaly,charge_capture_variance,OBJ0149,observation_conversion_rate,models/marts/core/_core_schema.yml,General Surgery|4,rcm.coding,high,31,tap_generated
TRG000141,2026-02-09T13:07:00,2026-02,SRC001,anomaly,charge_capture_variance,OBJ0147,payer_mix_commercial,models/marts/core/_core_schema.yml,Neurology|4,rcm.coding,high,31,tap_generated
TRG000142,2026-02-24T07:42:00,2026-02,SRC001,anomaly,charge_capture_variance,OBJ0146,write_off_pct,models/marts/core/_core_schema.yml,OB/GYN|4,rcm.coding,low,4,tap_generated
TRG000143,2026-02-27T13:10:00,2026-02,SRC001,anomaly,charge_capture_variance,OBJ0147,payer_mix_commercial,models/marts/core/_core_schema.yml,Emergency|4,rcm.coding,high,31,tap_generated
TRG000144,2026-02-28T14:53:00,2026-02,SRC001,anomaly,charge_capture_variance,OBJ0147,payer_mix_commercial,models/marts/core/_core_schema.yml,Behavioral Health|4,rcm.coding,high,31,tap_generated
TRG000145,2026-02-24T18:50:00,2026-02,SRC001,anomaly,charge_capture_variance,OBJ0144,charge_lag_days,models/marts/core/_core_schema.yml,Endocrinology|4,rcm.coding,low,2,tap_generated
TRG000146,2026-03-23T15:17:00,2026-03,SRC001,anomaly,denial_reason_classification,OBJ0043,fct_encounters,models/marts/rcm/fct_encounters.sql,Medicare Part A|CO-16,rcm.denials,medium,11,suppressed_dedupe
TRG000147,2026-03-21T13:57:00,2026-03,SRC001,anomaly,denial_reason_classification,OBJ0032,fct_remittances,models/marts/rcm/fct_remittances.sql,Cigna|PR-1,rcm.denials,medium,11,tap_generated
TRG000148,2026-03-28T09:43:00,2026-03,SRC001,anomaly,denial_reason_classification,OBJ0045,fct_authorizations,models/marts/rcm/fct_authorizations.sql,Aetna|CO-97,rcm.denials,low,8,suppressed_dedupe
TRG000149,2026-03-26T10:22:00,2026-03,SRC001,anomaly,denial_reason_classification,OBJ0032,fct_remittances,models/marts/rcm/fct_remittances.sql,Aetna|PR-1,rcm.denials,medium,11,suppressed_dedupe
TRG000150,2026-03-31T12:08:00,2026-03,SRC001,anomaly,denial_reason_classification,OBJ0035,fct_charges,models/marts/rcm/fct_charges.sql,Medicaid MI|CO-45,rcm.denials,medium,19,suppressed_dedupe
TRG000151,2026-03-22T15:47:00,2026-03,SRC001,anomaly,denial_reason_classification,OBJ0033,fct_throughput,models/marts/rcm/fct_throughput.sql,Humana|PR-1,rcm.denials,low,1,tap_generated
TRG000152,2026-03-06T08:47:00,2026-03,SRC001,anomaly,denial_reason_classification,OBJ0041,fct_service_lines,models/marts/rcm/fct_service_lines.sql,Medicare Part A|PR-1,rcm.denials,medium,19,tap_generated
TRG000153,2026-03-17T15:10:00,2026-03,SRC001,anomaly,denial_reason_classification,OBJ0031,fct_adjustments,models/marts/rcm/fct_adjustments.sql,Medicaid MI|PR-1,rcm.denials,low,2,tap_generated
TRG000154,2026-03-10T14:56:00,2026-03,SRC001,anomaly,denial_reason_classification,OBJ0051,fct_balances,models/marts/rcm/fct_balances.sql,Priority Health|PR-1,rcm.denials,low,4,suppressed_rate_limit
TRG000155,2026-03-18T14:37:00,2026-03,SRC001,anomaly,denial_reason_classification,OBJ0044,fct_appointments,models/marts/rcm/fct_appointments.sql,Molina|PR-1,rcm.denials,low,0,tap_generated
TRG000156,2026-03-29T10:24:00,2026-03,SRC001,anomaly,denial_reason_classification,OBJ0039,fct_providers,models/marts/rcm/fct_providers.sql,Aetna|CO-45,rcm.denials,low,1,suppressed_dedupe
TRG000157,2026-03-13T17:20:00,2026-03,SRC001,anomaly,denial_reason_classification,OBJ0042,fct_exclusions,models/marts/rcm/fct_exclusions.sql,Tricare|PR-1,rcm.denials,low,8,tap_generated
TRG000158,2026-03-24T10:59:00,2026-03,SRC001,anomaly,denial_reason_classification,OBJ0046,fct_measures,models/marts/rcm/fct_measures.sql,Humana|PR-1,rcm.denials,low,3,suppressed_dedupe
TRG000159,2026-03-15T16:44:00,2026-03,SRC001,anomaly,denial_reason_classification,OBJ0043,fct_encounters,models/marts/rcm/fct_encounters.sql,Aetna|PR-204,rcm.denials,medium,11,tap_generated
TRG000160,2026-03-20T09:22:00,2026-03,SRC001,anomaly,denial_reason_classification,OBJ0034,fct_writeoffs,models/marts/rcm/fct_writeoffs.sql,UnitedHealthcare|PR-204,rcm.denials,high,34,tap_generated
TRG000161,2026-03-24T13:04:00,2026-03,SRC001,anomaly,denial_reason_classification,OBJ0039,fct_providers,models/marts/rcm/fct_providers.sql,Tricare|CO-45,rcm.denials,low,1,suppressed_dedupe
TRG000162,2026-03-17T16:39:00,2026-03,SRC001,anomaly,denial_reason_classification,OBJ0030,fct_claims,models/marts/rcm/fct_claims.sql,Tricare|PR-1,rcm.denials,low,3,suppressed_dedupe
TRG000163,2026-03-22T11:11:00,2026-03,SRC001,anomaly,denial_reason_classification,OBJ0047,fct_aging,models/marts/rcm/fct_aging.sql,UnitedHealthcare|CO-97,rcm.denials,high,34,suppressed_dedupe
TRG000164,2026-03-02T15:36:00,2026-03,SRC001,anomaly,denial_reason_classification,OBJ0051,fct_balances,models/marts/rcm/fct_balances.sql,Aetna|CO-50,rcm.denials,low,4,suppressed_dedupe
TRG000165,2026-03-08T13:08:00,2026-03,SRC001,anomaly,denial_reason_classification,OBJ0038,fct_eligibility,models/marts/rcm/fct_eligibility.sql,BCBS Michigan|PR-204,rcm.denials,low,3,tap_generated
TRG000166,2026-03-10T12:34:00,2026-03,SRC001,anomaly,denial_reason_classification,OBJ0052,fct_patients,models/marts/rcm/fct_patients.sql,Cigna|PR-204,rcm.denials,medium,11,tap_generated
TRG000167,2026-03-01T10:22:00,2026-03,SRC001,anomaly,denial_reason_classification,OBJ0036,fct_diagnoses,models/marts/rcm/fct_diagnoses.sql,Molina|CO-45,rcm.denials,low,0,suppressed_dedupe
TRG000168,2026-03-16T09:12:00,2026-03,SRC001,anomaly,denial_reason_classification,OBJ0034,fct_writeoffs,models/marts/rcm/fct_writeoffs.sql,Humana|PR-204,rcm.denials,high,34,tap_generated
TRG000169,2026-03-01T08:06:00,2026-03,SRC001,anomaly,denial_reason_classification,OBJ0032,fct_remittances,models/marts/rcm/fct_remittances.sql,Priority Health|CO-16,rcm.denials,medium,11,suppressed_dedupe
TRG000170,2026-03-15T16:57:00,2026-03,SRC001,anomaly,denial_reason_classification,OBJ0046,fct_measures,models/marts/rcm/fct_measures.sql,Medicare Part A|PR-204,rcm.denials,low,3,tap_generated
TRG000171,2026-03-20T15:23:00,2026-03,SRC001,anomaly,denial_reason_classification,OBJ0033,fct_throughput,models/marts/rcm/fct_throughput.sql,Medicaid MI|CO-97,rcm.denials,low,1,suppressed_dedupe
TRG000172,2026-03-24T16:39:00,2026-03,SRC001,anomaly,denial_reason_classification,OBJ0034,fct_writeoffs,models/marts/rcm/fct_writeoffs.sql,Medicaid MI|PR-204,rcm.denials,high,34,tap_generated
TRG000173,2026-03-20T14:11:00,2026-03,SRC001,anomaly,denial_reason_classification,OBJ0047,fct_aging,models/marts/rcm/fct_aging.sql,Priority Health|PR-204,rcm.denials,high,34,tap_generated
TRG000174,2026-03-09T15:42:00,2026-03,SRC001,anomaly,denial_reason_classification,OBJ0040,fct_discharges,models/marts/rcm/fct_discharges.sql,Molina|PR-204,rcm.denials,low,8,tap_generated
TRG000175,2026-03-08T09:37:00,2026-03,SRC001,anomaly,denial_reason_classification,OBJ0039,fct_providers,models/marts/rcm/fct_providers.sql,Tricare|PR-204,rcm.denials,low,1,tap_generated
TRG000176,2026-03-17T13:42:00,2026-03,SRC001,anomaly,denial_reason_classification,OBJ0037,fct_facilities,models/marts/rcm/fct_facilities.sql,Aetna|CO-151,rcm.denials,medium,15,tap_generated
TRG000177,2026-03-04T12:40:00,2026-03,SRC001,anomaly,denial_reason_classification,OBJ0041,fct_service_lines,models/marts/rcm/fct_service_lines.sql,UnitedHealthcare|CO-151,rcm.denials,medium,19,tap_generated
TRG000178,2026-03-17T10:15:00,2026-03,SRC001,anomaly,denial_reason_classification,OBJ0033,fct_throughput,models/marts/rcm/fct_throughput.sql,BCBS Michigan|PR-204,rcm.denials,low,1,suppressed_dedupe
TRG000179,2026-03-22T09:18:00,2026-03,SRC001,anomaly,denial_reason_classification,OBJ0051,fct_balances,models/marts/rcm/fct_balances.sql,Priority Health|CO-97,rcm.denials,low,4,suppressed_dedupe
TRG000180,2026-03-03T13:01:00,2026-03,SRC001,anomaly,denial_reason_classification,OBJ0047,fct_aging,models/marts/rcm/fct_aging.sql,Aetna|CO-97,rcm.denials,high,34,suppressed_dedupe
TRG000181,2026-03-05T17:14:00,2026-03,SRC001,anomaly,denial_reason_classification,OBJ0047,fct_aging,models/marts/rcm/fct_aging.sql,BCBS Michigan|CO-151,rcm.denials,high,34,tap_generated
TRG000182,2026-03-10T11:03:00,2026-03,SRC001,anomaly,denial_reason_classification,OBJ0043,fct_encounters,models/marts/rcm/fct_encounters.sql,Cigna|CO-151,rcm.denials,medium,11,tap_generated
TRG000183,2026-03-08T09:55:00,2026-03,SRC001,anomaly,denial_reason_classification,OBJ0042,fct_exclusions,models/marts/rcm/fct_exclusions.sql,UnitedHealthcare|PR-204,rcm.denials,low,8,suppressed_dedupe
TRG000184,2026-03-28T14:47:00,2026-03,SRC001,anomaly,denial_reason_classification,OBJ0040,fct_discharges,models/marts/rcm/fct_discharges.sql,Humana|CO-151,rcm.denials,low,8,tap_generated
TRG000185,2026-03-09T07:18:00,2026-03,SRC001,anomaly,denial_reason_classification,OBJ0032,fct_remittances,models/marts/rcm/fct_remittances.sql,Humana|CO-151,rcm.denials,medium,11,suppressed_dedupe
TRG000186,2026-03-18T10:30:00,2026-03,SRC001,anomaly,denial_reason_classification,OBJ0035,fct_charges,models/marts/rcm/fct_charges.sql,Medicare Part A|CO-151,rcm.denials,medium,19,tap_generated
TRG000187,2026-03-28T11:17:00,2026-03,SRC001,anomaly,denial_reason_classification,OBJ0041,fct_service_lines,models/marts/rcm/fct_service_lines.sql,Medicaid MI|CO-151,rcm.denials,medium,19,tap_generated
TRG000188,2026-03-05T12:57:00,2026-03,SRC001,anomaly,denial_reason_classification,OBJ0037,fct_facilities,models/marts/rcm/fct_facilities.sql,Priority Health|CO-151,rcm.denials,medium,15,suppressed_rate_limit
TRG000189,2026-03-28T13:56:00,2026-03,SRC001,anomaly,denial_reason_classification,OBJ0041,fct_service_lines,models/marts/rcm/fct_service_lines.sql,UnitedHealthcare|PR-204,rcm.denials,medium,19,suppressed_dedupe
TRG000190,2026-03-07T12:51:00,2026-03,SRC001,anomaly,denial_reason_classification,OBJ0041,fct_service_lines,models/marts/rcm/fct_service_lines.sql,Medicare Part A|CO-97,rcm.denials,medium,19,suppressed_dedupe
TRG000191,2026-03-16T16:03:00,2026-03,SRC001,anomaly,denial_reason_classification,OBJ0043,fct_encounters,models/marts/rcm/fct_encounters.sql,Tricare|CO-50,rcm.denials,medium,11,suppressed_dedupe
TRG000192,2026-03-14T10:02:00,2026-03,SRC001,anomaly,denial_reason_classification,OBJ0050,fct_census,models/marts/rcm/fct_census.sql,Molina|CO-151,rcm.denials,low,3,tap_generated
TRG000193,2026-03-07T14:37:00,2026-03,SRC001,anomaly,denial_reason_classification,OBJ0041,fct_service_lines,models/marts/rcm/fct_service_lines.sql,Molina|CO-45,rcm.denials,medium,19,suppressed_dedupe
TRG000194,2026-03-25T15:17:00,2026-03,SRC001,anomaly,denial_reason_classification,OBJ0042,fct_exclusions,models/marts/rcm/fct_exclusions.sql,Tricare|CO-151,rcm.denials,low,8,tap_generated
TRG000195,2026-03-05T08:58:00,2026-03,SRC001,anomaly,denial_reason_classification,OBJ0048,fct_denials,models/marts/rcm/fct_denials.sql,Aetna|CO-197,rcm.denials,low,3,tap_generated
TRG000196,2026-03-10T11:03:00,2026-03,SRC001,anomaly,denial_reason_classification,OBJ0045,fct_authorizations,models/marts/rcm/fct_authorizations.sql,Medicare Part A|CO-151,rcm.denials,low,8,suppressed_dedupe
TRG000197,2026-03-20T10:23:00,2026-03,SRC001,anomaly,denial_reason_classification,OBJ0037,fct_facilities,models/marts/rcm/fct_facilities.sql,Medicare Part A|CO-97,rcm.denials,medium,15,suppressed_dedupe
TRG000198,2026-03-13T18:35:00,2026-03,SRC001,anomaly,denial_reason_classification,OBJ0043,fct_encounters,models/marts/rcm/fct_encounters.sql,UnitedHealthcare|CO-197,rcm.denials,medium,11,tap_generated
TRG000199,2026-03-02T13:49:00,2026-03,SRC001,anomaly,denial_reason_classification,OBJ0047,fct_aging,models/marts/rcm/fct_aging.sql,BCBS Michigan|CO-197,rcm.denials,high,34,tap_generated
TRG000200,2026-03-20T10:00:00,2026-03,SRC001,anomaly,charge_capture_variance,OBJ0145,coding_accuracy_rate,models/marts/core/_core_schema.yml,Cardiology|3,rcm.coding,high,31,tap_generated
TRG000201,2026-03-28T12:23:00,2026-03,SRC001,anomaly,charge_capture_variance,OBJ0144,charge_lag_days,models/marts/core/_core_schema.yml,Pulmonology|4,rcm.coding,low,2,suppressed_rate_limit
TRG000202,2026-03-05T11:47:00,2026-03,SRC001,anomaly,charge_capture_variance,OBJ0146,write_off_pct,models/marts/core/_core_schema.yml,OB/GYN|0,rcm.coding,low,4,suppressed_dedupe
TRG000203,2026-03-24T17:59:00,2026-03,SRC001,anomaly,charge_capture_variance,OBJ0146,write_off_pct,models/marts/core/_core_schema.yml,Cardiology|5,rcm.coding,low,4,tap_generated
TRG000204,2026-03-10T10:13:00,2026-03,SRC001,anomaly,charge_capture_variance,OBJ0146,write_off_pct,models/marts/core/_core_schema.yml,Orthopedics|5,rcm.coding,low,4,tap_generated
TRG000205,2026-03-17T14:17:00,2026-03,SRC001,anomaly,charge_capture_variance,OBJ0146,write_off_pct,models/marts/core/_core_schema.yml,Oncology|5,rcm.coding,low,4,suppressed_low_confidence
TRG000206,2026-03-19T11:25:00,2026-03,SRC001,anomaly,charge_capture_variance,OBJ0144,charge_lag_days,models/marts/core/_core_schema.yml,General Surgery|5,rcm.coding,low,2,tap_generated
TRG000207,2026-03-20T10:54:00,2026-03,SRC001,anomaly,charge_capture_variance,OBJ0146,write_off_pct,models/marts/core/_core_schema.yml,Pulmonology|2,rcm.coding,low,4,suppressed_dedupe
TRG000208,2026-03-21T12:39:00,2026-03,SRC001,anomaly,charge_capture_variance,OBJ0145,coding_accuracy_rate,models/marts/core/_core_schema.yml,Cardiology|5,rcm.coding,high,31,suppressed_dedupe
TRG000209,2026-03-28T13:42:00,2026-03,SRC001,anomaly,charge_capture_variance,OBJ0148,encounters_per_provider_day,models/marts/core/_core_schema.yml,Neurology|5,rcm.coding,high,31,tap_generated
TRG000210,2026-03-14T11:11:00,2026-03,SRC001,anomaly,charge_capture_variance,OBJ0149,observation_conversion_rate,models/marts/core/_core_schema.yml,Orthopedics|5,rcm.coding,high,31,suppressed_dedupe
TRG000211,2026-03-08T10:03:00,2026-03,SRC001,anomaly,charge_capture_variance,OBJ0149,observation_conversion_rate,models/marts/core/_core_schema.yml,OB/GYN|5,rcm.coding,high,31,tap_generated
TRG000212,2026-03-08T15:32:00,2026-03,SRC001,anomaly,charge_capture_variance,OBJ0148,encounters_per_provider_day,models/marts/core/_core_schema.yml,Neurology|4,rcm.coding,high,31,suppressed_dedupe
TRG000213,2026-03-12T15:22:00,2026-03,SRC001,anomaly,charge_capture_variance,OBJ0145,coding_accuracy_rate,models/marts/core/_core_schema.yml,Oncology|0,rcm.coding,high,31,tap_generated
TRG000214,2026-03-31T12:27:00,2026-03,SRC001,anomaly,charge_capture_variance,OBJ0144,charge_lag_days,models/marts/core/_core_schema.yml,Emergency|5,rcm.coding,low,2,tap_generated
TRG000215,2026-03-23T08:48:00,2026-03,SRC001,anomaly,charge_capture_variance,OBJ0147,payer_mix_commercial,models/marts/core/_core_schema.yml,Behavioral Health|5,rcm.coding,high,31,tap_generated
TRG000216,2026-03-27T10:52:00,2026-03,SRC001,anomaly,charge_capture_variance,OBJ0149,observation_conversion_rate,models/marts/core/_core_schema.yml,Endocrinology|5,rcm.coding,high,31,tap_generated
TRG000217,2026-03-23T16:25:00,2026-03,SRC001,anomaly,charge_capture_variance,OBJ0146,write_off_pct,models/marts/core/_core_schema.yml,Neurology|5,rcm.coding,low,4,suppressed_dedupe
TRG000218,2026-03-14T10:31:00,2026-03,SRC001,anomaly,charge_capture_variance,OBJ0149,observation_conversion_rate,models/marts/core/_core_schema.yml,Pulmonology|5,rcm.coding,high,31,tap_generated
TRG000219,2026-03-12T18:12:00,2026-03,SRC001,anomaly,charge_capture_variance,OBJ0144,charge_lag_days,models/marts/core/_core_schema.yml,Cardiology|6,rcm.coding,low,2,tap_generated
TRG000220,2026-03-03T14:46:00,2026-03,SRC001,anomaly,charge_capture_variance,OBJ0147,payer_mix_commercial,models/marts/core/_core_schema.yml,General Surgery|0,rcm.coding,high,31,suppressed_dedupe
TRG000221,2026-03-03T08:04:00,2026-03,SRC001,anomaly,charge_capture_variance,OBJ0149,observation_conversion_rate,models/marts/core/_core_schema.yml,Orthopedics|6,rcm.coding,high,31,tap_generated
TRG000222,2026-03-09T08:41:00,2026-03,SRC001,anomaly,charge_capture_variance,OBJ0144,charge_lag_days,models/marts/core/_core_schema.yml,OB/GYN|0,rcm.coding,low,2,suppressed_dedupe
TRG000223,2026-03-16T10:43:00,2026-03,SRC001,anomaly,charge_capture_variance,OBJ0146,write_off_pct,models/marts/core/_core_schema.yml,Oncology|6,rcm.coding,low,4,tap_generated
TRG000224,2026-03-16T10:44:00,2026-03,SRC001,anomaly,charge_capture_variance,OBJ0146,write_off_pct,models/marts/core/_core_schema.yml,General Surgery|6,rcm.coding,low,4,tap_generated
TRG000225,2026-03-16T10:35:00,2026-03,SRC001,anomaly,charge_capture_variance,OBJ0148,encounters_per_provider_day,models/marts/core/_core_schema.yml,Behavioral Health|3,rcm.coding,high,31,suppressed_dedupe
TRG000226,2026-03-07T17:40:00,2026-03,SRC001,anomaly,charge_capture_variance,OBJ0145,coding_accuracy_rate,models/marts/core/_core_schema.yml,Behavioral Health|2,rcm.coding,high,31,suppressed_dedupe
TRG000227,2026-03-10T10:24:00,2026-03,SRC001,anomaly,charge_capture_variance,OBJ0144,charge_lag_days,models/marts/core/_core_schema.yml,General Surgery|5,rcm.coding,low,2,suppressed_dedupe
TRG000228,2026-03-08T17:38:00,2026-03,SRC001,anomaly,charge_capture_variance,OBJ0149,observation_conversion_rate,models/marts/core/_core_schema.yml,Neurology|6,rcm.coding,high,31,tap_generated
TRG000229,2026-03-18T13:39:00,2026-03,SRC001,anomaly,charge_capture_variance,OBJ0148,encounters_per_provider_day,models/marts/core/_core_schema.yml,OB/GYN|6,rcm.coding,high,31,tap_generated
TRG000230,2026-03-02T09:59:00,2026-03,SRC001,anomaly,charge_capture_variance,OBJ0149,observation_conversion_rate,models/marts/core/_core_schema.yml,Emergency|6,rcm.coding,high,31,tap_generated
TRG000231,2026-03-02T14:49:00,2026-03,SRC001,anomaly,charge_capture_variance,OBJ0148,encounters_per_provider_day,models/marts/core/_core_schema.yml,Cardiology|2,rcm.coding,high,31,suppressed_dedupe
TRG000232,2026-03-26T08:35:00,2026-03,SRC001,anomaly,charge_capture_variance,OBJ0148,encounters_per_provider_day,models/marts/core/_core_schema.yml,Behavioral Health|6,rcm.coding,high,31,tap_generated
TRG000233,2026-03-07T10:03:00,2026-03,SRC001,anomaly,charge_capture_variance,OBJ0148,encounters_per_provider_day,models/marts/core/_core_schema.yml,Behavioral Health|0,rcm.coding,high,31,suppressed_dedupe
TRG000234,2026-03-15T09:05:00,2026-03,SRC001,anomaly,charge_capture_variance,OBJ0147,payer_mix_commercial,models/marts/core/_core_schema.yml,Pulmonology|1,rcm.coding,high,31,suppressed_dedupe
TRG000235,2026-03-07T13:26:00,2026-03,SRC001,anomaly,charge_capture_variance,OBJ0145,coding_accuracy_rate,models/marts/core/_core_schema.yml,Neurology|6,rcm.coding,high,31,suppressed_dedupe
TRG000236,2026-03-22T12:16:00,2026-03,SRC001,anomaly,charge_capture_variance,OBJ0145,coding_accuracy_rate,models/marts/core/_core_schema.yml,Endocrinology|6,rcm.coding,high,31,tap_generated
TRG000237,2026-03-30T12:15:00,2026-03,SRC001,anomaly,charge_capture_variance,OBJ0148,encounters_per_provider_day,models/marts/core/_core_schema.yml,Pulmonology|6,rcm.coding,high,31,tap_generated
TRG000238,2026-03-10T11:29:00,2026-03,SRC001,anomaly,charge_capture_variance,OBJ0149,observation_conversion_rate,models/marts/core/_core_schema.yml,Cardiology|7,rcm.coding,high,31,tap_generated
TRG000239,2026-03-09T12:43:00,2026-03,SRC001,anomaly,charge_capture_variance,OBJ0145,coding_accuracy_rate,models/marts/core/_core_schema.yml,Orthopedics|7,rcm.coding,high,31,suppressed_low_confidence
TRG000240,2026-03-10T10:56:00,2026-03,SRC001,anomaly,charge_capture_variance,OBJ0148,encounters_per_provider_day,models/marts/core/_core_schema.yml,Emergency|1,rcm.coding,high,31,suppressed_dedupe
TRG000241,2026-03-26T15:02:00,2026-03,SRC001,anomaly,charge_capture_variance,OBJ0147,payer_mix_commercial,models/marts/core/_core_schema.yml,Cardiology|0,rcm.coding,high,31,suppressed_dedupe
TRG000242,2026-03-11T07:04:00,2026-03,SRC001,anomaly,charge_capture_variance,OBJ0145,coding_accuracy_rate,models/marts/core/_core_schema.yml,Oncology|7,rcm.coding,high,31,tap_generated
TRG000243,2026-03-16T14:07:00,2026-03,SRC001,anomaly,charge_capture_variance,OBJ0148,encounters_per_provider_day,models/marts/core/_core_schema.yml,Cardiology|2,rcm.coding,high,31,suppressed_dedupe
TRG000244,2026-03-25T15:03:00,2026-03,SRC001,anomaly,charge_capture_variance,OBJ0144,charge_lag_days,models/marts/core/_core_schema.yml,Neurology|2,rcm.coding,low,2,tap_generated
TRG000245,2026-03-26T09:16:00,2026-03,SRC001,anomaly,charge_capture_variance,OBJ0146,write_off_pct,models/marts/core/_core_schema.yml,General Surgery|7,rcm.coding,low,4,tap_generated
TRG000246,2026-03-07T13:58:00,2026-03,SRC001,anomaly,charge_capture_variance,OBJ0148,encounters_per_provider_day,models/marts/core/_core_schema.yml,Oncology|0,rcm.coding,high,31,suppressed_dedupe
TRG000247,2026-03-24T12:31:00,2026-03,SRC001,anomaly,charge_capture_variance,OBJ0148,encounters_per_provider_day,models/marts/core/_core_schema.yml,Orthopedics|1,rcm.coding,high,31,suppressed_dedupe
TRG000248,2026-03-06T18:33:00,2026-03,SRC001,anomaly,charge_capture_variance,OBJ0149,observation_conversion_rate,models/marts/core/_core_schema.yml,Neurology|7,rcm.coding,high,31,tap_generated
TRG000249,2026-03-04T15:39:00,2026-03,SRC001,anomaly,charge_capture_variance,OBJ0147,payer_mix_commercial,models/marts/core/_core_schema.yml,OB/GYN|4,rcm.coding,high,31,suppressed_dedupe
TRG000250,2026-03-22T15:21:00,2026-03,SRC001,anomaly,charge_capture_variance,OBJ0146,write_off_pct,models/marts/core/_core_schema.yml,OB/GYN|7,rcm.coding,low,4,tap_generated
TRG000251,2026-03-01T11:30:00,2026-03,SRC001,anomaly,charge_capture_variance,OBJ0144,charge_lag_days,models/marts/core/_core_schema.yml,Emergency|7,rcm.coding,low,2,tap_generated
TRG000252,2026-03-01T10:04:00,2026-03,SRC001,anomaly,charge_capture_variance,OBJ0146,write_off_pct,models/marts/core/_core_schema.yml,Behavioral Health|7,rcm.coding,low,4,tap_generated
TRG000253,2026-03-05T10:01:00,2026-03,SRC001,anomaly,charge_capture_variance,OBJ0145,coding_accuracy_rate,models/marts/core/_core_schema.yml,Pulmonology|4,rcm.coding,high,31,tap_generated
TRG000254,2026-03-31T16:37:00,2026-03,SRC001,anomaly,charge_capture_variance,OBJ0147,payer_mix_commercial,models/marts/core/_core_schema.yml,Endocrinology|7,rcm.coding,high,31,tap_generated
TRG000255,2026-03-17T08:24:00,2026-03,SRC001,anomaly,charge_capture_variance,OBJ0146,write_off_pct,models/marts/core/_core_schema.yml,Pulmonology|0,rcm.coding,low,4,suppressed_dedupe
TRG000256,2026-03-31T07:58:00,2026-03,SRC001,anomaly,charge_capture_variance,OBJ0144,charge_lag_days,models/marts/core/_core_schema.yml,Orthopedics|2,rcm.coding,low,2,tap_generated
TRG000257,2026-03-15T09:09:00,2026-03,SRC001,anomaly,charge_capture_variance,OBJ0149,observation_conversion_rate,models/marts/core/_core_schema.yml,Pulmonology|7,rcm.coding,high,31,tap_generated
TRG000258,2026-03-05T11:29:00,2026-03,SRC001,anomaly,charge_capture_variance,OBJ0145,coding_accuracy_rate,models/marts/core/_core_schema.yml,Orthopedics|0,rcm.coding,high,31,suppressed_dedupe
TRG000259,2026-03-07T10:48:00,2026-03,SRC001,anomaly,charge_capture_variance,OBJ0144,charge_lag_days,models/marts/core/_core_schema.yml,Cardiology|8,rcm.coding,low,2,tap_generated
TRG000260,2026-03-12T11:13:00,2026-03,SRC001,anomaly,charge_capture_variance,OBJ0145,coding_accuracy_rate,models/marts/core/_core_schema.yml,Orthopedics|8,rcm.coding,high,31,tap_generated
TRG000261,2026-03-24T12:35:00,2026-03,SRC001,anomaly,charge_capture_variance,OBJ0146,write_off_pct,models/marts/core/_core_schema.yml,Oncology|8,rcm.coding,low,4,tap_generated
TRG000262,2026-03-03T11:41:00,2026-03,SRC001,anomaly,charge_capture_variance,OBJ0146,write_off_pct,models/marts/core/_core_schema.yml,General Surgery|8,rcm.coding,low,4,tap_generated
TRG000263,2026-03-07T11:58:00,2026-03,SRC001,anomaly,charge_capture_variance,OBJ0148,encounters_per_provider_day,models/marts/core/_core_schema.yml,Orthopedics|6,rcm.coding,high,31,suppressed_dedupe
TRG000264,2026-03-07T09:29:00,2026-03,SRC001,anomaly,charge_capture_variance,OBJ0149,observation_conversion_rate,models/marts/core/_core_schema.yml,Neurology|8,rcm.coding,high,31,tap_generated
TRG000265,2026-03-28T13:53:00,2026-03,SRC001,anomaly,charge_capture_variance,OBJ0148,encounters_per_provider_day,models/marts/core/_core_schema.yml,OB/GYN|8,rcm.coding,high,31,tap_generated
TRG000266,2026-03-24T13:12:00,2026-03,SRC001,anomaly,charge_capture_variance,OBJ0147,payer_mix_commercial,models/marts/core/_core_schema.yml,Neurology|8,rcm.coding,high,31,suppressed_dedupe
TRG000267,2026-03-12T11:07:00,2026-03,SRC001,anomaly,charge_capture_variance,OBJ0145,coding_accuracy_rate,models/marts/core/_core_schema.yml,Emergency|5,rcm.coding,high,31,suppressed_dedupe
TRG000268,2026-03-02T10:09:00,2026-03,SRC001,anomaly,charge_capture_variance,OBJ0146,write_off_pct,models/marts/core/_core_schema.yml,Emergency|8,rcm.coding,low,4,tap_generated
TRG000269,2026-03-17T13:56:00,2026-03,SRC001,anomaly,charge_capture_variance,OBJ0144,charge_lag_days,models/marts/core/_core_schema.yml,Behavioral Health|8,rcm.coding,low,2,tap_generated
TRG000270,2026-03-05T10:06:00,2026-03,SRC001,anomaly,charge_capture_variance,OBJ0149,observation_conversion_rate,models/marts/core/_core_schema.yml,Oncology|1,rcm.coding,high,31,suppressed_dedupe
TRG000271,2026-03-18T12:44:00,2026-03,SRC001,anomaly,charge_capture_variance,OBJ0145,coding_accuracy_rate,models/marts/core/_core_schema.yml,Endocrinology|8,rcm.coding,high,31,tap_generated
TRG000272,2026-03-16T12:19:00,2026-03,SRC001,anomaly,encounter_type_mapping,OBJ0074,fct_appointments,models/marts/clinical/fct_appointments.sql,VT-100,clinical.encounters,medium,15,tap_generated
TRG000273,2026-03-16T17:12:00,2026-03,SRC001,anomaly,encounter_type_mapping,OBJ0073,fct_encounters,models/marts/clinical/fct_encounters.sql,VT-113,clinical.encounters,medium,15,tap_generated
TRG000274,2026-03-19T12:32:00,2026-03,SRC001,anomaly,encounter_type_mapping,OBJ0061,fct_adjustments,models/marts/clinical/fct_adjustments.sql,VT-100,clinical.encounters,medium,11,suppressed_dedupe
TRG000275,2026-03-17T18:21:00,2026-03,SRC001,anomaly,encounter_type_mapping,OBJ0069,fct_providers,models/marts/clinical/fct_providers.sql,VT-126,clinical.encounters,high,34,tap_generated
TRG000276,2026-03-01T09:10:00,2026-03,SRC001,anomaly,encounter_type_mapping,OBJ0063,fct_throughput,models/marts/clinical/fct_throughput.sql,VT-100,clinical.encounters,low,6,suppressed_dedupe
TRG000277,2026-03-30T11:44:00,2026-03,SRC001,anomaly,encounter_type_mapping,OBJ0065,fct_charges,models/marts/clinical/fct_charges.sql,VT-139,clinical.encounters,low,4,tap_generated
TRG000278,2026-03-27T11:47:00,2026-03,SRC001,anomaly,encounter_type_mapping,OBJ0057,fct_admissions,models/marts/clinical/fct_admissions.sql,VT-139,clinical.encounters,low,4,suppressed_dedupe
TRG000279,2026-03-15T15:51:00,2026-03,SRC001,anomaly,encounter_type_mapping,OBJ0053,fct_procedures,models/marts/clinical/fct_procedures.sql,VT-139,clinical.encounters,low,4,suppressed_dedupe
TRG000280,2026-03-02T18:01:00,2026-03,SRC001,anomaly,encounter_type_mapping,OBJ0071,fct_service_lines,models/marts/clinical/fct_service_lines.sql,VT-152,clinical.encounters,low,8,tap_generated
TRG000281,2026-03-11T18:03:00,2026-03,SRC001,anomaly,encounter_type_mapping,OBJ0058,fct_referrals,models/marts/clinical/fct_referrals.sql,VT-126,clinical.encounters,medium,11,suppressed_dedupe
TRG000282,2026-03-06T11:09:00,2026-03,SRC001,anomaly,encounter_type_mapping,OBJ0074,fct_appointments,models/marts/clinical/fct_appointments.sql,VT-165,clinical.encounters,medium,15,tap_generated
TRG000283,2026-03-14T11:55:00,2026-03,SRC001,anomaly,encounter_type_mapping,OBJ0054,fct_departments,models/marts/clinical/fct_departments.sql,VT-126,clinical.encounters,medium,19,suppressed_dedupe
TRG000284,2026-03-04T16:43:00,2026-03,SRC001,anomaly,encounter_type_mapping,OBJ0056,fct_payers,models/marts/clinical/fct_payers.sql,VT-139,clinical.encounters,low,6,suppressed_dedupe
TRG000285,2026-03-17T11:48:00,2026-03,SRC001,anomaly,encounter_type_mapping,OBJ0054,fct_departments,models/marts/clinical/fct_departments.sql,VT-165,clinical.encounters,medium,19,suppressed_dedupe
TRG000286,2026-03-16T14:05:00,2026-03,SRC001,anomaly,encounter_type_mapping,OBJ0074,fct_appointments,models/marts/clinical/fct_appointments.sql,VT-178,clinical.encounters,medium,15,tap_generated
TRG000287,2026-03-20T11:42:00,2026-03,SRC001,anomaly,encounter_type_mapping,OBJ0061,fct_adjustments,models/marts/clinical/fct_adjustments.sql,VT-152,clinical.encounters,medium,11,suppressed_dedupe
TRG000288,2026-03-03T12:09:00,2026-03,SRC001,anomaly,encounter_type_mapping,OBJ0054,fct_departments,models/marts/clinical/fct_departments.sql,VT-152,clinical.encounters,medium,19,suppressed_dedupe
TRG000289,2026-03-06T17:43:00,2026-03,SRC001,anomaly,encounter_type_mapping,OBJ0059,fct_numerators,models/marts/clinical/fct_numerators.sql,VT-191,clinical.encounters,medium,11,tap_generated
TRG000290,2026-03-23T15:54:00,2026-03,SRC001,anomaly,encounter_type_mapping,OBJ0056,fct_payers,models/marts/clinical/fct_payers.sql,VT-204,clinical.encounters,low,6,tap_generated
TRG000291,2026-03-15T11:04:00,2026-03,SRC001,anomaly,encounter_type_mapping,OBJ0068,fct_eligibility,models/marts/clinical/fct_eligibility.sql,VT-204,clinical.encounters,low,3,suppressed_dedupe
TRG000292,2026-03-17T09:00:00,2026-03,SRC001,anomaly,encounter_type_mapping,OBJ0067,fct_facilities,models/marts/clinical/fct_facilities.sql,VT-217,clinical.encounters,low,1,tap_generated
TRG000293,2026-03-21T18:16:00,2026-03,SRC001,anomaly,encounter_type_mapping,OBJ0060,fct_claims,models/marts/clinical/fct_claims.sql,VT-204,clinical.encounters,low,3,suppressed_dedupe
TRG000294,2026-03-29T09:11:00,2026-03,SRC001,anomaly,encounter_type_mapping,OBJ0064,fct_writeoffs,models/marts/clinical/fct_writeoffs.sql,VT-178,clinical.encounters,low,6,suppressed_dedupe
TRG000295,2026-03-16T16:39:00,2026-03,SRC001,anomaly,encounter_type_mapping,OBJ0061,fct_adjustments,models/marts/clinical/fct_adjustments.sql,VT-113,clinical.encounters,medium,11,suppressed_dedupe
TRG000296,2026-03-07T13:03:00,2026-03,SRC001,anomaly,encounter_type_mapping,OBJ0067,fct_facilities,models/marts/clinical/fct_facilities.sql,VT-204,clinical.encounters,low,1,suppressed_dedupe
TRG000297,2026-03-20T12:31:00,2026-03,SRC001,anomaly,encounter_type_mapping,OBJ0055,fct_cohorts,models/marts/clinical/fct_cohorts.sql,VT-230,clinical.encounters,medium,19,tap_generated
TRG000298,2026-03-23T08:30:00,2026-03,SRC001,anomaly,encounter_type_mapping,OBJ0056,fct_payers,models/marts/clinical/fct_payers.sql,VT-243,clinical.encounters,low,6,tap_generated
TRG000299,2026-03-19T16:04:00,2026-03,SRC001,anomaly,encounter_type_mapping,OBJ0069,fct_providers,models/marts/clinical/fct_providers.sql,VT-256,clinical.encounters,high,34,tap_generated
TRG000300,2026-03-15T13:39:00,2026-03,SRC001,anomaly,encounter_type_mapping,OBJ0071,fct_service_lines,models/marts/clinical/fct_service_lines.sql,VT-269,clinical.encounters,low,8,suppressed_low_confidence
TRG000301,2026-03-05T15:13:00,2026-03,SRC001,anomaly,encounter_type_mapping,OBJ0059,fct_numerators,models/marts/clinical/fct_numerators.sql,VT-256,clinical.encounters,medium,11,suppressed_dedupe
TRG000302,2026-03-01T13:33:00,2026-03,SRC001,anomaly,encounter_type_mapping,OBJ0063,fct_throughput,models/marts/clinical/fct_throughput.sql,VT-282,clinical.encounters,low,6,tap_generated
TRG000303,2026-03-14T10:14:00,2026-03,SRC001,anomaly,encounter_type_mapping,OBJ0055,fct_cohorts,models/marts/clinical/fct_cohorts.sql,VT-295,clinical.encounters,medium,19,tap_generated
TRG000304,2026-03-29T09:26:00,2026-03,SRC001,anomaly,encounter_type_mapping,OBJ0054,fct_departments,models/marts/clinical/fct_departments.sql,VT-308,clinical.encounters,medium,19,tap_generated
TRG000305,2026-03-22T16:58:00,2026-03,SRC001,anomaly,encounter_type_mapping,OBJ0062,fct_remittances,models/marts/clinical/fct_remittances.sql,VT-321,clinical.encounters,medium,11,tap_generated
TRG000306,2026-03-22T16:29:00,2026-03,SRC001,anomaly,encounter_type_mapping,OBJ0053,fct_procedures,models/marts/clinical/fct_procedures.sql,VT-334,clinical.encounters,low,4,tap_generated
TRG000307,2026-04-13T14:57:00,2026-04,SRC001,anomaly,denial_reason_classification,OBJ0048,fct_denials,models/marts/rcm/fct_denials.sql,Cigna|CO-197,rcm.denials,low,3,tap_generated
TRG000308,2026-04-22T15:53:00,2026-04,SRC001,anomaly,denial_reason_classification,OBJ0052,fct_patients,models/marts/rcm/fct_patients.sql,UnitedHealthcare|CO-97,rcm.denials,medium,11,suppressed_dedupe
TRG000309,2026-04-02T07:37:00,2026-04,SRC001,anomaly,denial_reason_classification,OBJ0037,fct_facilities,models/marts/rcm/fct_facilities.sql,Humana|CO-197,rcm.denials,medium,15,tap_generated
TRG000310,2026-04-04T15:43:00,2026-04,SRC001,anomaly,denial_reason_classification,OBJ0035,fct_charges,models/marts/rcm/fct_charges.sql,Medicare Part A|CO-197,rcm.denials,medium,19,tap_generated
TRG000311,2026-04-08T08:57:00,2026-04,SRC001,anomaly,denial_reason_classification,OBJ0048,fct_denials,models/marts/rcm/fct_denials.sql,Medicaid MI|CO-197,rcm.denials,low,3,suppressed_rate_limit
TRG000312,2026-04-04T14:27:00,2026-04,SRC001,anomaly,denial_reason_classification,OBJ0047,fct_aging,models/marts/rcm/fct_aging.sql,Medicaid MI|CO-16,rcm.denials,high,34,suppressed_dedupe
TRG000313,2026-04-23T18:47:00,2026-04,SRC001,anomaly,denial_reason_classification,OBJ0042,fct_exclusions,models/marts/rcm/fct_exclusions.sql,Priority Health|CO-197,rcm.denials,low,8,suppressed_rate_limit
TRG000314,2026-04-08T14:25:00,2026-04,SRC001,anomaly,denial_reason_classification,OBJ0031,fct_adjustments,models/marts/rcm/fct_adjustments.sql,Molina|CO-197,rcm.denials,low,2,tap_generated
TRG000315,2026-04-30T09:28:00,2026-04,SRC001,anomaly,denial_reason_classification,OBJ0040,fct_discharges,models/marts/rcm/fct_discharges.sql,Humana|CO-151,rcm.denials,low,8,suppressed_dedupe
TRG000316,2026-04-14T15:44:00,2026-04,SRC001,anomaly,denial_reason_classification,OBJ0050,fct_census,models/marts/rcm/fct_census.sql,Tricare|CO-197,rcm.denials,low,3,suppressed_rate_limit
TRG000317,2026-04-29T12:45:00,2026-04,SRC001,anomaly,denial_reason_classification,OBJ0051,fct_balances,models/marts/rcm/fct_balances.sql,Aetna|CO-29,rcm.denials,low,4,tap_generated
TRG000318,2026-04-30T15:15:00,2026-04,SRC001,anomaly,denial_reason_classification,OBJ0040,fct_discharges,models/marts/rcm/fct_discharges.sql,UnitedHealthcare|CO-29,rcm.denials,low,8,tap_generated
TRG000319,2026-04-02T08:40:00,2026-04,SRC001,anomaly,denial_reason_classification,OBJ0047,fct_aging,models/marts/rcm/fct_aging.sql,BCBS Michigan|CO-29,rcm.denials,high,34,tap_generated
TRG000320,2026-04-09T12:27:00,2026-04,SRC001,anomaly,denial_reason_classification,OBJ0050,fct_census,models/marts/rcm/fct_census.sql,Cigna|CO-29,rcm.denials,low,3,tap_generated
TRG000321,2026-04-18T16:02:00,2026-04,SRC001,anomaly,denial_reason_classification,OBJ0037,fct_facilities,models/marts/rcm/fct_facilities.sql,Priority Health|CO-151,rcm.denials,medium,15,tap_generated
TRG000322,2026-04-24T08:34:00,2026-04,SRC001,anomaly,denial_reason_classification,OBJ0042,fct_exclusions,models/marts/rcm/fct_exclusions.sql,Humana|PR-1,rcm.denials,low,8,suppressed_dedupe
TRG000323,2026-04-19T11:56:00,2026-04,SRC001,anomaly,denial_reason_classification,OBJ0032,fct_remittances,models/marts/rcm/fct_remittances.sql,Humana|CO-29,rcm.denials,medium,11,tap_generated
TRG000324,2026-04-18T08:12:00,2026-04,SRC001,anomaly,denial_reason_classification,OBJ0040,fct_discharges,models/marts/rcm/fct_discharges.sql,Medicare Part A|CO-29,rcm.denials,low,8,tap_generated
TRG000325,2026-04-21T17:09:00,2026-04,SRC001,anomaly,denial_reason_classification,OBJ0050,fct_census,models/marts/rcm/fct_census.sql,Humana|CO-151,rcm.denials,low,3,suppressed_dedupe
TRG000326,2026-04-16T12:25:00,2026-04,SRC001,anomaly,denial_reason_classification,OBJ0033,fct_throughput,models/marts/rcm/fct_throughput.sql,UnitedHealthcare|PR-204,rcm.denials,low,1,suppressed_dedupe
TRG000327,2026-04-28T12:06:00,2026-04,SRC001,anomaly,denial_reason_classification,OBJ0030,fct_claims,models/marts/rcm/fct_claims.sql,Medicaid MI|CO-29,rcm.denials,low,3,tap_generated
TRG000328,2026-04-29T15:34:00,2026-04,SRC001,anomaly,denial_reason_classification,OBJ0043,fct_encounters,models/marts/rcm/fct_encounters.sql,UnitedHealthcare|CO-50,rcm.denials,medium,11,suppressed_dedupe
TRG000329,2026-04-08T14:31:00,2026-04,SRC001,anomaly,denial_reason_classification,OBJ0049,fct_coverage,models/marts/rcm/fct_coverage.sql,Priority Health|CO-29,rcm.denials,high,34,tap_generated
TRG000330,2026-04-10T15:13:00,2026-04,SRC001,anomaly,denial_reason_classification,OBJ0033,fct_throughput,models/marts/rcm/fct_throughput.sql,Molina|CO-29,rcm.denials,low,1,tap_generated
TRG000331,2026-04-17T11:40:00,2026-04,SRC001,anomaly,denial_reason_classification,OBJ0042,fct_exclusions,models/marts/rcm/fct_exclusions.sql,Tricare|CO-29,rcm.denials,low,8,tap_generated
TRG000332,2026-04-27T12:49:00,2026-04,SRC001,anomaly,denial_reason_classification,OBJ0040,fct_discharges,models/marts/rcm/fct_discharges.sql,Aetna|CO-11,rcm.denials,low,8,tap_generated
TRG000333,2026-04-09T13:11:00,2026-04,SRC001,anomaly,encounter_type_mapping,OBJ0073,fct_encounters,models/marts/clinical/fct_encounters.sql,VT-321,clinical.encounters,medium,15,suppressed_dedupe
TRG000334,2026-04-06T18:54:00,2026-04,SRC001,anomaly,encounter_type_mapping,OBJ0066,fct_diagnoses,models/marts/clinical/fct_diagnoses.sql,VT-152,clinical.encounters,low,1,suppressed_dedupe
TRG000335,2026-04-20T16:54:00,2026-04,SRC001,anomaly,encounter_type_mapping,OBJ0066,fct_diagnoses,models/marts/clinical/fct_diagnoses.sql,VT-347,clinical.encounters,low,1,tap_generated
TRG000336,2026-04-27T07:47:00,2026-04,SRC001,anomaly,encounter_type_mapping,OBJ0064,fct_writeoffs,models/marts/clinical/fct_writeoffs.sql,VT-360,clinical.encounters,low,6,tap_generated
TRG000337,2026-04-15T13:28:00,2026-04,SRC001,anomaly,encounter_type_mapping,OBJ0053,fct_procedures,models/marts/clinical/fct_procedures.sql,VT-373,clinical.encounters,low,4,tap_generated
TRG000338,2026-04-25T14:25:00,2026-04,SRC001,anomaly,encounter_type_mapping,OBJ0068,fct_eligibility,models/marts/clinical/fct_eligibility.sql,VT-386,clinical.encounters,low,3,tap_generated
TRG000339,2026-04-01T10:47:00,2026-04,SRC001,anomaly,encounter_type_mapping,OBJ0071,fct_service_lines,models/marts/clinical/fct_service_lines.sql,VT-399,clinical.encounters,low,8,tap_generated
TRG000340,2026-04-21T12:25:00,2026-04,SRC001,anomaly,encounter_type_mapping,OBJ0059,fct_numerators,models/marts/clinical/fct_numerators.sql,VT-412,clinical.encounters,medium,11,tap_generated
TRG000341,2026-04-13T16:57:00,2026-04,SRC001,anomaly,encounter_type_mapping,OBJ0069,fct_providers,models/marts/clinical/fct_providers.sql,VT-152,clinical.encounters,high,34,suppressed_dedupe
TRG000342,2026-04-24T15:38:00,2026-04,SRC001,anomaly,encounter_type_mapping,OBJ0063,fct_throughput,models/marts/clinical/fct_throughput.sql,VT-425,clinical.encounters,low,6,tap_generated
TRG000343,2026-04-26T14:46:00,2026-04,SRC001,anomaly,encounter_type_mapping,OBJ0064,fct_writeoffs,models/marts/clinical/fct_writeoffs.sql,VT-438,clinical.encounters,low,6,tap_generated
TRG000344,2026-04-11T13:46:00,2026-04,SRC001,code_change,phi_column_classification,OBJ0128,contractual_allowance,models/marts/core/_core_schema.yml,fct_discharges.mrn_alt_0,compliance.phi,low,6,tap_generated
TRG000345,2026-04-09T08:53:00,2026-04,SRC001,code_change,phi_column_classification,OBJ0108,stg_denials,models/input_layer/stg_denials.sql,stg_eligibility.guarantor_dob_1,compliance.phi,low,6,tap_generated
TRG000346,2026-04-18T13:25:00,2026-04,SRC001,code_change,phi_column_classification,OBJ0120,stg_legacy_extract_2,models/input_layer/stg_legacy_extract_2.sql,fct_denials.subscriber_ssn_last4_2,compliance.phi,low,2,tap_generated
TRG000347,2026-04-01T17:16:00,2026-04,SRC001,code_change,phi_column_classification,OBJ0090,stg_claims,models/input_layer/stg_claims.sql,fct_procedures.guarantor_dob_1,compliance.phi,low,3,tap_generated
TRG000348,2026-04-30T11:31:00,2026-04,SRC001,code_change,phi_column_classification,OBJ0012,fct_exclusions,models/marts/core/fct_exclusions.sql,fct_encounters.home_phone_e164_3,compliance.phi,low,0,tap_generated
TRG000349,2026-04-26T12:33:00,2026-04,SRC001,code_change,phi_column_classification,OBJ0051,fct_balances,models/marts/rcm/fct_balances.sql,fct_eligibility.referring_npi_4,compliance.phi,low,4,tap_generated
TRG000350,2026-04-08T11:26:00,2026-04,SRC001,code_change,phi_column_classification,OBJ0032,fct_remittances,models/marts/rcm/fct_remittances.sql,stg_facilities.patient_email_hash_5,compliance.phi,medium,11,tap_generated
TRG000351,2026-04-20T14:23:00,2026-04,SRC001,code_change,phi_column_classification,OBJ0017,fct_aging,models/marts/core/fct_aging.sql,fct_facilities.mrn_alt_0,compliance.phi,low,6,tap_generated
TRG000352,2026-04-07T13:16:00,2026-04,SRC001,code_change,phi_column_classification,OBJ0143,referral_conversion,models/marts/core/_core_schema.yml,stg_legacy_extract_7.zip_plus_four_6,compliance.phi,low,4,tap_generated
TRG000353,2026-04-15T15:33:00,2026-04,SRC001,code_change,phi_column_classification,OBJ0113,stg_procedures,models/input_layer/stg_procedures.sql,stg_measures.patient_email_hash_5,compliance.phi,low,4,suppressed_rate_limit
TRG000354,2026-04-17T10:54:00,2026-04,SRC001,code_change,phi_column_classification,OBJ0086,fct_payers,models/marts/quality/fct_payers.sql,fct_appointments.zip_plus_four_6,compliance.phi,low,3,suppressed_rate_limit
TRG000355,2026-04-21T08:12:00,2026-04,SRC001,code_change,phi_column_classification,OBJ0109,stg_coverage,models/input_layer/stg_coverage.sql,stg_charges.patient_email_hash_5,compliance.phi,low,6,tap_generated
TRG000356,2026-04-01T17:16:00,2026-04,SRC001,code_change,phi_column_classification,OBJ0009,fct_providers,models/marts/core/fct_providers.sql,stg_procedures.member_id_raw_7,compliance.phi,medium,11,tap_generated
TRG000357,2026-04-21T12:42:00,2026-04,SRC001,code_change,phi_column_classification,OBJ0130,denial_rate,models/marts/core/_core_schema.yml,stg_facilities.referring_npi_4,compliance.phi,high,31,tap_generated
TRG000358,2026-04-02T10:49:00,2026-04,SRC001,code_change,phi_column_classification,OBJ0106,stg_measures,models/input_layer/stg_measures.sql,fct_procedures.mrn_alt_0,compliance.phi,high,34,tap_generated
TRG000359,2026-04-20T10:22:00,2026-04,SRC001,code_change,phi_column_classification,OBJ0040,fct_discharges,models/marts/rcm/fct_discharges.sql,fct_appointments.guarantor_dob_1,compliance.phi,low,8,tap_generated
TRG000360,2026-04-16T13:01:00,2026-04,SRC001,code_change,phi_column_classification,OBJ0060,fct_claims,models/marts/clinical/fct_claims.sql,fct_writeoffs.zip_plus_four_6,compliance.phi,low,3,tap_generated
TRG000361,2026-04-11T16:44:00,2026-04,SRC001,code_change,phi_column_classification,OBJ0151,epic_caboodle,models/input_layer/_input_layer_sources.yml,fct_cohorts.emergency_contact_name_8,compliance.phi,medium,16,tap_generated
TRG000362,2026-04-25T10:01:00,2026-04,SRC001,code_change,phi_column_classification,OBJ0145,coding_accuracy_rate,models/marts/core/_core_schema.yml,fct_balances.member_id_raw_7,compliance.phi,high,31,tap_generated
TRG000363,2026-04-13T16:19:00,2026-04,SRC001,code_change,phi_column_classification,OBJ0104,stg_appointments,models/input_layer/stg_appointments.sql,fct_appointments.policy_number_9,compliance.phi,low,6,tap_generated
TRG000364,2026-04-16T16:12:00,2026-04,SRC001,code_change,phi_column_classification,OBJ0055,fct_cohorts,models/marts/clinical/fct_cohorts.sql,stg_appointments.device_serial_10,compliance.phi,medium,19,tap_generated
TRG000365,2026-04-25T14:58:00,2026-04,SRC001,code_change,phi_column_classification,OBJ0035,fct_charges,models/marts/rcm/fct_charges.sql,fct_payers.chart_note_excerpt_11,compliance.phi,medium,19,tap_generated
TRG000366,2026-04-04T09:00:00,2026-04,SRC001,code_change,phi_column_classification,OBJ0076,fct_measures,models/marts/quality/fct_measures.sql,fct_writeoffs.emergency_contact_name_8,compliance.phi,low,6,tap_generated
TRG000367,2026-04-18T08:37:00,2026-04,SRC001,code_change,phi_column_classification,OBJ0093,stg_throughput,models/input_layer/stg_throughput.sql,fct_writeoffs.device_serial_10,compliance.phi,low,4,tap_generated
TRG000368,2026-04-05T09:22:00,2026-04,SRC001,code_change,phi_column_classification,OBJ0093,stg_throughput,models/input_layer/stg_throughput.sql,fct_diagnoses.insurance_group_id_12,compliance.phi,low,4,tap_generated
TRG000369,2026-04-22T09:22:00,2026-04,SRC001,code_change,phi_column_classification,OBJ0038,fct_eligibility,models/marts/rcm/fct_eligibility.sql,fct_remittances.policy_number_9,compliance.phi,low,3,tap_generated
TRG000370,2026-04-19T12:56:00,2026-04,SRC001,code_change,phi_column_classification,OBJ0101,stg_service_lines,models/input_layer/stg_service_lines.sql,fct_measures.legal_guardian_name_13,compliance.phi,low,6,tap_generated
TRG000371,2026-04-21T16:11:00,2026-04,SRC001,code_change,phi_column_classification,OBJ0066,fct_diagnoses,models/marts/clinical/fct_diagnoses.sql,fct_diagnoses.dob_year_only_14,compliance.phi,low,1,tap_generated
TRG000372,2026-04-19T14:04:00,2026-04,SRC001,code_change,phi_column_classification,OBJ0046,fct_measures,models/marts/rcm/fct_measures.sql,fct_encounters.geo_lat_rounded_15,compliance.phi,low,3,tap_generated
TRG000373,2026-04-30T17:28:00,2026-04,SRC001,code_change,phi_column_classification,OBJ0123,stg_legacy_extract_5,models/input_layer/stg_legacy_extract_5.sql,fct_admissions.policy_number_9,compliance.phi,low,4,tap_generated
TRG000374,2026-04-23T16:52:00,2026-04,SRC001,code_change,phi_column_classification,OBJ0051,fct_balances,models/marts/rcm/fct_balances.sql,stg_coverage.account_alias_16,compliance.phi,low,4,tap_generated
TRG000375,2026-04-16T09:09:00,2026-04,SRC001,code_change,phi_column_classification,OBJ0134,readmission_rate_30d,models/marts/core/_core_schema.yml,stg_legacy_extract_1.prior_auth_number_17,compliance.phi,medium,18,tap_generated
TRG000376,2026-04-01T17:47:00,2026-04,SRC001,code_change,phi_column_classification,OBJ0076,fct_measures,models/marts/quality/fct_measures.sql,fct_charges.claim_note_text_18,compliance.phi,low,6,tap_generated
TRG000377,2026-04-05T14:04:00,2026-04,SRC001,code_change,phi_column_classification,OBJ0034,fct_writeoffs,models/marts/rcm/fct_writeoffs.sql,fct_discharges.employer_name_19,compliance.phi,high,34,tap_generated
TRG000378,2026-04-27T15:56:00,2026-04,SRC001,code_change,phi_column_classification,OBJ0116,stg_payers,models/input_layer/stg_payers.sql,fct_diagnoses.mrn_alt_20,compliance.phi,low,0,tap_generated
TRG000379,2026-04-27T15:57:00,2026-04,SRC001,code_change,phi_column_classification,OBJ0055,fct_cohorts,models/marts/clinical/fct_cohorts.sql,fct_cohorts.subscriber_ssn_last4_2,compliance.phi,medium,19,tap_generated
TRG000380,2026-04-17T14:11:00,2026-04,SRC001,code_change,phi_column_classification,OBJ0073,fct_encounters,models/marts/clinical/fct_encounters.sql,stg_appointments.guarantor_dob_21,compliance.phi,medium,15,tap_generated
TRG000381,2026-04-05T13:07:00,2026-04,SRC001,code_change,phi_column_classification,OBJ0028,fct_referrals,models/marts/core/fct_referrals.sql,fct_procedures.prior_auth_number_17,compliance.phi,low,0,tap_generated
TRG000382,2026-04-25T11:41:00,2026-04,SRC001,code_change,phi_column_classification,OBJ0047,fct_aging,models/marts/rcm/fct_aging.sql,fct_payers.subscriber_ssn_last4_22,compliance.phi,high,34,tap_generated
TRG000383,2026-04-28T11:23:00,2026-04,SRC001,code_change,phi_column_classification,OBJ0100,stg_discharges,models/input_layer/stg_discharges.sql,fct_throughput.employer_name_19,compliance.phi,low,4,tap_generated
TRG000384,2026-04-21T10:48:00,2026-04,SRC001,code_change,phi_column_classification,OBJ0112,stg_patients,models/input_layer/stg_patients.sql,stg_payers.home_phone_e164_23,compliance.phi,medium,15,tap_generated
TRG000385,2026-04-16T16:22:00,2026-04,SRC001,code_change,phi_column_classification,OBJ0009,fct_providers,models/marts/core/fct_providers.sql,stg_numerators.referring_npi_24,compliance.phi,medium,11,tap_generated
TRG000386,2026-04-15T10:34:00,2026-04,SRC001,code_change,phi_column_classification,OBJ0097,stg_facilities,models/input_layer/stg_facilities.sql,fct_referrals.prior_auth_number_17,compliance.phi,low,3,tap_generated
TRG000387,2026-04-16T14:54:00,2026-04,SRC001,code_change,phi_column_classification,OBJ0026,fct_payers,models/marts/core/fct_payers.sql,stg_admissions.prior_auth_number_17,compliance.phi,low,0,tap_generated
TRG000388,2026-04-27T09:30:00,2026-04,SRC001,code_change,phi_column_classification,OBJ0046,fct_measures,models/marts/rcm/fct_measures.sql,fct_writeoffs.patient_email_hash_25,compliance.phi,low,3,tap_generated
TRG000389,2026-04-11T09:05:00,2026-04,SRC001,code_change,phi_column_classification,OBJ0147,payer_mix_commercial,models/marts/core/_core_schema.yml,fct_coverage.zip_plus_four_26,compliance.phi,high,31,tap_generated
TRG000390,2026-04-26T15:57:00,2026-04,SRC001,code_change,phi_column_classification,OBJ0074,fct_appointments,models/marts/clinical/fct_appointments.sql,fct_exclusions.geo_lat_rounded_15,compliance.phi,medium,15,tap_generated
TRG000391,2026-04-03T15:01:00,2026-04,SRC001,code_change,phi_column_classification,OBJ0119,stg_legacy_extract_1,models/input_layer/stg_legacy_extract_1.sql,stg_coverage.member_id_raw_7,compliance.phi,low,1,tap_generated
TRG000392,2026-04-25T11:33:00,2026-04,SRC001,code_change,phi_column_classification,OBJ0061,fct_adjustments,models/marts/clinical/fct_adjustments.sql,stg_adjustments.guarantor_dob_1,compliance.phi,medium,11,tap_generated
TRG000393,2026-04-03T16:58:00,2026-04,SRC001,code_change,phi_column_classification,OBJ0125,stg_legacy_extract_7,models/input_layer/stg_legacy_extract_7.sql,stg_legacy_extract_2.mrn_alt_20,compliance.phi,low,0,tap_generated
TRG000394,2026-04-08T18:09:00,2026-04,SRC001,code_change,phi_column_classification,OBJ0110,stg_census,models/input_layer/stg_census.sql,stg_denials.member_id_raw_27,compliance.phi,low,2,tap_generated
TRG000395,2026-04-13T08:21:00,2026-04,SRC001,code_change,phi_column_classification,OBJ0040,fct_discharges,models/marts/rcm/fct_discharges.sql,stg_patients.mrn_alt_0,compliance.phi,low,8,tap_generated
TRG000396,2026-04-09T11:16:00,2026-04,SRC001,code_change,phi_column_classification,OBJ0050,fct_census,models/marts/rcm/fct_census.sql,fct_coverage.referring_npi_24,compliance.phi,low,3,tap_generated
TRG000397,2026-04-08T10:17:00,2026-04,SRC001,code_change,phi_column_classification,OBJ0045,fct_authorizations,models/marts/rcm/fct_authorizations.sql,fct_adjustments.emergency_contact_name_28,compliance.phi,low,8,tap_generated
TRG000398,2026-04-24T13:10:00,2026-04,SRC001,code_change,phi_column_classification,OBJ0113,stg_procedures,models/input_layer/stg_procedures.sql,fct_diagnoses.account_alias_16,compliance.phi,low,4,suppressed_low_confidence
TRG000399,2026-04-22T09:13:00,2026-04,SRC001,code_change,phi_column_classification,OBJ0006,fct_diagnoses,models/marts/core/fct_diagnoses.sql,fct_providers.policy_number_29,compliance.phi,low,1,tap_generated
TRG000400,2026-04-02T10:16:00,2026-04,SRC001,code_change,phi_column_classification,OBJ0085,fct_cohorts,models/marts/quality/fct_cohorts.sql,fct_census.device_serial_30,compliance.phi,medium,11,tap_generated
TRG000401,2026-04-27T15:20:00,2026-04,SRC001,code_change,phi_column_classification,OBJ0103,stg_encounters,models/input_layer/stg_encounters.sql,stg_providers.zip_plus_four_26,compliance.phi,low,3,suppressed_rate_limit
TRG000402,2026-04-19T09:50:00,2026-04,SRC001,code_change,phi_column_classification,OBJ0086,fct_payers,models/marts/quality/fct_payers.sql,fct_admissions.chart_note_excerpt_31,compliance.phi,low,3,suppressed_rate_limit
TRG000403,2026-04-13T09:03:00,2026-04,SRC001,code_change,phi_column_classification,OBJ0141,hcahps_top_box,models/marts/core/_core_schema.yml,fct_adjustments.insurance_group_id_32,compliance.phi,low,3,tap_generated
TRG000404,2026-04-26T12:41:00,2026-04,SRC001,code_change,phi_column_classification,OBJ0040,fct_discharges,models/marts/rcm/fct_discharges.sql,stg_legacy_extract_2.legal_guardian_name_33,compliance.phi,low,8,tap_generated
TRG000405,2026-04-30T10:46:00,2026-04,SRC001,code_change,phi_column_classification,OBJ0059,fct_numerators,models/marts/clinical/fct_numerators.sql,stg_measures.dob_year_only_34,compliance.phi,medium,11,tap_generated
TRG000406,2026-04-10T14:34:00,2026-04,SRC001,code_change,phi_column_classification,OBJ0099,stg_providers,models/input_layer/stg_providers.sql,stg_admissions.zip_plus_four_6,compliance.phi,medium,11,tap_generated
TRG000407,2026-04-27T12:51:00,2026-04,SRC001,code_change,phi_column_classification,OBJ0090,stg_claims,models/input_layer/stg_claims.sql,fct_eligibility.geo_lat_rounded_35,compliance.phi,low,3,tap_generated
TRG000408,2026-04-20T09:37:00,2026-04,SRC001,code_change,phi_column_classification,OBJ0081,fct_balances,models/marts/quality/fct_balances.sql,stg_legacy_extract_1.patient_email_hash_5,compliance.phi,low,1,tap_generated
TRG000409,2026-04-12T14:13:00,2026-04,SRC001,code_change,phi_column_classification,OBJ0064,fct_writeoffs,models/marts/clinical/fct_writeoffs.sql,stg_discharges.account_alias_36,compliance.phi,low,6,tap_generated
TRG000410,2026-04-16T13:03:00,2026-04,SRC001,code_change,phi_column_classification,OBJ0046,fct_measures,models/marts/rcm/fct_measures.sql,fct_encounters.prior_auth_number_37,compliance.phi,low,3,tap_generated
TRG000411,2026-04-07T09:28:00,2026-04,SRC001,code_change,phi_column_classification,OBJ0051,fct_balances,models/marts/rcm/fct_balances.sql,fct_payers.claim_note_text_38,compliance.phi,low,4,tap_generated
TRG000412,2026-04-08T16:09:00,2026-04,SRC001,code_change,phi_column_classification,OBJ0098,stg_eligibility,models/input_layer/stg_eligibility.sql,fct_aging.employer_name_39,compliance.phi,high,34,tap_generated
TRG000413,2026-04-07T09:11:00,2026-04,SRC001,code_change,phi_column_classification,OBJ0049,fct_coverage,models/marts/rcm/fct_coverage.sql,fct_facilities.mrn_alt_40,compliance.phi,high,34,tap_generated
TRG000414,2026-04-23T08:34:00,2026-04,SRC001,code_change,phi_column_classification,OBJ0088,fct_referrals,models/marts/quality/fct_referrals.sql,fct_providers.home_phone_e164_3,compliance.phi,low,1,tap_generated
TRG000415,2026-04-01T10:07:00,2026-04,SRC001,code_change,phi_column_classification,OBJ0037,fct_facilities,models/marts/rcm/fct_facilities.sql,fct_diagnoses.guarantor_dob_41,compliance.phi,medium,15,tap_generated
TRG000416,2026-04-15T12:51:00,2026-04,SRC001,code_change,phi_column_classification,OBJ0018,fct_denials,models/marts/core/fct_denials.sql,fct_service_lines.subscriber_ssn_last4_42,compliance.phi,low,1,tap_generated
TRG000417,2026-04-10T09:07:00,2026-04,SRC001,code_change,phi_column_classification,OBJ0150,epic_clarity,models/input_layer/_input_layer_sources.yml,fct_remittances.emergency_contact_name_8,compliance.phi,medium,12,tap_generated
TRG000418,2026-04-28T14:19:00,2026-04,SRC001,code_change,phi_column_classification,OBJ0012,fct_exclusions,models/marts/core/fct_exclusions.sql,stg_encounters.subscriber_ssn_last4_2,compliance.phi,low,0,tap_generated
TRG000419,2026-04-06T10:24:00,2026-04,SRC001,code_change,phi_column_classification,OBJ0074,fct_appointments,models/marts/clinical/fct_appointments.sql,fct_patients.home_phone_e164_43,compliance.phi,medium,15,tap_generated
TRG000420,2026-04-20T13:28:00,2026-04,SRC001,code_change,phi_column_classification,OBJ0010,fct_discharges,models/marts/core/fct_discharges.sql,fct_denials.referring_npi_44,compliance.phi,medium,11,tap_generated
TRG000421,2026-04-01T08:19:00,2026-04,SRC001,code_change,phi_column_classification,OBJ0150,epic_clarity,models/input_layer/_input_layer_sources.yml,fct_appointments.prior_auth_number_17,compliance.phi,medium,12,tap_generated
TRG000422,2026-04-30T12:25:00,2026-04,SRC001,code_change,phi_column_classification,OBJ0103,stg_encounters,models/input_layer/stg_encounters.sql,stg_cohorts.patient_email_hash_45,compliance.phi,low,3,tap_generated
TRG000423,2026-04-04T08:23:00,2026-04,SRC001,code_change,phi_column_classification,OBJ0046,fct_measures,models/marts/rcm/fct_measures.sql,stg_remittances.zip_plus_four_46,compliance.phi,low,3,tap_generated
TRG000424,2026-04-03T18:16:00,2026-04,SRC001,code_change,phi_column_classification,OBJ0159,redox_hl7,models/input_layer/_input_layer_sources.yml,fct_adjustments.member_id_raw_47,compliance.phi,low,3,tap_generated
TRG000425,2026-04-09T12:52:00,2026-04,SRC001,code_change,phi_column_classification,OBJ0159,redox_hl7,models/input_layer/_input_layer_sources.yml,fct_encounters.geo_lat_rounded_35,compliance.phi,low,3,tap_generated
TRG000426,2026-04-01T13:45:00,2026-04,SRC001,code_change,phi_column_classification,OBJ0020,fct_census,models/marts/core/fct_census.sql,fct_payers.emergency_contact_name_48,compliance.phi,low,1,tap_generated
TRG000427,2026-04-25T18:33:00,2026-04,SRC001,code_change,phi_column_classification,OBJ0120,stg_legacy_extract_2,models/input_layer/stg_legacy_extract_2.sql,fct_denials.mrn_alt_0,compliance.phi,low,2,tap_generated
TRG000428,2026-04-10T15:54:00,2026-04,SRC001,code_change,phi_column_classification,OBJ0100,stg_discharges,models/input_layer/stg_discharges.sql,fct_diagnoses.patient_email_hash_5,compliance.phi,low,4,tap_generated
TRG000429,2026-04-22T13:09:00,2026-04,SRC001,code_change,phi_column_classification,OBJ0103,stg_encounters,models/input_layer/stg_encounters.sql,fct_diagnoses.policy_number_49,compliance.phi,low,3,tap_generated
TRG000430,2026-04-12T11:27:00,2026-04,SRC001,code_change,phi_column_classification,OBJ0099,stg_providers,models/input_layer/stg_providers.sql,stg_service_lines.device_serial_50,compliance.phi,medium,11,tap_generated
TRG000431,2026-04-25T10:58:00,2026-04,SRC001,code_change,phi_column_classification,OBJ0131,first_pass_yield,models/marts/core/_core_schema.yml,fct_coverage.chart_note_excerpt_51,compliance.phi,low,3,tap_generated
TRG000432,2026-04-22T09:25:00,2026-04,SRC001,code_change,phi_column_classification,OBJ0127,gross_charges,models/marts/core/_core_schema.yml,stg_authorizations.insurance_group_id_52,compliance.phi,medium,18,tap_generated
TRG000433,2026-04-14T16:01:00,2026-04,SRC001,code_change,phi_column_classification,OBJ0061,fct_adjustments,models/marts/clinical/fct_adjustments.sql,fct_throughput.patient_email_hash_45,compliance.phi,medium,11,suppressed_rate_limit
TRG000434,2026-04-21T09:32:00,2026-04,SRC001,code_change,phi_column_classification,OBJ0159,redox_hl7,models/input_layer/_input_layer_sources.yml,fct_census.legal_guardian_name_53,compliance.phi,low,3,tap_generated
TRG000435,2026-04-04T07:42:00,2026-04,SRC001,code_change,phi_column_classification,OBJ0150,epic_clarity,models/input_layer/_input_layer_sources.yml,fct_numerators.dob_year_only_54,compliance.phi,medium,12,tap_generated
TRG000436,2026-04-26T15:41:00,2026-04,SRC001,code_change,phi_column_classification,OBJ0061,fct_adjustments,models/marts/clinical/fct_adjustments.sql,fct_referrals.geo_lat_rounded_55,compliance.phi,medium,11,tap_generated
TRG000437,2026-04-07T12:27:00,2026-04,SRC001,code_change,phi_column_classification,OBJ0044,fct_appointments,models/marts/rcm/fct_appointments.sql,stg_remittances.account_alias_56,compliance.phi,low,0,tap_generated
TRG000438,2026-04-15T11:23:00,2026-04,SRC001,code_change,phi_column_classification,OBJ0095,stg_charges,models/input_layer/stg_charges.sql,fct_measures.guarantor_dob_21,compliance.phi,medium,11,tap_generated
TRG000439,2026-04-12T17:14:00,2026-04,SRC001,code_change,phi_column_classification,OBJ0026,fct_payers,models/marts/core/fct_payers.sql,fct_measures.legal_guardian_name_13,compliance.phi,low,0,suppressed_dedupe
TRG000440,2026-04-23T14:04:00,2026-04,SRC001,code_change,phi_column_classification,OBJ0154,press_ganey,models/input_layer/_input_layer_sources.yml,stg_diagnoses.mrn_alt_20,compliance.phi,medium,12,tap_generated
TRG000441,2026-04-28T13:12:00,2026-04,SRC001,code_change,phi_column_classification,OBJ0101,stg_service_lines,models/input_layer/stg_service_lines.sql,stg_coverage.guarantor_dob_1,compliance.phi,low,6,tap_generated
TRG000442,2026-04-18T09:22:00,2026-04,SRC001,code_change,phi_column_classification,OBJ0155,kronos_staffing,models/input_layer/_input_layer_sources.yml,fct_diagnoses.dob_year_only_34,compliance.phi,low,3,tap_generated
TRG000443,2026-04-30T15:00:00,2026-04,SRC001,code_change,phi_column_classification,OBJ0037,fct_facilities,models/marts/rcm/fct_facilities.sql,fct_adjustments.dob_year_only_14,compliance.phi,medium,15,tap_generated
TRG000444,2026-04-04T11:06:00,2026-04,SRC001,code_change,phi_column_classification,OBJ0134,readmission_rate_30d,models/marts/core/_core_schema.yml,fct_referrals.prior_auth_number_57,compliance.phi,medium,18,tap_generated
TRG000445,2026-04-20T09:32:00,2026-04,SRC001,code_change,phi_column_classification,OBJ0081,fct_balances,models/marts/quality/fct_balances.sql,fct_balances.claim_note_text_58,compliance.phi,low,1,tap_generated
TRG000446,2026-04-23T10:07:00,2026-04,SRC001,code_change,phi_column_classification,OBJ0013,fct_encounters,models/marts/core/fct_encounters.sql,fct_diagnoses.policy_number_29,compliance.phi,low,1,tap_generated
TRG000447,2026-04-28T11:22:00,2026-04,SRC001,code_change,phi_column_classification,OBJ0011,fct_service_lines,models/marts/core/fct_service_lines.sql,fct_diagnoses.employer_name_59,compliance.phi,low,4,tap_generated
TRG000448,2026-04-17T11:11:00,2026-04,SRC001,code_change,phi_column_classification,OBJ0028,fct_referrals,models/marts/core/fct_referrals.sql,fct_charges.mrn_alt_60,compliance.phi,low,0,tap_generated
TRG000449,2026-04-12T08:45:00,2026-04,SRC001,code_change,phi_column_classification,OBJ0091,stg_adjustments,models/input_layer/stg_adjustments.sql,fct_patients.geo_lat_rounded_55,compliance.phi,low,3,tap_generated
TRG000450,2026-04-14T11:28:00,2026-04,SRC001,code_change,phi_column_classification,OBJ0008,fct_eligibility,models/marts/core/fct_eligibility.sql,fct_discharges.guarantor_dob_61,compliance.phi,medium,15,tap_generated
TRG000451,2026-04-20T07:32:00,2026-04,SRC001,code_change,phi_column_classification,OBJ0152,waystar_claims,models/input_layer/_input_layer_sources.yml,stg_departments.chart_note_excerpt_31,compliance.phi,low,9,tap_generated
TRG000452,2026-04-19T16:08:00,2026-04,SRC001,code_change,phi_column_classification,OBJ0123,stg_legacy_extract_5,models/input_layer/stg_legacy_extract_5.sql,fct_facilities.subscriber_ssn_last4_62,compliance.phi,low,4,tap_generated
TRG000453,2026-04-20T12:22:00,2026-04,SRC001,code_change,phi_column_classification,OBJ0092,stg_remittances,models/input_layer/stg_remittances.sql,fct_throughput.home_phone_e164_63,compliance.phi,medium,19,tap_generated
TRG000454,2026-04-17T12:19:00,2026-04,SRC001,code_change,phi_column_classification,OBJ0043,fct_encounters,models/marts/rcm/fct_encounters.sql,fct_admissions.mrn_alt_40,compliance.phi,medium,11,tap_generated
TRG000455,2026-04-18T15:33:00,2026-04,SRC001,code_change,phi_column_classification,OBJ0007,fct_facilities,models/marts/core/fct_facilities.sql,fct_diagnoses.referring_npi_64,compliance.phi,low,1,tap_generated
TRG000456,2026-04-15T12:22:00,2026-04,SRC001,code_change,phi_column_classification,OBJ0138,hedis_bcs_compliance,models/marts/core/_core_schema.yml,fct_balances.geo_lat_rounded_35,compliance.phi,high,31,tap_generated
TRG000457,2026-04-25T08:00:00,2026-04,SRC001,code_change,phi_column_classification,OBJ0004,fct_writeoffs,models/marts/core/fct_writeoffs.sql,stg_legacy_extract_6.patient_email_hash_65,compliance.phi,low,0,tap_generated
TRG000458,2026-04-03T09:15:00,2026-04,SRC001,code_change,phi_column_classification,OBJ0044,fct_appointments,models/marts/rcm/fct_appointments.sql,stg_appointments.zip_plus_four_66,compliance.phi,low,0,tap_generated
TRG000459,2026-04-28T14:55:00,2026-04,SRC001,code_change,phi_column_classification,OBJ0029,fct_numerators,models/marts/rcm/fct_numerators.sql,fct_charges.home_phone_e164_3,compliance.phi,low,4,tap_generated
TRG000460,2026-04-04T13:21:00,2026-04,SRC001,code_change,phi_column_classification,OBJ0028,fct_referrals,models/marts/core/fct_referrals.sql,stg_legacy_extract_5.referring_npi_44,compliance.phi,low,0,tap_generated
TRG000461,2026-04-09T11:14:00,2026-04,SRC001,code_change,phi_column_classification,OBJ0125,stg_legacy_extract_7,models/input_layer/stg_legacy_extract_7.sql,stg_census.member_id_raw_67,compliance.phi,low,0,tap_generated
TRG000462,2026-04-04T09:13:00,2026-04,SRC001,code_change,phi_column_classification,OBJ0027,fct_admissions,models/marts/core/fct_admissions.sql,fct_patients.emergency_contact_name_68,compliance.phi,low,1,tap_generated
TRG000463,2026-04-13T15:28:00,2026-04,SRC001,code_change,phi_column_classification,OBJ0135,ed_left_without_being_seen,models/marts/core/_core_schema.yml,fct_admissions.policy_number_69,compliance.phi,high,31,tap_generated
TRG000464,2026-04-15T09:08:00,2026-04,SRC001,code_change,phi_column_classification,OBJ0050,fct_census,models/marts/rcm/fct_census.sql,fct_referrals.policy_number_9,compliance.phi,low,3,tap_generated
TRG000465,2026-04-30T14:38:00,2026-04,SRC001,code_change,phi_column_classification,OBJ0107,stg_aging,models/input_layer/stg_aging.sql,fct_measures.device_serial_70,compliance.phi,low,3,tap_generated
TRG000466,2026-04-06T10:37:00,2026-04,SRC001,code_change,phi_column_classification,OBJ0105,stg_authorizations,models/input_layer/stg_authorizations.sql,stg_patients.chart_note_excerpt_71,compliance.phi,high,34,tap_generated
TRG000467,2026-04-18T09:34:00,2026-04,SRC001,code_change,phi_column_classification,OBJ0069,fct_providers,models/marts/clinical/fct_providers.sql,fct_providers.insurance_group_id_72,compliance.phi,high,34,tap_generated
TRG000468,2026-04-09T08:02:00,2026-04,SRC001,code_change,phi_column_classification,OBJ0076,fct_measures,models/marts/quality/fct_measures.sql,stg_procedures.legal_guardian_name_73,compliance.phi,low,6,tap_generated
TRG000469,2026-04-13T14:49:00,2026-04,SRC001,code_change,phi_column_classification,OBJ0007,fct_facilities,models/marts/core/fct_facilities.sql,fct_procedures.dob_year_only_74,compliance.phi,low,1,suppressed_rate_limit
TRG000470,2026-04-28T10:30:00,2026-04,SRC001,code_change,phi_column_classification,OBJ0160,labcorp_results,models/input_layer/_input_layer_sources.yml,fct_patients.geo_lat_rounded_75,compliance.phi,medium,21,tap_generated
TRG000471,2026-04-02T16:30:00,2026-04,SRC001,code_change,phi_column_classification,OBJ0156,lawson_gl,models/input_layer/_input_layer_sources.yml,stg_legacy_extract_7.account_alias_16,compliance.phi,medium,21,tap_generated
TRG000472,2026-04-18T11:05:00,2026-04,SRC001,code_change,phi_column_classification,OBJ0042,fct_exclusions,models/marts/rcm/fct_exclusions.sql,fct_encounters.account_alias_76,compliance.phi,low,8,tap_generated
TRG000473,2026-04-05T11:03:00,2026-04,SRC001,code_change,phi_column_classification,OBJ0078,fct_denials,models/marts/quality/fct_denials.sql,stg_legacy_extract_6.prior_auth_number_77,compliance.phi,low,3,tap_generated
TRG000474,2026-04-11T12:47:00,2026-04,SRC001,code_change,phi_column_classification,OBJ0116,stg_payers,models/input_layer/stg_payers.sql,fct_eligibility.claim_note_text_78,compliance.phi,low,0,tap_generated
TRG000475,2026-04-05T09:56:00,2026-04,SRC001,code_change,phi_column_classification,OBJ0075,fct_authorizations,models/marts/quality/fct_authorizations.sql,fct_encounters.employer_name_79,compliance.phi,high,34,tap_generated
TRG000476,2026-04-06T13:57:00,2026-04,SRC001,code_change,phi_column_classification,OBJ0147,payer_mix_commercial,models/marts/core/_core_schema.yml,fct_exclusions.mrn_alt_80,compliance.phi,high,31,tap_generated
TRG000477,2026-04-11T13:16:00,2026-04,SRC001,code_change,phi_column_classification,OBJ0109,stg_coverage,models/input_layer/stg_coverage.sql,stg_facilities.guarantor_dob_81,compliance.phi,low,6,tap_generated
TRG000478,2026-04-21T15:20:00,2026-04,SRC001,code_change,phi_column_classification,OBJ0040,fct_discharges,models/marts/rcm/fct_discharges.sql,fct_coverage.emergency_contact_name_48,compliance.phi,low,8,tap_generated
TRG000479,2026-04-23T10:13:00,2026-04,SRC001,code_change,phi_column_classification,OBJ0011,fct_service_lines,models/marts/core/fct_service_lines.sql,stg_exclusions.subscriber_ssn_last4_82,compliance.phi,low,4,tap_generated
TRG000480,2026-04-20T11:54:00,2026-04,SRC001,code_change,phi_column_classification,OBJ0069,fct_providers,models/marts/clinical/fct_providers.sql,fct_discharges.home_phone_e164_83,compliance.phi,high,34,tap_generated
TRG000481,2026-04-14T08:59:00,2026-04,SRC001,code_change,phi_column_classification,OBJ0144,charge_lag_days,models/marts/core/_core_schema.yml,fct_charges.referring_npi_84,compliance.phi,low,2,tap_generated
TRG000482,2026-04-26T09:48:00,2026-04,SRC001,code_change,phi_column_classification,OBJ0057,fct_admissions,models/marts/clinical/fct_admissions.sql,fct_eligibility.patient_email_hash_85,compliance.phi,low,4,tap_generated
TRG000483,2026-04-06T10:05:00,2026-04,SRC001,code_change,phi_column_classification,OBJ0032,fct_remittances,models/marts/rcm/fct_remittances.sql,fct_patients.zip_plus_four_86,compliance.phi,medium,11,tap_generated
TRG000484,2026-04-09T16:32:00,2026-04,SRC001,code_change,phi_column_classification,OBJ0072,fct_exclusions,models/marts/clinical/fct_exclusions.sql,stg_measures.member_id_raw_87,compliance.phi,low,0,tap_generated
TRG000485,2026-04-23T12:45:00,2026-04,SRC001,code_change,phi_column_classification,OBJ0054,fct_departments,models/marts/clinical/fct_departments.sql,stg_legacy_extract_1.emergency_contact_name_88,compliance.phi,medium,19,tap_generated
TRG000486,2026-04-30T08:55:00,2026-04,SRC001,code_change,phi_column_classification,OBJ0122,stg_legacy_extract_4,models/input_layer/stg_legacy_extract_4.sql,fct_remittances.policy_number_89,compliance.phi,low,0,tap_generated
TRG000487,2026-04-27T11:25:00,2026-04,SRC001,code_change,phi_column_classification,OBJ0132,clean_claim_rate,models/marts/core/_core_schema.yml,stg_appointments.device_serial_90,compliance.phi,high,25,tap_generated
TRG000488,2026-04-28T07:57:00,2026-04,SRC001,code_change,phi_column_classification,OBJ0129,days_in_ar,models/marts/core/_core_schema.yml,fct_denials.patient_email_hash_45,compliance.phi,medium,12,tap_generated
TRG000489,2026-04-03T08:45:00,2026-04,SRC001,code_change,phi_column_classification,OBJ0147,payer_mix_commercial,models/marts/core/_core_schema.yml,fct_providers.chart_note_excerpt_91,compliance.phi,high,31,tap_generated
TRG000490,2026-04-21T16:08:00,2026-04,SRC001,code_change,phi_column_classification,OBJ0013,fct_encounters,models/marts/core/fct_encounters.sql,stg_diagnoses.insurance_group_id_92,compliance.phi,low,1,tap_generated
TRG000491,2026-04-20T16:38:00,2026-04,SRC001,code_change,phi_column_classification,OBJ0123,stg_legacy_extract_5,models/input_layer/stg_legacy_extract_5.sql,fct_diagnoses.legal_guardian_name_93,compliance.phi,low,4,tap_generated
TRG000492,2026-04-18T10:41:00,2026-04,SRC001,code_change,phi_column_classification,OBJ0098,stg_eligibility,models/input_layer/stg_eligibility.sql,fct_departments.dob_year_only_94,compliance.phi,high,34,tap_generated
TRG000493,2026-04-10T07:20:00,2026-04,SRC001,code_change,phi_column_classification,OBJ0103,stg_encounters,models/input_layer/stg_encounters.sql,fct_facilities.geo_lat_rounded_95,compliance.phi,low,3,tap_generated
TRG000494,2026-04-04T11:44:00,2026-04,SRC001,code_change,phi_column_classification,OBJ0049,fct_coverage,models/marts/rcm/fct_coverage.sql,stg_legacy_extract_4.account_alias_16,compliance.phi,high,34,tap_generated
TRG000495,2026-04-15T09:56:00,2026-04,SRC001,code_change,phi_column_classification,OBJ0030,fct_claims,models/marts/rcm/fct_claims.sql,stg_cohorts.account_alias_96,compliance.phi,low,3,tap_generated
TRG000496,2026-04-07T13:11:00,2026-04,SRC001,code_change,phi_column_classification,OBJ0087,fct_admissions,models/marts/quality/fct_admissions.sql,fct_diagnoses.employer_name_79,compliance.phi,low,3,tap_generated
TRG000497,2026-04-10T15:05:00,2026-04,SRC001,code_change,phi_column_classification,OBJ0114,stg_departments,models/input_layer/stg_departments.sql,fct_throughput.prior_auth_number_97,compliance.phi,low,0,tap_generated
TRG000498,2026-04-03T15:52:00,2026-04,SRC001,code_change,phi_column_classification,OBJ0118,stg_referrals,models/input_layer/stg_referrals.sql,stg_census.claim_note_text_98,compliance.phi,low,0,tap_generated
TRG000499,2026-04-13T15:57:00,2026-04,SRC001,code_change,phi_column_classification,OBJ0093,stg_throughput,models/input_layer/stg_throughput.sql,fct_facilities.employer_name_99,compliance.phi,low,4,suppressed_low_confidence
TRG000500,2026-04-24T14:37:00,2026-04,SRC001,code_change,phi_column_classification,OBJ0030,fct_claims,models/marts/rcm/fct_claims.sql,fct_balances.mrn_alt_100,compliance.phi,low,3,tap_generated
TRG000501,2026-04-12T14:55:00,2026-04,SRC001,code_change,phi_column_classification,OBJ0028,fct_referrals,models/marts/core/fct_referrals.sql,fct_patients.legal_guardian_name_53,compliance.phi,low,0,tap_generated
TRG000502,2026-04-19T09:40:00,2026-04,SRC001,code_change,phi_column_classification,OBJ0042,fct_exclusions,models/marts/rcm/fct_exclusions.sql,fct_charges.guarantor_dob_101,compliance.phi,low,8,tap_generated
TRG000503,2026-04-01T11:06:00,2026-04,SRC001,code_change,phi_column_classification,OBJ0101,stg_service_lines,models/input_layer/stg_service_lines.sql,fct_claims.subscriber_ssn_last4_102,compliance.phi,low,6,tap_generated
TRG000504,2026-04-29T14:13:00,2026-04,SRC001,code_change,phi_column_classification,OBJ0096,stg_diagnoses,models/input_layer/stg_diagnoses.sql,fct_appointments.home_phone_e164_103,compliance.phi,low,2,suppressed_rate_limit
TRG000505,2026-04-10T16:11:00,2026-04,SRC001,code_change,phi_column_classification,OBJ0061,fct_adjustments,models/marts/clinical/fct_adjustments.sql,fct_appointments.mrn_alt_40,compliance.phi,medium,11,tap_generated
TRG000506,2026-04-28T11:51:00,2026-04,SRC001,code_change,phi_column_classification,OBJ0157,salesforce_referrals,models/input_layer/_input_layer_sources.yml,fct_service_lines.referring_npi_104,compliance.phi,low,3,tap_generated
TRG000507,2026-04-11T08:15:00,2026-04,SRC001,code_change,phi_column_classification,OBJ0109,stg_coverage,models/input_layer/stg_coverage.sql,stg_legacy_extract_3.policy_number_89,compliance.phi,low,6,tap_generated
TRG000508,2026-04-14T13:53:00,2026-04,SRC001,code_change,phi_column_classification,OBJ0143,referral_conversion,models/marts/core/_core_schema.yml,fct_claims.patient_email_hash_105,compliance.phi,low,4,tap_generated
TRG000509,2026-04-16T18:08:00,2026-04,SRC001,code_change,phi_column_classification,OBJ0118,stg_referrals,models/input_layer/stg_referrals.sql,fct_patients.zip_plus_four_106,compliance.phi,low,0,tap_generated
TRG000510,2026-04-20T14:32:00,2026-04,SRC001,code_change,phi_column_classification,OBJ0097,stg_facilities,models/input_layer/stg_facilities.sql,stg_departments.member_id_raw_107,compliance.phi,low,3,tap_generated
TRG000511,2026-04-15T13:01:00,2026-04,SRC001,code_change,phi_column_classification,OBJ0127,gross_charges,models/marts/core/_core_schema.yml,fct_balances.emergency_contact_name_108,compliance.phi,medium,18,tap_generated
TRG000512,2026-04-18T10:20:00,2026-04,SRC001,code_change,phi_column_classification,OBJ0001,fct_adjustments,models/marts/core/fct_adjustments.sql,fct_departments.policy_number_109,compliance.phi,low,2,tap_generated
TRG000513,2026-04-21T18:33:00,2026-04,SRC001,code_change,phi_column_classification,OBJ0094,stg_writeoffs,models/input_layer/stg_writeoffs.sql,fct_eligibility.device_serial_110,compliance.phi,low,4,tap_generated
TRG000514,2026-04-10T09:49:00,2026-04,SRC001,code_change,phi_column_classification,OBJ0148,encounters_per_provider_day,models/marts/core/_core_schema.yml,fct_payers.chart_note_excerpt_111,compliance.phi,high,31,tap_generated
TRG000515,2026-04-30T14:48:00,2026-04,SRC001,code_change,phi_column_classification,OBJ0041,fct_service_lines,models/marts/rcm/fct_service_lines.sql,fct_departments.insurance_group_id_112,compliance.phi,medium,19,tap_generated
TRG000516,2026-04-11T17:57:00,2026-04,SRC001,code_change,phi_column_classification,OBJ0021,fct_balances,models/marts/core/fct_balances.sql,stg_throughput.legal_guardian_name_113,compliance.phi,medium,11,tap_generated
TRG000517,2026-04-11T15:53:00,2026-04,SRC001,code_change,phi_column_classification,OBJ0030,fct_claims,models/marts/rcm/fct_claims.sql,fct_authorizations.dob_year_only_114,compliance.phi,low,3,tap_generated
TRG000518,2026-04-11T13:39:00,2026-04,SRC001,code_change,phi_column_classification,OBJ0024,fct_departments,models/marts/core/fct_departments.sql,fct_throughput.geo_lat_rounded_115,compliance.phi,high,26,tap_generated
TRG000519,2026-04-20T17:08:00,2026-04,SRC001,code_change,phi_column_classification,OBJ0081,fct_balances,models/marts/quality/fct_balances.sql,fct_measures.account_alias_116,compliance.phi,low,1,tap_generated
TRG000520,2026-04-11T12:05:00,2026-04,SRC001,code_change,phi_column_classification,OBJ0088,fct_referrals,models/marts/quality/fct_referrals.sql,fct_appointments.policy_number_29,compliance.phi,low,1,tap_generated
TRG000521,2026-04-19T10:03:00,2026-04,SRC001,code_change,phi_column_classification,OBJ0032,fct_remittances,models/marts/rcm/fct_remittances.sql,fct_procedures.subscriber_ssn_last4_82,compliance.phi,medium,11,tap_generated
TRG000522,2026-04-19T16:06:00,2026-04,SRC001,code_change,revenue_definition_change,OBJ0127,gross_charges,models/marts/core/_core_schema.yml,net_patient_revenue|0,finance.revenue,medium,18,tap_generated
TRG000523,2026-04-08T10:58:00,2026-04,SRC001,code_change,revenue_definition_change,OBJ0130,denial_rate,models/marts/core/_core_schema.yml,net_patient_revenue|0,finance.revenue,high,31,suppressed_dedupe
TRG000524,2026-04-16T09:57:00,2026-04,SRC001,code_change,revenue_definition_change,OBJ0020,fct_census,models/marts/core/fct_census.sql,net_patient_revenue|0,finance.revenue,low,1,suppressed_dedupe
TRG000525,2026-04-15T09:28:00,2026-04,SRC001,code_change,revenue_definition_change,OBJ0003,fct_throughput,models/marts/core/fct_throughput.sql,net_patient_revenue|0,finance.revenue,medium,11,suppressed_dedupe
TRG000526,2026-04-23T13:01:00,2026-04,SRC001,code_change,revenue_definition_change,OBJ0014,fct_appointments,models/marts/core/fct_appointments.sql,net_patient_revenue|0,finance.revenue,low,6,suppressed_dedupe
TRG000527,2026-04-12T18:13:00,2026-04,SRC001,code_change,revenue_definition_change,OBJ0027,fct_admissions,models/marts/core/fct_admissions.sql,net_patient_revenue|0,finance.revenue,low,1,suppressed_dedupe
TRG000528,2026-04-17T08:51:00,2026-04,SRC001,code_change,revenue_definition_change,OBJ0126,net_patient_revenue,models/marts/core/_core_schema.yml,net_patient_revenue|0,finance.revenue,medium,18,suppressed_dedupe
TRG000529,2026-04-23T12:01:00,2026-04,SRC001,code_change,revenue_definition_change,OBJ0020,fct_census,models/marts/core/fct_census.sql,gross_charges|0,finance.revenue,low,1,tap_generated
TRG000530,2026-04-25T09:30:00,2026-04,SRC001,code_change,revenue_definition_change,OBJ0026,fct_payers,models/marts/core/fct_payers.sql,contractual_allowance|0,finance.revenue,low,0,tap_generated
TRG000531,2026-04-03T09:16:00,2026-04,SRC001,code_change,revenue_definition_change,OBJ0021,fct_balances,models/marts/core/fct_balances.sql,net_patient_revenue|0,finance.revenue,medium,11,suppressed_dedupe
TRG000532,2026-04-30T11:59:00,2026-04,SRC001,code_change,revenue_definition_change,OBJ0005,fct_charges,models/marts/core/fct_charges.sql,days_in_ar|0,finance.revenue,low,1,tap_generated
TRG000533,2026-04-05T08:14:00,2026-04,SRC001,code_change,revenue_definition_change,OBJ0128,contractual_allowance,models/marts/core/_core_schema.yml,denial_rate|0,finance.revenue,low,6,tap_generated
TRG000534,2026-05-27T11:12:00,2026-05,SRC001,anomaly,denial_reason_classification,OBJ0049,fct_coverage,models/marts/rcm/fct_coverage.sql,UnitedHealthcare|CO-11,rcm.denials,high,34,tap_generated
TRG000535,2026-05-17T14:53:00,2026-05,SRC001,anomaly,denial_reason_classification,OBJ0045,fct_authorizations,models/marts/rcm/fct_authorizations.sql,UnitedHealthcare|CO-45,rcm.denials,low,8,suppressed_dedupe
TRG000536,2026-05-25T08:11:00,2026-05,SRC001,anomaly,denial_reason_classification,OBJ0040,fct_discharges,models/marts/rcm/fct_discharges.sql,BCBS Michigan|CO-11,rcm.denials,low,8,tap_generated
TRG000537,2026-05-28T10:49:00,2026-05,SRC001,anomaly,denial_reason_classification,OBJ0034,fct_writeoffs,models/marts/rcm/fct_writeoffs.sql,Cigna|CO-11,rcm.denials,high,34,tap_generated
TRG000538,2026-05-17T17:15:00,2026-05,SRC001,anomaly,denial_reason_classification,OBJ0040,fct_discharges,models/marts/rcm/fct_discharges.sql,Tricare|CO-29,rcm.denials,low,8,suppressed_dedupe
TRG000539,2026-05-15T10:52:00,2026-05,SRC001,anomaly,denial_reason_classification,OBJ0052,fct_patients,models/marts/rcm/fct_patients.sql,Aetna|CO-29,rcm.denials,medium,11,suppressed_dedupe
TRG000540,2026-05-01T16:58:00,2026-05,SRC001,anomaly,denial_reason_classification,OBJ0046,fct_measures,models/marts/rcm/fct_measures.sql,Humana|CO-11,rcm.denials,low,3,tap_generated
TRG000541,2026-05-05T09:36:00,2026-05,SRC001,anomaly,denial_reason_classification,OBJ0031,fct_adjustments,models/marts/rcm/fct_adjustments.sql,Medicare Part A|CO-11,rcm.denials,low,2,tap_generated
TRG000542,2026-05-09T13:04:00,2026-05,SRC001,anomaly,denial_reason_classification,OBJ0034,fct_writeoffs,models/marts/rcm/fct_writeoffs.sql,Medicare Part A|CO-151,rcm.denials,high,34,suppressed_dedupe
TRG000543,2026-05-07T15:31:00,2026-05,SRC001,anomaly,denial_reason_classification,OBJ0036,fct_diagnoses,models/marts/rcm/fct_diagnoses.sql,Medicaid MI|CO-11,rcm.denials,low,0,tap_generated
TRG000544,2026-05-25T16:13:00,2026-05,SRC001,anomaly,denial_reason_classification,OBJ0031,fct_adjustments,models/marts/rcm/fct_adjustments.sql,Priority Health|CO-45,rcm.denials,low,2,suppressed_dedupe
TRG000545,2026-05-20T18:27:00,2026-05,SRC001,anomaly,denial_reason_classification,OBJ0035,fct_charges,models/marts/rcm/fct_charges.sql,Medicare Part A|CO-197,rcm.denials,medium,19,suppressed_dedupe
TRG000546,2026-05-20T11:08:00,2026-05,SRC001,anomaly,denial_reason_classification,OBJ0046,fct_measures,models/marts/rcm/fct_measures.sql,Priority Health|CO-11,rcm.denials,low,3,suppressed_low_confidence
TRG000547,2026-05-17T16:28:00,2026-05,SRC001,anomaly,denial_reason_classification,OBJ0050,fct_census,models/marts/rcm/fct_census.sql,BCBS Michigan|CO-197,rcm.denials,low,3,suppressed_dedupe
TRG000548,2026-05-17T17:04:00,2026-05,SRC001,anomaly,denial_reason_classification,OBJ0033,fct_throughput,models/marts/rcm/fct_throughput.sql,Molina|CO-11,rcm.denials,low,1,tap_generated
TRG000549,2026-05-11T14:04:00,2026-05,SRC001,anomaly,denial_reason_classification,OBJ0046,fct_measures,models/marts/rcm/fct_measures.sql,Tricare|CO-11,rcm.denials,low,3,suppressed_low_confidence
TRG000550,2026-05-29T09:20:00,2026-05,SRC001,anomaly,denial_reason_classification,OBJ0041,fct_service_lines,models/marts/rcm/fct_service_lines.sql,Aetna|OA-23,rcm.denials,medium,19,tap_generated
TRG000551,2026-05-30T11:15:00,2026-05,SRC001,anomaly,denial_reason_classification,OBJ0034,fct_writeoffs,models/marts/rcm/fct_writeoffs.sql,UnitedHealthcare|OA-23,rcm.denials,high,34,tap_generated
TRG000552,2026-05-05T17:34:00,2026-05,SRC001,anomaly,denial_reason_classification,OBJ0036,fct_diagnoses,models/marts/rcm/fct_diagnoses.sql,Tricare|CO-16,rcm.denials,low,0,suppressed_dedupe
TRG000553,2026-05-26T15:35:00,2026-05,SRC001,anomaly,denial_reason_classification,OBJ0046,fct_measures,models/marts/rcm/fct_measures.sql,BCBS Michigan|OA-23,rcm.denials,low,3,tap_generated
TRG000554,2026-05-11T12:46:00,2026-05,SRC001,anomaly,denial_reason_classification,OBJ0043,fct_encounters,models/marts/rcm/fct_encounters.sql,Cigna|OA-23,rcm.denials,medium,11,tap_generated
TRG000555,2026-05-02T14:24:00,2026-05,SRC001,anomaly,denial_reason_classification,OBJ0052,fct_patients,models/marts/rcm/fct_patients.sql,Humana|OA-23,rcm.denials,medium,11,tap_generated
TRG000556,2026-05-27T14:25:00,2026-05,SRC001,anomaly,encounter_type_mapping,OBJ0072,fct_exclusions,models/marts/clinical/fct_exclusions.sql,VT-451,clinical.encounters,low,0,tap_generated
TRG000557,2026-05-08T15:30:00,2026-05,SRC001,anomaly,encounter_type_mapping,OBJ0070,fct_discharges,models/marts/clinical/fct_discharges.sql,VT-347,clinical.encounters,low,3,suppressed_dedupe
TRG000558,2026-05-16T14:18:00,2026-05,SRC001,anomaly,encounter_type_mapping,OBJ0062,fct_remittances,models/marts/clinical/fct_remittances.sql,VT-464,clinical.encounters,medium,11,tap_generated
TRG000559,2026-05-12T15:51:00,2026-05,SRC001,anomaly,encounter_type_mapping,OBJ0058,fct_referrals,models/marts/clinical/fct_referrals.sql,VT-308,clinical.encounters,medium,11,suppressed_dedupe
TRG000560,2026-05-14T08:15:00,2026-05,SRC001,anomaly,encounter_type_mapping,OBJ0063,fct_throughput,models/marts/clinical/fct_throughput.sql,VT-321,clinical.encounters,low,6,suppressed_dedupe
TRG000561,2026-05-16T12:08:00,2026-05,SRC001,anomaly,encounter_type_mapping,OBJ0054,fct_departments,models/marts/clinical/fct_departments.sql,VT-477,clinical.encounters,medium,19,tap_generated
TRG000562,2026-05-16T16:56:00,2026-05,SRC001,anomaly,encounter_type_mapping,OBJ0062,fct_remittances,models/marts/clinical/fct_remittances.sql,VT-490,clinical.encounters,medium,11,tap_generated
TRG000563,2026-05-04T14:15:00,2026-05,SRC001,anomaly,encounter_type_mapping,OBJ0063,fct_throughput,models/marts/clinical/fct_throughput.sql,VT-503,clinical.encounters,low,6,tap_generated
TRG000564,2026-05-03T14:53:00,2026-05,SRC001,code_change,phi_column_classification,OBJ0107,stg_aging,models/input_layer/stg_aging.sql,fct_diagnoses.prior_auth_number_117,compliance.phi,low,3,tap_generated
TRG000565,2026-05-06T09:42:00,2026-05,SRC001,code_change,phi_column_classification,OBJ0131,first_pass_yield,models/marts/core/_core_schema.yml,fct_authorizations.guarantor_dob_41,compliance.phi,low,3,suppressed_rate_limit
TRG000566,2026-05-02T18:23:00,2026-05,SRC001,code_change,phi_column_classification,OBJ0123,stg_legacy_extract_5,models/input_layer/stg_legacy_extract_5.sql,stg_diagnoses.mrn_alt_80,compliance.phi,low,4,tap_generated
TRG000567,2026-05-24T15:07:00,2026-05,SRC001,code_change,phi_column_classification,OBJ0074,fct_appointments,models/marts/clinical/fct_appointments.sql,fct_denials.insurance_group_id_52,compliance.phi,medium,15,tap_generated
TRG000568,2026-05-24T18:52:00,2026-05,SRC001,code_change,phi_column_classification,OBJ0094,stg_writeoffs,models/input_layer/stg_writeoffs.sql,fct_adjustments.emergency_contact_name_68,compliance.phi,low,4,tap_generated
TRG000569,2026-05-26T11:51:00,2026-05,SRC001,code_change,phi_column_classification,OBJ0014,fct_appointments,models/marts/core/fct_appointments.sql,stg_aging.claim_note_text_118,compliance.phi,low,6,tap_generated
TRG000570,2026-05-29T08:55:00,2026-05,SRC001,code_change,phi_column_classification,OBJ0108,stg_denials,models/input_layer/stg_denials.sql,fct_providers.patient_email_hash_45,compliance.phi,low,6,tap_generated
TRG000571,2026-05-21T16:25:00,2026-05,SRC001,code_change,phi_column_classification,OBJ0065,fct_charges,models/marts/clinical/fct_charges.sql,fct_diagnoses.employer_name_119,compliance.phi,low,4,tap_generated
TRG000572,2026-05-08T11:34:00,2026-05,SRC001,code_change,phi_column_classification,OBJ0073,fct_encounters,models/marts/clinical/fct_encounters.sql,stg_measures.mrn_alt_120,compliance.phi,medium,15,tap_generated
TRG000573,2026-05-18T12:17:00,2026-05,SRC001,code_change,phi_column_classification,OBJ0082,fct_patients,models/marts/quality/fct_patients.sql,stg_legacy_extract_5.guarantor_dob_121,compliance.phi,medium,19,tap_generated
TRG000574,2026-05-22T16:06:00,2026-05,SRC001,code_change,phi_column_classification,OBJ0004,fct_writeoffs,models/marts/core/fct_writeoffs.sql,stg_departments.subscriber_ssn_last4_122,compliance.phi,low,0,tap_generated
TRG000575,2026-05-13T08:02:00,2026-05,SRC001,code_change,phi_column_classification,OBJ0101,stg_service_lines,models/input_layer/stg_service_lines.sql,fct_service_lines.home_phone_e164_123,compliance.phi,low,6,tap_generated
TRG000576,2026-05-19T07:48:00,2026-05,SRC001,code_change,phi_column_classification,OBJ0034,fct_writeoffs,models/marts/rcm/fct_writeoffs.sql,fct_admissions.member_id_raw_47,compliance.phi,high,34,tap_generated
TRG000577,2026-05-28T08:24:00,2026-05,SRC001,code_change,phi_column_classification,OBJ0100,stg_discharges,models/input_layer/stg_discharges.sql,fct_providers.employer_name_59,compliance.phi,low,4,tap_generated
TRG000578,2026-05-08T15:46:00,2026-05,SRC001,code_change,phi_column_classification,OBJ0137,bed_occupancy_rate,models/marts/core/_core_schema.yml,fct_admissions.referring_npi_124,compliance.phi,low,4,tap_generated
TRG000579,2026-05-20T16:55:00,2026-05,SRC001,code_change,phi_column_classification,OBJ0061,fct_adjustments,models/marts/clinical/fct_adjustments.sql,fct_discharges.patient_email_hash_125,compliance.phi,medium,11,tap_generated
TRG000580,2026-05-18T13:50:00,2026-05,SRC001,code_change,phi_column_classification,OBJ0027,fct_admissions,models/marts/core/fct_admissions.sql,fct_numerators.zip_plus_four_126,compliance.phi,low,1,tap_generated
TRG000581,2026-05-23T10:07:00,2026-05,SRC001,code_change,phi_column_classification,OBJ0105,stg_authorizations,models/input_layer/stg_authorizations.sql,fct_writeoffs.dob_year_only_34,compliance.phi,high,34,tap_generated
TRG000582,2026-05-22T16:52:00,2026-05,SRC001,code_change,phi_column_classification,OBJ0103,stg_encounters,models/input_layer/stg_encounters.sql,fct_adjustments.mrn_alt_80,compliance.phi,low,3,tap_generated
TRG000583,2026-05-25T09:49:00,2026-05,SRC001,code_change,phi_column_classification,OBJ0030,fct_claims,models/marts/rcm/fct_claims.sql,stg_payers.member_id_raw_127,compliance.phi,low,3,tap_generated
TRG000584,2026-05-13T08:55:00,2026-05,SRC001,code_change,phi_column_classification,OBJ0063,fct_throughput,models/marts/clinical/fct_throughput.sql,stg_payers.device_serial_10,compliance.phi,low,6,tap_generated
TRG000585,2026-05-24T10:11:00,2026-05,SRC001,code_change,phi_column_classification,OBJ0138,hedis_bcs_compliance,models/marts/core/_core_schema.yml,fct_encounters.emergency_contact_name_128,compliance.phi,high,31,tap_generated
TRG000586,2026-05-23T13:04:00,2026-05,SRC001,code_change,phi_column_classification,OBJ0148,encounters_per_provider_day,models/marts/core/_core_schema.yml,fct_referrals.policy_number_129,compliance.phi,high,31,tap_generated
TRG000587,2026-05-21T12:00:00,2026-05,SRC001,code_change,phi_column_classification,OBJ0034,fct_writeoffs,models/marts/rcm/fct_writeoffs.sql,fct_discharges.emergency_contact_name_88,compliance.phi,high,34,tap_generated
TRG000588,2026-05-13T12:14:00,2026-05,SRC001,code_change,phi_column_classification,OBJ0159,redox_hl7,models/input_layer/_input_layer_sources.yml,fct_remittances.device_serial_130,compliance.phi,low,3,tap_generated
TRG000589,2026-05-29T15:55:00,2026-05,SRC001,code_change,phi_column_classification,OBJ0139,hedis_cbp_compliance,models/marts/core/_core_schema.yml,fct_authorizations.legal_guardian_name_13,compliance.phi,high,31,tap_generated
TRG000590,2026-05-05T16:56:00,2026-05,SRC001,code_change,phi_column_classification,OBJ0034,fct_writeoffs,models/marts/rcm/fct_writeoffs.sql,fct_facilities.chart_note_excerpt_131,compliance.phi,high,34,tap_generated
TRG000591,2026-05-27T10:43:00,2026-05,SRC001,code_change,phi_column_classification,OBJ0010,fct_discharges,models/marts/core/fct_discharges.sql,fct_discharges.insurance_group_id_132,compliance.phi,medium,11,tap_generated
TRG000592,2026-05-07T16:46:00,2026-05,SRC001,code_change,phi_column_classification,OBJ0113,stg_procedures,models/input_layer/stg_procedures.sql,fct_claims.legal_guardian_name_133,compliance.phi,low,4,tap_generated
TRG000593,2026-05-27T12:25:00,2026-05,SRC001,code_change,phi_column_classification,OBJ0056,fct_payers,models/marts/clinical/fct_payers.sql,fct_payers.dob_year_only_134,compliance.phi,low,6,tap_generated
TRG000594,2026-05-14T14:52:00,2026-05,SRC001,code_change,phi_column_classification,OBJ0103,stg_encounters,models/input_layer/stg_encounters.sql,fct_patients.geo_lat_rounded_135,compliance.phi,low,3,tap_generated
TRG000595,2026-05-28T11:59:00,2026-05,SRC001,code_change,phi_column_classification,OBJ0023,fct_procedures,models/marts/core/fct_procedures.sql,fct_departments.account_alias_136,compliance.phi,low,1,tap_generated
TRG000596,2026-05-31T10:55:00,2026-05,SRC001,code_change,phi_column_classification,OBJ0090,stg_claims,models/input_layer/stg_claims.sql,stg_legacy_extract_4.chart_note_excerpt_131,compliance.phi,low,3,tap_generated
TRG000597,2026-05-17T14:03:00,2026-05,SRC001,code_change,phi_column_classification,OBJ0017,fct_aging,models/marts/core/fct_aging.sql,fct_coverage.account_alias_36,compliance.phi,low,6,tap_generated
TRG000598,2026-05-13T09:14:00,2026-05,SRC001,code_change,phi_column_classification,OBJ0086,fct_payers,models/marts/quality/fct_payers.sql,stg_exclusions.prior_auth_number_137,compliance.phi,low,3,tap_generated
TRG000599,2026-05-15T11:53:00,2026-05,SRC001,code_change,phi_column_classification,OBJ0085,fct_cohorts,models/marts/quality/fct_cohorts.sql,fct_authorizations.claim_note_text_138,compliance.phi,medium,11,tap_generated
TRG000600,2026-05-13T13:24:00,2026-05,SRC001,code_change,phi_column_classification,OBJ0113,stg_procedures,models/input_layer/stg_procedures.sql,fct_admissions.employer_name_139,compliance.phi,low,4,tap_generated
TRG000601,2026-05-01T12:07:00,2026-05,SRC001,code_change,phi_column_classification,OBJ0084,fct_departments,models/marts/quality/fct_departments.sql,fct_throughput.mrn_alt_140,compliance.phi,high,34,tap_generated
TRG000602,2026-05-09T17:06:00,2026-05,SRC001,code_change,phi_column_classification,OBJ0018,fct_denials,models/marts/core/fct_denials.sql,fct_coverage.referring_npi_44,compliance.phi,low,1,tap_generated
TRG000603,2026-05-27T10:38:00,2026-05,SRC001,code_change,phi_column_classification,OBJ0161,quest_results,models/input_layer/_input_layer_sources.yml,fct_departments.guarantor_dob_141,compliance.phi,medium,12,tap_generated
TRG000604,2026-05-15T10:56:00,2026-05,SRC001,code_change,phi_column_classification,OBJ0012,fct_exclusions,models/marts/core/fct_exclusions.sql,stg_remittances.subscriber_ssn_last4_142,compliance.phi,low,0,tap_generated
TRG000605,2026-05-26T10:34:00,2026-05,SRC001,code_change,phi_column_classification,OBJ0091,stg_adjustments,models/input_layer/stg_adjustments.sql,fct_coverage.claim_note_text_78,compliance.phi,low,3,tap_generated
TRG000606,2026-05-11T16:36:00,2026-05,SRC001,code_change,phi_column_classification,OBJ0124,stg_legacy_extract_6,models/input_layer/stg_legacy_extract_6.sql,stg_adjustments.home_phone_e164_143,compliance.phi,low,2,tap_generated
TRG000607,2026-05-08T12:06:00,2026-05,SRC001,code_change,phi_column_classification,OBJ0157,salesforce_referrals,models/input_layer/_input_layer_sources.yml,fct_exclusions.geo_lat_rounded_75,compliance.phi,low,3,tap_generated
TRG000608,2026-05-15T14:04:00,2026-05,SRC001,code_change,phi_column_classification,OBJ0020,fct_census,models/marts/core/fct_census.sql,fct_service_lines.device_serial_50,compliance.phi,low,1,tap_generated
TRG000609,2026-05-15T11:23:00,2026-05,SRC001,code_change,phi_column_classification,OBJ0095,stg_charges,models/input_layer/stg_charges.sql,fct_remittances.referring_npi_144,compliance.phi,medium,11,tap_generated
TRG000610,2026-05-22T15:43:00,2026-05,SRC001,code_change,phi_column_classification,OBJ0002,fct_remittances,models/marts/core/fct_remittances.sql,stg_legacy_extract_6.patient_email_hash_145,compliance.phi,medium,15,tap_generated
TRG000611,2026-05-14T09:38:00,2026-05,SRC001,code_change,phi_column_classification,OBJ0143,referral_conversion,models/marts/core/_core_schema.yml,fct_claims.zip_plus_four_146,compliance.phi,low,4,tap_generated
TRG000612,2026-05-27T15:15:00,2026-05,SRC001,code_change,phi_column_classification,OBJ0022,fct_patients,models/marts/core/fct_patients.sql,fct_cohorts.member_id_raw_147,compliance.phi,low,6,tap_generated
TRG000613,2026-05-18T16:04:00,2026-05,SRC001,code_change,phi_column_classification,OBJ0132,clean_claim_rate,models/marts/core/_core_schema.yml,fct_eligibility.emergency_contact_name_148,compliance.phi,high,25,tap_generated
TRG000614,2026-05-22T14:49:00,2026-05,SRC001,code_change,phi_column_classification,OBJ0043,fct_encounters,models/marts/rcm/fct_encounters.sql,fct_cohorts.policy_number_149,compliance.phi,medium,11,tap_generated
TRG000615,2026-05-07T13:05:00,2026-05,SRC001,code_change,phi_column_classification,OBJ0123,stg_legacy_extract_5,models/input_layer/stg_legacy_extract_5.sql,fct_diagnoses.member_id_raw_7,compliance.phi,low,4,tap_generated
TRG000616,2026-05-15T10:17:00,2026-05,SRC001,code_change,phi_column_classification,OBJ0076,fct_measures,models/marts/quality/fct_measures.sql,fct_cohorts.patient_email_hash_65,compliance.phi,low,6,tap_generated
TRG000617,2026-05-14T12:43:00,2026-05,SRC001,code_change,phi_column_classification,OBJ0070,fct_discharges,models/marts/clinical/fct_discharges.sql,stg_balances.device_serial_150,compliance.phi,low,3,tap_generated
TRG000618,2026-05-11T14:47:00,2026-05,SRC001,code_change,phi_column_classification,OBJ0154,press_ganey,models/input_layer/_input_layer_sources.yml,stg_claims.subscriber_ssn_last4_102,compliance.phi,medium,12,tap_generated
TRG000619,2026-05-02T09:53:00,2026-05,SRC001,code_change,phi_column_classification,OBJ0152,waystar_claims,models/input_layer/_input_layer_sources.yml,stg_charges.mrn_alt_40,compliance.phi,low,9,suppressed_rate_limit
TRG000620,2026-05-29T13:58:00,2026-05,SRC001,code_change,phi_column_classification,OBJ0032,fct_remittances,models/marts/rcm/fct_remittances.sql,fct_denials.chart_note_excerpt_151,compliance.phi,medium,11,tap_generated
TRG000621,2026-05-22T16:55:00,2026-05,SRC001,code_change,phi_column_classification,OBJ0079,fct_coverage,models/marts/quality/fct_coverage.sql,fct_procedures.device_serial_70,compliance.phi,low,3,tap_generated
TRG000622,2026-05-16T07:35:00,2026-05,SRC001,code_change,phi_column_classification,OBJ0114,stg_departments,models/input_layer/stg_departments.sql,fct_aging.insurance_group_id_152,compliance.phi,low,0,tap_generated
TRG000623,2026-05-24T13:53:00,2026-05,SRC001,code_change,phi_column_classification,OBJ0157,salesforce_referrals,models/input_layer/_input_layer_sources.yml,stg_denials.legal_guardian_name_153,compliance.phi,low,3,tap_generated
TRG000624,2026-05-03T10:04:00,2026-05,SRC001,code_change,phi_column_classification,OBJ0121,stg_legacy_extract_3,models/input_layer/stg_legacy_extract_3.sql,fct_procedures.dob_year_only_154,compliance.phi,low,1,tap_generated
TRG000625,2026-05-27T09:01:00,2026-05,SRC001,code_change,phi_column_classification,OBJ0040,fct_discharges,models/marts/rcm/fct_discharges.sql,fct_patients.emergency_contact_name_148,compliance.phi,low,8,tap_generated
TRG000626,2026-05-02T13:33:00,2026-05,SRC001,code_change,phi_column_classification,OBJ0061,fct_adjustments,models/marts/clinical/fct_adjustments.sql,fct_eligibility.geo_lat_rounded_155,compliance.phi,medium,11,tap_generated
TRG000627,2026-05-30T09:31:00,2026-05,SRC001,code_change,phi_column_classification,OBJ0010,fct_discharges,models/marts/core/fct_discharges.sql,fct_balances.account_alias_156,compliance.phi,medium,11,tap_generated
TRG000628,2026-05-19T13:53:00,2026-05,SRC001,code_change,phi_column_classification,OBJ0138,hedis_bcs_compliance,models/marts/core/_core_schema.yml,fct_writeoffs.prior_auth_number_157,compliance.phi,high,31,suppressed_low_confidence
TRG000629,2026-05-10T18:21:00,2026-05,SRC001,code_change,phi_column_classification,OBJ0076,fct_measures,models/marts/quality/fct_measures.sql,fct_eligibility.account_alias_76,compliance.phi,low,6,tap_generated
TRG000630,2026-05-12T15:11:00,2026-05,SRC001,code_change,phi_column_classification,OBJ0017,fct_aging,models/marts/core/fct_aging.sql,fct_payers.claim_note_text_158,compliance.phi,low,6,tap_generated
TRG000631,2026-05-15T12:50:00,2026-05,SRC001,code_change,phi_column_classification,OBJ0064,fct_writeoffs,models/marts/clinical/fct_writeoffs.sql,fct_denials.employer_name_159,compliance.phi,low,6,tap_generated
TRG000632,2026-05-15T15:57:00,2026-05,SRC001,code_change,phi_column_classification,OBJ0147,payer_mix_commercial,models/marts/core/_core_schema.yml,fct_service_lines.zip_plus_four_26,compliance.phi,high,31,tap_generated
TRG000633,2026-05-14T09:15:00,2026-05,SRC001,code_change,phi_column_classification,OBJ0073,fct_encounters,models/marts/clinical/fct_encounters.sql,fct_eligibility.guarantor_dob_101,compliance.phi,medium,15,tap_generated
TRG000634,2026-05-13T14:52:00,2026-05,SRC001,code_change,phi_column_classification,OBJ0157,salesforce_referrals,models/input_layer/_input_layer_sources.yml,stg_cohorts.emergency_contact_name_8,compliance.phi,low,3,tap_generated
TRG000635,2026-05-03T09:42:00,2026-05,SRC001,code_change,phi_column_classification,OBJ0114,stg_departments,models/input_layer/stg_departments.sql,fct_procedures.employer_name_119,compliance.phi,low,0,tap_generated
TRG000636,2026-05-04T16:12:00,2026-05,SRC001,code_change,phi_column_classification,OBJ0122,stg_legacy_extract_4,models/input_layer/stg_legacy_extract_4.sql,fct_remittances.mrn_alt_160,compliance.phi,low,0,suppressed_rate_limit
TRG000637,2026-05-29T14:30:00,2026-05,SRC001,code_change,phi_column_classification,OBJ0154,press_ganey,models/input_layer/_input_layer_sources.yml,stg_departments.device_serial_130,compliance.phi,medium,12,tap_generated
TRG000638,2026-05-18T15:16:00,2026-05,SRC001,code_change,phi_column_classification,OBJ0127,gross_charges,models/marts/core/_core_schema.yml,stg_eligibility.guarantor_dob_161,compliance.phi,medium,18,tap_generated
TRG000639,2026-05-03T15:56:00,2026-05,SRC001,code_change,phi_column_classification,OBJ0082,fct_patients,models/marts/quality/fct_patients.sql,stg_measures.subscriber_ssn_last4_162,compliance.phi,medium,19,tap_generated
TRG000640,2026-05-26T15:40:00,2026-05,SRC001,code_change,phi_column_classification,OBJ0084,fct_departments,models/marts/quality/fct_departments.sql,stg_legacy_extract_7.home_phone_e164_163,compliance.phi,high,34,tap_generated
TRG000641,2026-05-11T07:40:00,2026-05,SRC001,code_change,phi_column_classification,OBJ0100,stg_discharges,models/input_layer/stg_discharges.sql,fct_patients.referring_npi_164,compliance.phi,low,4,tap_generated
TRG000642,2026-05-16T12:40:00,2026-05,SRC001,code_change,phi_column_classification,OBJ0159,redox_hl7,models/input_layer/_input_layer_sources.yml,fct_aging.patient_email_hash_165,compliance.phi,low,3,tap_generated
TRG000643,2026-05-24T16:31:00,2026-05,SRC001,code_change,phi_column_classification,OBJ0088,fct_referrals,models/marts/quality/fct_referrals.sql,fct_departments.patient_email_hash_25,compliance.phi,low,1,tap_generated
TRG000644,2026-05-06T10:35:00,2026-05,SRC001,code_change,phi_column_classification,OBJ0160,labcorp_results,models/input_layer/_input_layer_sources.yml,stg_providers.zip_plus_four_166,compliance.phi,medium,21,tap_generated
TRG000645,2026-05-13T18:12:00,2026-05,SRC001,code_change,phi_column_classification,OBJ0037,fct_facilities,models/marts/rcm/fct_facilities.sql,stg_diagnoses.member_id_raw_167,compliance.phi,medium,15,tap_generated
TRG000646,2026-05-25T12:16:00,2026-05,SRC001,code_change,phi_column_classification,OBJ0032,fct_remittances,models/marts/rcm/fct_remittances.sql,stg_measures.patient_email_hash_165,compliance.phi,medium,11,tap_generated
TRG000647,2026-05-26T08:10:00,2026-05,SRC001,code_change,phi_column_classification,OBJ0133,cost_to_collect,models/marts/core/_core_schema.yml,fct_exclusions.emergency_contact_name_168,compliance.phi,medium,12,suppressed_low_confidence
TRG000648,2026-05-15T13:56:00,2026-05,SRC001,code_change,phi_column_classification,OBJ0081,fct_balances,models/marts/quality/fct_balances.sql,fct_adjustments.subscriber_ssn_last4_162,compliance.phi,low,1,tap_generated
TRG000649,2026-05-17T11:45:00,2026-05,SRC001,code_change,phi_column_classification,OBJ0056,fct_payers,models/marts/clinical/fct_payers.sql,fct_denials.policy_number_169,compliance.phi,low,6,tap_generated
TRG000650,2026-05-02T10:12:00,2026-05,SRC001,code_change,phi_column_classification,OBJ0013,fct_encounters,models/marts/core/fct_encounters.sql,fct_numerators.device_serial_170,compliance.phi,low,1,tap_generated
TRG000651,2026-05-09T16:31:00,2026-05,SRC001,code_change,phi_column_classification,OBJ0037,fct_facilities,models/marts/rcm/fct_facilities.sql,stg_legacy_extract_3.claim_note_text_78,compliance.phi,medium,15,tap_generated
TRG000652,2026-05-20T10:53:00,2026-05,SRC001,code_change,phi_column_classification,OBJ0153,availity_remits,models/input_layer/_input_layer_sources.yml,stg_eligibility.dob_year_only_54,compliance.phi,low,3,tap_generated
TRG000653,2026-05-29T13:40:00,2026-05,SRC001,code_change,phi_column_classification,OBJ0108,stg_denials,models/input_layer/stg_denials.sql,stg_departments.geo_lat_rounded_15,compliance.phi,low,6,tap_generated
TRG000654,2026-05-22T17:06:00,2026-05,SRC001,code_change,phi_column_classification,OBJ0020,fct_census,models/marts/core/fct_census.sql,fct_eligibility.chart_note_excerpt_51,compliance.phi,low,1,tap_generated
TRG000655,2026-05-08T15:54:00,2026-05,SRC001,code_change,phi_column_classification,OBJ0004,fct_writeoffs,models/marts/core/fct_writeoffs.sql,stg_aging.chart_note_excerpt_171,compliance.phi,low,0,tap_generated
TRG000656,2026-05-24T10:45:00,2026-05,SRC001,code_change,phi_column_classification,OBJ0046,fct_measures,models/marts/rcm/fct_measures.sql,stg_exclusions.insurance_group_id_172,compliance.phi,low,3,tap_generated
TRG000657,2026-05-21T12:58:00,2026-05,SRC001,code_change,phi_column_classification,OBJ0038,fct_eligibility,models/marts/rcm/fct_eligibility.sql,stg_adjustments.legal_guardian_name_173,compliance.phi,low,3,tap_generated
TRG000658,2026-05-30T12:14:00,2026-05,SRC001,code_change,phi_column_classification,OBJ0075,fct_authorizations,models/marts/quality/fct_authorizations.sql,fct_coverage.claim_note_text_38,compliance.phi,high,34,tap_generated
TRG000659,2026-05-04T15:29:00,2026-05,SRC001,code_change,phi_column_classification,OBJ0040,fct_discharges,models/marts/rcm/fct_discharges.sql,fct_throughput.dob_year_only_174,compliance.phi,low,8,tap_generated
TRG000660,2026-05-31T10:14:00,2026-05,SRC001,code_change,phi_column_classification,OBJ0022,fct_patients,models/marts/core/fct_patients.sql,fct_procedures.policy_number_89,compliance.phi,low,6,tap_generated
TRG000661,2026-05-14T11:17:00,2026-05,SRC001,code_change,phi_column_classification,OBJ0022,fct_patients,models/marts/core/fct_patients.sql,fct_cohorts.geo_lat_rounded_35,compliance.phi,low,6,suppressed_low_confidence
TRG000662,2026-05-07T09:43:00,2026-05,SRC001,code_change,phi_column_classification,OBJ0146,write_off_pct,models/marts/core/_core_schema.yml,stg_appointments.geo_lat_rounded_175,compliance.phi,low,4,tap_generated
TRG000663,2026-05-08T10:51:00,2026-05,SRC001,code_change,phi_column_classification,OBJ0086,fct_payers,models/marts/quality/fct_payers.sql,fct_procedures.chart_note_excerpt_131,compliance.phi,low,3,tap_generated
TRG000664,2026-05-13T11:15:00,2026-05,SRC001,code_change,phi_column_classification,OBJ0132,clean_claim_rate,models/marts/core/_core_schema.yml,fct_authorizations.account_alias_176,compliance.phi,high,25,tap_generated
TRG000665,2026-05-30T12:43:00,2026-05,SRC001,code_change,phi_column_classification,OBJ0063,fct_throughput,models/marts/clinical/fct_throughput.sql,fct_census.prior_auth_number_177,compliance.phi,low,6,tap_generated
TRG000666,2026-05-23T10:09:00,2026-05,SRC001,code_change,phi_column_classification,OBJ0053,fct_procedures,models/marts/clinical/fct_procedures.sql,fct_departments.insurance_group_id_112,compliance.phi,low,4,suppressed_dedupe
TRG000667,2026-05-11T11:35:00,2026-05,SRC001,code_change,phi_column_classification,OBJ0151,epic_caboodle,models/input_layer/_input_layer_sources.yml,stg_departments.claim_note_text_178,compliance.phi,medium,16,tap_generated
TRG000668,2026-05-03T11:55:00,2026-05,SRC001,code_change,phi_column_classification,OBJ0122,stg_legacy_extract_4,models/input_layer/stg_legacy_extract_4.sql,fct_charges.emergency_contact_name_148,compliance.phi,low,0,tap_generated
TRG000669,2026-05-03T12:00:00,2026-05,SRC001,code_change,phi_column_classification,OBJ0019,fct_coverage,models/marts/core/fct_coverage.sql,stg_legacy_extract_2.subscriber_ssn_last4_82,compliance.phi,high,26,tap_generated
TRG000670,2026-05-27T11:04:00,2026-05,SRC001,code_change,phi_column_classification,OBJ0065,fct_charges,models/marts/clinical/fct_charges.sql,stg_procedures.employer_name_179,compliance.phi,low,4,tap_generated
TRG000671,2026-05-22T07:00:00,2026-05,SRC001,code_change,phi_column_classification,OBJ0134,readmission_rate_30d,models/marts/core/_core_schema.yml,fct_coverage.mrn_alt_180,compliance.phi,medium,18,tap_generated
TRG000672,2026-05-23T15:36:00,2026-05,SRC001,code_change,phi_column_classification,OBJ0088,fct_referrals,models/marts/quality/fct_referrals.sql,fct_claims.guarantor_dob_181,compliance.phi,low,1,tap_generated
TRG000673,2026-05-13T15:10:00,2026-05,SRC001,code_change,phi_column_classification,OBJ0119,stg_legacy_extract_1,models/input_layer/stg_legacy_extract_1.sql,fct_appointments.subscriber_ssn_last4_182,compliance.phi,low,1,suppressed_low_confidence
TRG000674,2026-05-20T15:21:00,2026-05,SRC001,code_change,phi_column_classification,OBJ0037,fct_facilities,models/marts/rcm/fct_facilities.sql,fct_measures.mrn_alt_100,compliance.phi,medium,15,suppressed_rate_limit
TRG000675,2026-05-15T17:14:00,2026-05,SRC001,code_change,phi_column_classification,OBJ0018,fct_denials,models/marts/core/fct_denials.sql,fct_authorizations.home_phone_e164_183,compliance.phi,low,1,tap_generated
TRG000676,2026-05-03T17:05:00,2026-05,SRC001,code_change,phi_column_classification,OBJ0015,fct_authorizations,models/marts/core/fct_authorizations.sql,fct_adjustments.referring_npi_184,compliance.phi,low,4,tap_generated
TRG000677,2026-05-05T10:51:00,2026-05,SRC001,code_change,phi_column_classification,OBJ0089,stg_numerators,models/input_layer/stg_numerators.sql,fct_measures.patient_email_hash_185,compliance.phi,low,6,tap_generated
TRG000678,2026-05-06T15:41:00,2026-05,SRC001,code_change,phi_column_classification,OBJ0149,observation_conversion_rate,models/marts/core/_core_schema.yml,fct_balances.zip_plus_four_186,compliance.phi,high,31,tap_generated
TRG000679,2026-05-25T11:08:00,2026-05,SRC001,code_change,phi_column_classification,OBJ0013,fct_encounters,models/marts/core/fct_encounters.sql,stg_procedures.referring_npi_164,compliance.phi,low,1,tap_generated
TRG000680,2026-05-10T08:44:00,2026-05,SRC001,code_change,phi_column_classification,OBJ0033,fct_throughput,models/marts/rcm/fct_throughput.sql,stg_legacy_extract_1.member_id_raw_187,compliance.phi,low,1,tap_generated
TRG000681,2026-05-13T14:35:00,2026-05,SRC001,code_change,phi_column_classification,OBJ0002,fct_remittances,models/marts/core/fct_remittances.sql,fct_charges.emergency_contact_name_188,compliance.phi,medium,15,tap_generated
TRG000682,2026-05-13T09:37:00,2026-05,SRC001,code_change,phi_column_classification,OBJ0147,payer_mix_commercial,models/marts/core/_core_schema.yml,fct_service_lines.policy_number_189,compliance.phi,high,31,tap_generated
TRG000683,2026-05-03T11:59:00,2026-05,SRC001,code_change,phi_column_classification,OBJ0091,stg_adjustments,models/input_layer/stg_adjustments.sql,fct_payers.device_serial_190,compliance.phi,low,3,tap_generated
TRG000684,2026-05-23T10:20:00,2026-05,SRC001,code_change,phi_column_classification,OBJ0118,stg_referrals,models/input_layer/stg_referrals.sql,fct_measures.chart_note_excerpt_191,compliance.phi,low,0,tap_generated
TRG000685,2026-05-08T15:39:00,2026-05,SRC001,code_change,phi_column_classification,OBJ0137,bed_occupancy_rate,models/marts/core/_core_schema.yml,fct_aging.insurance_group_id_192,compliance.phi,low,4,tap_generated
TRG000686,2026-05-19T16:45:00,2026-05,SRC001,code_change,phi_column_classification,OBJ0038,fct_eligibility,models/marts/rcm/fct_eligibility.sql,fct_authorizations.insurance_group_id_72,compliance.phi,low,3,tap_generated
TRG000687,2026-05-29T12:42:00,2026-05,SRC001,code_change,phi_column_classification,OBJ0160,labcorp_results,models/input_layer/_input_layer_sources.yml,fct_diagnoses.legal_guardian_name_193,compliance.phi,medium,21,tap_generated
TRG000688,2026-05-08T16:25:00,2026-05,SRC001,code_change,phi_column_classification,OBJ0140,cms_sep1_compliance,models/marts/core/_core_schema.yml,fct_cohorts.home_phone_e164_43,compliance.phi,low,3,tap_generated
TRG000689,2026-05-19T10:45:00,2026-05,SRC001,code_change,phi_column_classification,OBJ0066,fct_diagnoses,models/marts/clinical/fct_diagnoses.sql,fct_eligibility.device_serial_30,compliance.phi,low,1,tap_generated
TRG000690,2026-05-30T16:58:00,2026-05,SRC001,code_change,phi_column_classification,OBJ0059,fct_numerators,models/marts/clinical/fct_numerators.sql,fct_referrals.dob_year_only_194,compliance.phi,medium,11,tap_generated
TRG000691,2026-05-17T13:19:00,2026-05,SRC001,code_change,phi_column_classification,OBJ0090,stg_claims,models/input_layer/stg_claims.sql,stg_legacy_extract_7.geo_lat_rounded_195,compliance.phi,low,3,tap_generated
TRG000692,2026-05-10T14:44:00,2026-05,SRC001,code_change,phi_column_classification,OBJ0158,twilio_outreach,models/input_layer/_input_layer_sources.yml,fct_diagnoses.account_alias_196,compliance.phi,low,9,tap_generated
TRG000693,2026-05-28T11:27:00,2026-05,SRC001,code_change,phi_column_classification,OBJ0138,hedis_bcs_compliance,models/marts/core/_core_schema.yml,stg_service_lines.prior_auth_number_197,compliance.phi,high,31,tap_generated
TRG000694,2026-05-19T14:04:00,2026-05,SRC001,code_change,phi_column_classification,OBJ0003,fct_throughput,models/marts/core/fct_throughput.sql,fct_denials.device_serial_70,compliance.phi,medium,11,suppressed_low_confidence
TRG000695,2026-05-17T14:48:00,2026-05,SRC001,code_change,phi_column_classification,OBJ0106,stg_measures,models/input_layer/stg_measures.sql,fct_diagnoses.claim_note_text_198,compliance.phi,high,34,tap_generated
TRG000696,2026-05-12T15:33:00,2026-05,SRC001,code_change,phi_column_classification,OBJ0085,fct_cohorts,models/marts/quality/fct_cohorts.sql,stg_throughput.employer_name_199,compliance.phi,medium,11,tap_generated
TRG000697,2026-05-04T17:08:00,2026-05,SRC001,code_change,phi_column_classification,OBJ0060,fct_claims,models/marts/clinical/fct_claims.sql,stg_adjustments.mrn_alt_200,compliance.phi,low,3,tap_generated
TRG000698,2026-05-09T16:29:00,2026-05,SRC001,code_change,phi_column_classification,OBJ0072,fct_exclusions,models/marts/clinical/fct_exclusions.sql,fct_referrals.guarantor_dob_201,compliance.phi,low,0,suppressed_rate_limit
TRG000699,2026-05-25T15:46:00,2026-05,SRC001,code_change,phi_column_classification,OBJ0085,fct_cohorts,models/marts/quality/fct_cohorts.sql,stg_admissions.subscriber_ssn_last4_202,compliance.phi,medium,11,tap_generated
TRG000700,2026-05-13T10:50:00,2026-05,SRC001,code_change,phi_column_classification,OBJ0099,stg_providers,models/input_layer/stg_providers.sql,fct_authorizations.home_phone_e164_203,compliance.phi,medium,11,tap_generated
TRG000701,2026-05-31T12:45:00,2026-05,SRC001,code_change,phi_column_classification,OBJ0029,fct_numerators,models/marts/rcm/fct_numerators.sql,fct_departments.referring_npi_204,compliance.phi,low,4,tap_generated
TRG000702,2026-05-18T15:36:00,2026-05,SRC001,code_change,phi_column_classification,OBJ0144,charge_lag_days,models/marts/core/_core_schema.yml,stg_legacy_extract_5.patient_email_hash_205,compliance.phi,low,2,tap_generated
TRG000703,2026-05-26T09:15:00,2026-05,SRC001,code_change,phi_column_classification,OBJ0076,fct_measures,models/marts/quality/fct_measures.sql,fct_census.zip_plus_four_206,compliance.phi,low,6,tap_generated
TRG000704,2026-05-05T14:55:00,2026-05,SRC001,code_change,phi_column_classification,OBJ0092,stg_remittances,models/input_layer/stg_remittances.sql,stg_legacy_extract_3.member_id_raw_207,compliance.phi,medium,19,tap_generated
TRG000705,2026-05-31T08:36:00,2026-05,SRC001,code_change,phi_column_classification,OBJ0039,fct_providers,models/marts/rcm/fct_providers.sql,fct_charges.emergency_contact_name_208,compliance.phi,low,1,tap_generated
TRG000706,2026-05-24T11:55:00,2026-05,SRC001,code_change,phi_column_classification,OBJ0128,contractual_allowance,models/marts/core/_core_schema.yml,fct_numerators.policy_number_209,compliance.phi,low,6,tap_generated
TRG000707,2026-05-13T09:50:00,2026-05,SRC001,code_change,phi_column_classification,OBJ0119,stg_legacy_extract_1,models/input_layer/stg_legacy_extract_1.sql,fct_denials.device_serial_210,compliance.phi,low,1,tap_generated
TRG000708,2026-05-07T09:13:00,2026-05,SRC001,code_change,phi_column_classification,OBJ0056,fct_payers,models/marts/clinical/fct_payers.sql,fct_claims.guarantor_dob_1,compliance.phi,low,6,tap_generated
TRG000709,2026-05-20T15:55:00,2026-05,SRC001,code_change,phi_column_classification,OBJ0132,clean_claim_rate,models/marts/core/_core_schema.yml,fct_eligibility.home_phone_e164_63,compliance.phi,high,25,tap_generated
TRG000710,2026-05-05T12:03:00,2026-05,SRC001,code_change,phi_column_classification,OBJ0075,fct_authorizations,models/marts/quality/fct_authorizations.sql,fct_aging.chart_note_excerpt_211,compliance.phi,high,34,tap_generated
TRG000711,2026-05-08T15:18:00,2026-05,SRC001,code_change,phi_column_classification,OBJ0002,fct_remittances,models/marts/core/fct_remittances.sql,fct_departments.insurance_group_id_212,compliance.phi,medium,15,tap_generated
TRG000712,2026-05-25T11:11:00,2026-05,SRC001,code_change,phi_column_classification,OBJ0145,coding_accuracy_rate,models/marts/core/_core_schema.yml,stg_legacy_extract_1.legal_guardian_name_213,compliance.phi,high,31,tap_generated
TRG000713,2026-05-22T13:20:00,2026-05,SRC001,code_change,phi_column_classification,OBJ0148,encounters_per_provider_day,models/marts/core/_core_schema.yml,fct_throughput.chart_note_excerpt_51,compliance.phi,high,31,tap_generated
TRG000714,2026-05-20T14:31:00,2026-05,SRC001,code_change,phi_column_classification,OBJ0009,fct_providers,models/marts/core/fct_providers.sql,fct_remittances.dob_year_only_214,compliance.phi,medium,11,tap_generated
TRG000715,2026-05-26T09:04:00,2026-05,SRC001,code_change,phi_column_classification,OBJ0093,stg_throughput,models/input_layer/stg_throughput.sql,fct_writeoffs.insurance_group_id_112,compliance.phi,low,4,tap_generated
TRG000716,2026-05-13T12:28:00,2026-05,SRC001,code_change,phi_column_classification,OBJ0015,fct_authorizations,models/marts/core/fct_authorizations.sql,fct_exclusions.subscriber_ssn_last4_122,compliance.phi,low,4,tap_generated
TRG000717,2026-05-16T11:14:00,2026-05,SRC001,code_change,phi_column_classification,OBJ0143,referral_conversion,models/marts/core/_core_schema.yml,fct_measures.policy_number_9,compliance.phi,low,4,tap_generated
TRG000718,2026-05-16T13:20:00,2026-05,SRC001,code_change,phi_column_classification,OBJ0028,fct_referrals,models/marts/core/fct_referrals.sql,fct_admissions.geo_lat_rounded_215,compliance.phi,low,0,tap_generated
TRG000719,2026-05-29T16:30:00,2026-05,SRC001,code_change,phi_column_classification,OBJ0073,fct_encounters,models/marts/clinical/fct_encounters.sql,fct_procedures.account_alias_216,compliance.phi,medium,15,tap_generated
TRG000720,2026-05-19T10:00:00,2026-05,SRC001,code_change,phi_column_classification,OBJ0102,stg_exclusions,models/input_layer/stg_exclusions.sql,fct_claims.prior_auth_number_217,compliance.phi,low,3,tap_generated
TRG000721,2026-05-11T09:27:00,2026-05,SRC001,code_change,phi_column_classification,OBJ0154,press_ganey,models/input_layer/_input_layer_sources.yml,stg_departments.claim_note_text_218,compliance.phi,medium,12,tap_generated
TRG000722,2026-05-05T11:31:00,2026-05,SRC001,code_change,phi_column_classification,OBJ0131,first_pass_yield,models/marts/core/_core_schema.yml,fct_departments.geo_lat_rounded_135,compliance.phi,low,3,tap_generated
TRG000723,2026-05-01T12:10:00,2026-05,SRC001,code_change,phi_column_classification,OBJ0133,cost_to_collect,models/marts/core/_core_schema.yml,stg_denials.employer_name_159,compliance.phi,medium,12,tap_generated
TRG000724,2026-05-18T09:35:00,2026-05,SRC001,code_change,phi_column_classification,OBJ0025,fct_cohorts,models/marts/core/fct_cohorts.sql,fct_charges.employer_name_219,compliance.phi,low,0,tap_generated
TRG000725,2026-05-19T11:49:00,2026-05,SRC001,code_change,phi_column_classification,OBJ0042,fct_exclusions,models/marts/rcm/fct_exclusions.sql,fct_numerators.dob_year_only_14,compliance.phi,low,8,tap_generated
TRG000726,2026-05-06T15:57:00,2026-05,SRC001,code_change,phi_column_classification,OBJ0061,fct_adjustments,models/marts/clinical/fct_adjustments.sql,stg_payers.geo_lat_rounded_75,compliance.phi,medium,11,tap_generated
TRG000727,2026-05-13T11:11:00,2026-05,SRC001,code_change,phi_column_classification,OBJ0052,fct_patients,models/marts/rcm/fct_patients.sql,fct_facilities.geo_lat_rounded_95,compliance.phi,medium,11,suppressed_dedupe
TRG000728,2026-05-01T11:04:00,2026-05,SRC001,code_change,phi_column_classification,OBJ0027,fct_admissions,models/marts/core/fct_admissions.sql,fct_aging.mrn_alt_220,compliance.phi,low,1,tap_generated
TRG000729,2026-05-25T16:30:00,2026-05,SRC001,code_change,phi_column_classification,OBJ0070,fct_discharges,models/marts/clinical/fct_discharges.sql,stg_providers.guarantor_dob_221,compliance.phi,low,3,tap_generated
TRG000730,2026-05-09T15:16:00,2026-05,SRC001,code_change,phi_column_classification,OBJ0078,fct_denials,models/marts/quality/fct_denials.sql,fct_procedures.legal_guardian_name_113,compliance.phi,low,3,tap_generated
TRG000731,2026-05-06T15:47:00,2026-05,SRC001,code_change,phi_column_classification,OBJ0060,fct_claims,models/marts/clinical/fct_claims.sql,fct_writeoffs.policy_number_209,compliance.phi,low,3,tap_generated
TRG000732,2026-05-01T08:30:00,2026-05,SRC001,code_change,phi_column_classification,OBJ0064,fct_writeoffs,models/marts/clinical/fct_writeoffs.sql,fct_charges.subscriber_ssn_last4_222,compliance.phi,low,6,tap_generated
TRG000733,2026-05-04T11:26:00,2026-05,SRC001,code_change,phi_column_classification,OBJ0109,stg_coverage,models/input_layer/stg_coverage.sql,fct_coverage.home_phone_e164_223,compliance.phi,low,6,suppressed_low_confidence
TRG000734,2026-05-20T14:13:00,2026-05,SRC001,code_change,phi_column_classification,OBJ0072,fct_exclusions,models/marts/clinical/fct_exclusions.sql,fct_departments.guarantor_dob_41,compliance.phi,low,0,tap_generated
TRG000735,2026-05-27T11:30:00,2026-05,SRC001,code_change,phi_column_classification,OBJ0025,fct_cohorts,models/marts/core/fct_cohorts.sql,fct_service_lines.chart_note_excerpt_71,compliance.phi,low,0,tap_generated
TRG000736,2026-05-22T15:41:00,2026-05,SRC001,code_change,phi_column_classification,OBJ0145,coding_accuracy_rate,models/marts/core/_core_schema.yml,fct_admissions.subscriber_ssn_last4_102,compliance.phi,high,31,tap_generated
TRG000737,2026-05-03T09:29:00,2026-05,SRC001,code_change,phi_column_classification,OBJ0039,fct_providers,models/marts/rcm/fct_providers.sql,fct_balances.referring_npi_224,compliance.phi,low,1,tap_generated
TRG000738,2026-05-16T17:31:00,2026-05,SRC001,code_change,phi_column_classification,OBJ0065,fct_charges,models/marts/clinical/fct_charges.sql,stg_legacy_extract_1.guarantor_dob_21,compliance.phi,low,4,suppressed_rate_limit
TRG000739,2026-05-25T08:48:00,2026-05,SRC001,code_change,phi_column_classification,OBJ0090,stg_claims,models/input_layer/stg_claims.sql,fct_admissions.patient_email_hash_225,compliance.phi,low,3,tap_generated
TRG000740,2026-05-23T14:30:00,2026-05,SRC001,code_change,phi_column_classification,OBJ0046,fct_measures,models/marts/rcm/fct_measures.sql,fct_departments.guarantor_dob_161,compliance.phi,low,3,tap_generated
TRG000741,2026-05-18T16:30:00,2026-05,SRC001,code_change,phi_column_classification,OBJ0075,fct_authorizations,models/marts/quality/fct_authorizations.sql,stg_throughput.zip_plus_four_226,compliance.phi,high,34,tap_generated
TRG000742,2026-05-03T12:13:00,2026-05,SRC001,code_change,phi_column_classification,OBJ0084,fct_departments,models/marts/quality/fct_departments.sql,fct_service_lines.chart_note_excerpt_211,compliance.phi,high,34,tap_generated
TRG000743,2026-05-25T15:38:00,2026-05,SRC001,code_change,phi_column_classification,OBJ0156,lawson_gl,models/input_layer/_input_layer_sources.yml,fct_charges.member_id_raw_227,compliance.phi,medium,21,tap_generated
TRG000744,2026-05-29T15:20:00,2026-05,SRC001,code_change,phi_column_classification,OBJ0019,fct_coverage,models/marts/core/fct_coverage.sql,fct_payers.emergency_contact_name_228,compliance.phi,high,26,suppressed_low_confidence
TRG000745,2026-05-26T10:01:00,2026-05,SRC001,code_change,phi_column_classification,OBJ0137,bed_occupancy_rate,models/marts/core/_core_schema.yml,fct_adjustments.employer_name_99,compliance.phi,low,4,tap_generated
TRG000746,2026-05-11T15:57:00,2026-05,SRC001,code_change,phi_column_classification,OBJ0014,fct_appointments,models/marts/core/fct_appointments.sql,fct_patients.policy_number_229,compliance.phi,low,6,tap_generated
TRG000747,2026-05-27T18:57:00,2026-05,SRC001,code_change,phi_column_classification,OBJ0026,fct_payers,models/marts/core/fct_payers.sql,stg_appointments.device_serial_230,compliance.phi,low,0,tap_generated
TRG000748,2026-05-12T09:00:00,2026-05,SRC001,code_change,phi_column_classification,OBJ0002,fct_remittances,models/marts/core/fct_remittances.sql,stg_writeoffs.chart_note_excerpt_231,compliance.phi,medium,15,tap_generated
TRG000749,2026-05-18T17:26:00,2026-05,SRC001,code_change,phi_column_classification,OBJ0096,stg_diagnoses,models/input_layer/stg_diagnoses.sql,fct_appointments.device_serial_110,compliance.phi,low,2,tap_generated
TRG000750,2026-05-29T14:33:00,2026-05,SRC001,code_change,phi_column_classification,OBJ0136,avg_length_of_stay,models/marts/core/_core_schema.yml,fct_providers.insurance_group_id_232,compliance.phi,medium,12,tap_generated
TRG000751,2026-05-19T12:25:00,2026-05,SRC001,code_change,revenue_definition_change,OBJ0024,fct_departments,models/marts/core/fct_departments.sql,first_pass_yield|0,finance.revenue,high,26,tap_generated
TRG000752,2026-05-27T11:51:00,2026-05,SRC001,code_change,revenue_definition_change,OBJ0001,fct_adjustments,models/marts/core/fct_adjustments.sql,clean_claim_rate|0,finance.revenue,low,2,tap_generated
TRG000753,2026-05-21T13:52:00,2026-05,SRC001,code_change,revenue_definition_change,OBJ0011,fct_service_lines,models/marts/core/fct_service_lines.sql,gross_charges|0,finance.revenue,low,4,suppressed_dedupe
TRG000754,2026-05-22T13:09:00,2026-05,SRC001,code_change,revenue_definition_change,OBJ0021,fct_balances,models/marts/core/fct_balances.sql,first_pass_yield|0,finance.revenue,medium,11,suppressed_dedupe
TRG000755,2026-05-11T11:41:00,2026-05,SRC001,code_change,revenue_definition_change,OBJ0128,contractual_allowance,models/marts/core/_core_schema.yml,cost_to_collect|0,finance.revenue,low,6,tap_generated
TRG000756,2026-05-13T12:46:00,2026-05,SRC001,code_change,revenue_definition_change,OBJ0022,fct_patients,models/marts/core/fct_patients.sql,net_patient_revenue|1,finance.revenue,low,6,tap_generated
TRG000757,2026-05-07T10:28:00,2026-05,SRC001,code_change,revenue_definition_change,OBJ0024,fct_departments,models/marts/core/fct_departments.sql,gross_charges|1,finance.revenue,high,26,tap_generated
TRG000758,2026-05-31T12:24:00,2026-05,SRC001,code_change,revenue_definition_change,OBJ0016,fct_measures,models/marts/core/fct_measures.sql,contractual_allowance|1,finance.revenue,medium,11,tap_generated
TRG000759,2026-05-18T10:17:00,2026-05,SRC001,code_change,quality_measure_criteria,OBJ0086,fct_payers,models/marts/quality/fct_payers.sql,readmission_rate_30d,clinical.quality,low,3,suppressed_rate_limit
TRG000760,2026-05-04T11:41:00,2026-05,SRC001,code_change,quality_measure_criteria,OBJ0141,hcahps_top_box,models/marts/core/_core_schema.yml,readmission_rate_30d,clinical.quality,low,3,tap_generated
TRG000761,2026-05-11T10:28:00,2026-05,SRC001,code_change,quality_measure_criteria,OBJ0140,cms_sep1_compliance,models/marts/core/_core_schema.yml,ed_left_without_being_seen,clinical.quality,low,3,tap_generated
TRG000762,2026-05-25T16:16:00,2026-05,SRC001,code_change,quality_measure_criteria,OBJ0078,fct_denials,models/marts/quality/fct_denials.sql,avg_length_of_stay,clinical.quality,low,3,tap_generated
TRG000763,2026-05-16T16:52:00,2026-05,SRC001,code_change,quality_measure_criteria,OBJ0083,fct_procedures,models/marts/quality/fct_procedures.sql,hedis_bcs_compliance,clinical.quality,low,8,suppressed_low_confidence
TRG000764,2026-05-16T09:12:00,2026-05,SRC001,code_change,quality_measure_criteria,OBJ0075,fct_authorizations,models/marts/quality/fct_authorizations.sql,hedis_bcs_compliance,clinical.quality,high,34,tap_generated
TRG000765,2026-05-13T08:06:00,2026-05,SRC001,code_change,quality_measure_criteria,OBJ0138,hedis_bcs_compliance,models/marts/core/_core_schema.yml,hedis_cbp_compliance,clinical.quality,high,31,tap_generated
TRG000766,2026-06-13T10:56:00,2026-06,SRC001,anomaly,denial_reason_classification,OBJ0037,fct_facilities,models/marts/rcm/fct_facilities.sql,Medicare Part A|OA-23,rcm.denials,medium,15,tap_generated
TRG000767,2026-06-28T14:53:00,2026-06,SRC001,anomaly,denial_reason_classification,OBJ0032,fct_remittances,models/marts/rcm/fct_remittances.sql,Medicaid MI|PR-204,rcm.denials,medium,11,suppressed_dedupe
TRG000768,2026-06-10T18:11:00,2026-06,SRC001,anomaly,denial_reason_classification,OBJ0034,fct_writeoffs,models/marts/rcm/fct_writeoffs.sql,Cigna|CO-45,rcm.denials,high,34,suppressed_dedupe
TRG000769,2026-06-01T10:07:00,2026-06,SRC001,anomaly,denial_reason_classification,OBJ0051,fct_balances,models/marts/rcm/fct_balances.sql,Medicaid MI|OA-23,rcm.denials,low,4,tap_generated
TRG000770,2026-06-17T12:35:00,2026-06,SRC001,anomaly,denial_reason_classification,OBJ0046,fct_measures,models/marts/rcm/fct_measures.sql,Priority Health|OA-23,rcm.denials,low,3,tap_generated
TRG000771,2026-06-07T13:31:00,2026-06,SRC001,anomaly,denial_reason_classification,OBJ0036,fct_diagnoses,models/marts/rcm/fct_diagnoses.sql,Molina|OA-23,rcm.denials,low,0,tap_generated
TRG000772,2026-06-28T14:42:00,2026-06,SRC001,anomaly,denial_reason_classification,OBJ0052,fct_patients,models/marts/rcm/fct_patients.sql,Tricare|OA-23,rcm.denials,medium,11,tap_generated
TRG000773,2026-06-14T16:24:00,2026-06,SRC001,anomaly,denial_reason_classification,OBJ0046,fct_measures,models/marts/rcm/fct_measures.sql,Tricare|CO-45,rcm.denials,low,3,suppressed_dedupe
TRG000774,2026-06-16T14:42:00,2026-06,SRC001,anomaly,denial_reason_classification,OBJ0047,fct_aging,models/marts/rcm/fct_aging.sql,Aetna|CO-B7,rcm.denials,high,34,tap_generated
TRG000775,2026-06-28T11:24:00,2026-06,SRC001,anomaly,denial_reason_classification,OBJ0050,fct_census,models/marts/rcm/fct_census.sql,UnitedHealthcare|CO-B7,rcm.denials,low,3,tap_generated
TRG000776,2026-06-20T12:07:00,2026-06,SRC001,anomaly,denial_reason_classification,OBJ0030,fct_claims,models/marts/rcm/fct_claims.sql,BCBS Michigan|CO-B7,rcm.denials,low,3,tap_generated
TRG000777,2026-06-29T16:10:00,2026-06,SRC001,anomaly,denial_reason_classification,OBJ0042,fct_exclusions,models/marts/rcm/fct_exclusions.sql,Cigna|CO-B7,rcm.denials,low,8,tap_generated
TRG000778,2026-06-20T13:57:00,2026-06,SRC001,anomaly,denial_reason_classification,OBJ0035,fct_charges,models/marts/rcm/fct_charges.sql,Humana|CO-B7,rcm.denials,medium,19,tap_generated
TRG000779,2026-06-24T13:56:00,2026-06,SRC001,anomaly,encounter_type_mapping,OBJ0071,fct_service_lines,models/marts/clinical/fct_service_lines.sql,VT-516,clinical.encounters,low,8,tap_generated
TRG000780,2026-06-12T11:26:00,2026-06,SRC001,anomaly,encounter_type_mapping,OBJ0057,fct_admissions,models/marts/clinical/fct_admissions.sql,VT-529,clinical.encounters,low,4,tap_generated
TRG000781,2026-06-22T16:18:00,2026-06,SRC001,anomaly,encounter_type_mapping,OBJ0054,fct_departments,models/marts/clinical/fct_departments.sql,VT-204,clinical.encounters,medium,19,suppressed_dedupe
TRG000782,2026-06-15T16:40:00,2026-06,SRC001,anomaly,encounter_type_mapping,OBJ0073,fct_encounters,models/marts/clinical/fct_encounters.sql,VT-542,clinical.encounters,medium,15,suppressed_rate_limit
TRG000783,2026-06-29T13:58:00,2026-06,SRC001,anomaly,encounter_type_mapping,OBJ0054,fct_departments,models/marts/clinical/fct_departments.sql,VT-555,clinical.encounters,medium,19,tap_generated
TRG000784,2026-06-04T14:27:00,2026-06,SRC001,anomaly,encounter_type_mapping,OBJ0069,fct_providers,models/marts/clinical/fct_providers.sql,VT-360,clinical.encounters,high,34,suppressed_dedupe
TRG000785,2026-06-29T15:35:00,2026-06,SRC001,anomaly,encounter_type_mapping,OBJ0067,fct_facilities,models/marts/clinical/fct_facilities.sql,VT-568,clinical.encounters,low,1,suppressed_low_confidence
TRG000786,2026-06-09T15:55:00,2026-06,SRC001,anomaly,encounter_type_mapping,OBJ0071,fct_service_lines,models/marts/clinical/fct_service_lines.sql,VT-581,clinical.encounters,low,8,tap_generated
TRG000787,2026-06-12T12:57:00,2026-06,SRC001,code_change,phi_column_classification,OBJ0151,epic_caboodle,models/input_layer/_input_layer_sources.yml,stg_coverage.guarantor_dob_181,compliance.phi,medium,16,tap_generated
TRG000788,2026-06-13T16:20:00,2026-06,SRC001,code_change,phi_column_classification,OBJ0037,fct_facilities,models/marts/rcm/fct_facilities.sql,stg_authorizations.legal_guardian_name_233,compliance.phi,medium,15,tap_generated
TRG000789,2026-06-09T15:26:00,2026-06,SRC001,code_change,phi_column_classification,OBJ0033,fct_throughput,models/marts/rcm/fct_throughput.sql,fct_exclusions.dob_year_only_234,compliance.phi,low,1,tap_generated
TRG000790,2026-06-05T12:26:00,2026-06,SRC001,code_change,phi_column_classification,OBJ0059,fct_numerators,models/marts/clinical/fct_numerators.sql,fct_remittances.device_serial_50,compliance.phi,medium,11,tap_generated
TRG000791,2026-06-01T16:02:00,2026-06,SRC001,code_change,phi_column_classification,OBJ0146,write_off_pct,models/marts/core/_core_schema.yml,fct_referrals.geo_lat_rounded_235,compliance.phi,low,4,tap_generated
TRG000792,2026-06-18T16:43:00,2026-06,SRC001,code_change,phi_column_classification,OBJ0014,fct_appointments,models/marts/core/fct_appointments.sql,stg_balances.account_alias_236,compliance.phi,low,6,tap_generated
TRG000793,2026-06-11T18:00:00,2026-06,SRC001,code_change,phi_column_classification,OBJ0111,stg_balances,models/input_layer/stg_balances.sql,stg_appointments.geo_lat_rounded_35,compliance.phi,low,1,suppressed_low_confidence
TRG000794,2026-06-23T07:15:00,2026-06,SRC001,code_change,phi_column_classification,OBJ0019,fct_coverage,models/marts/core/fct_coverage.sql,fct_cohorts.prior_auth_number_237,compliance.phi,high,26,tap_generated
TRG000795,2026-06-04T18:04:00,2026-06,SRC001,code_change,phi_column_classification,OBJ0075,fct_authorizations,models/marts/quality/fct_authorizations.sql,stg_legacy_extract_4.claim_note_text_238,compliance.phi,high,34,tap_generated
TRG000796,2026-06-06T14:26:00,2026-06,SRC001,code_change,phi_column_classification,OBJ0078,fct_denials,models/marts/quality/fct_denials.sql,stg_departments.chart_note_excerpt_231,compliance.phi,low,3,tap_generated
TRG000797,2026-06-26T08:08:00,2026-06,SRC001,code_change,phi_column_classification,OBJ0075,fct_authorizations,models/marts/quality/fct_authorizations.sql,fct_eligibility.device_serial_130,compliance.phi,high,34,tap_generated
TRG000798,2026-06-11T15:32:00,2026-06,SRC001,code_change,phi_column_classification,OBJ0059,fct_numerators,models/marts/clinical/fct_numerators.sql,fct_diagnoses.employer_name_239,compliance.phi,medium,11,tap_generated
TRG000799,2026-06-27T17:02:00,2026-06,SRC001,code_change,phi_column_classification,OBJ0146,write_off_pct,models/marts/core/_core_schema.yml,fct_throughput.mrn_alt_240,compliance.phi,low,4,tap_generated
TRG000800,2026-06-14T12:08:00,2026-06,SRC001,code_change,phi_column_classification,OBJ0105,stg_authorizations,models/input_layer/stg_authorizations.sql,fct_appointments.guarantor_dob_241,compliance.phi,high,34,suppressed_rate_limit
TRG000801,2026-06-27T10:59:00,2026-06,SRC001,code_change,phi_column_classification,OBJ0113,stg_procedures,models/input_layer/stg_procedures.sql,fct_coverage.device_serial_230,compliance.phi,low,4,tap_generated
TRG000802,2026-06-23T18:59:00,2026-06,SRC001,code_change,phi_column_classification,OBJ0142,new_patient_starts,models/marts/core/_core_schema.yml,fct_payers.mrn_alt_240,compliance.phi,low,4,tap_generated
TRG000803,2026-06-05T08:43:00,2026-06,SRC001,code_change,phi_column_classification,OBJ0036,fct_diagnoses,models/marts/rcm/fct_diagnoses.sql,stg_patients.subscriber_ssn_last4_242,compliance.phi,low,0,tap_generated
TRG000804,2026-06-15T09:33:00,2026-06,SRC001,code_change,phi_column_classification,OBJ0134,readmission_rate_30d,models/marts/core/_core_schema.yml,fct_providers.home_phone_e164_243,compliance.phi,medium,18,tap_generated
TRG000805,2026-06-23T09:29:00,2026-06,SRC001,code_change,phi_column_classification,OBJ0047,fct_aging,models/marts/rcm/fct_aging.sql,fct_denials.referring_npi_244,compliance.phi,high,34,tap_generated
TRG000806,2026-06-30T10:20:00,2026-06,SRC001,code_change,phi_column_classification,OBJ0129,days_in_ar,models/marts/core/_core_schema.yml,stg_providers.patient_email_hash_245,compliance.phi,medium,12,tap_generated
TRG000807,2026-06-11T10:19:00,2026-06,SRC001,code_change,phi_column_classification,OBJ0127,gross_charges,models/marts/core/_core_schema.yml,stg_appointments.zip_plus_four_246,compliance.phi,medium,18,tap_generated
TRG000808,2026-06-15T11:32:00,2026-06,SRC001,code_change,phi_column_classification,OBJ0044,fct_appointments,models/marts/rcm/fct_appointments.sql,fct_cohorts.member_id_raw_247,compliance.phi,low,0,tap_generated
TRG000809,2026-06-17T15:09:00,2026-06,SRC001,code_change,phi_column_classification,OBJ0115,stg_cohorts,models/input_layer/stg_cohorts.sql,fct_charges.emergency_contact_name_248,compliance.phi,low,2,tap_generated
TRG000810,2026-06-01T16:28:00,2026-06,SRC001,code_change,phi_column_classification,OBJ0006,fct_diagnoses,models/marts/core/fct_diagnoses.sql,fct_procedures.policy_number_249,compliance.phi,low,1,tap_generated
TRG000811,2026-06-06T11:54:00,2026-06,SRC001,code_change,phi_column_classification,OBJ0130,denial_rate,models/marts/core/_core_schema.yml,fct_census.zip_plus_four_126,compliance.phi,high,31,tap_generated
TRG000812,2026-06-09T13:33:00,2026-06,SRC001,code_change,phi_column_classification,OBJ0123,stg_legacy_extract_5,models/input_layer/stg_legacy_extract_5.sql,fct_encounters.device_serial_250,compliance.phi,low,4,tap_generated
TRG000813,2026-06-29T08:22:00,2026-06,SRC001,code_change,phi_column_classification,OBJ0079,fct_coverage,models/marts/quality/fct_coverage.sql,fct_diagnoses.chart_note_excerpt_251,compliance.phi,low,3,tap_generated
TRG000814,2026-06-29T11:16:00,2026-06,SRC001,code_change,phi_column_classification,OBJ0114,stg_departments,models/input_layer/stg_departments.sql,stg_coverage.insurance_group_id_252,compliance.phi,low,0,tap_generated
TRG000815,2026-06-13T14:31:00,2026-06,SRC001,code_change,phi_column_classification,OBJ0012,fct_exclusions,models/marts/core/fct_exclusions.sql,stg_legacy_extract_7.mrn_alt_0,compliance.phi,low,0,tap_generated
TRG000816,2026-06-04T09:36:00,2026-06,SRC001,code_change,phi_column_classification,OBJ0163,cms_qpp_feedback,models/input_layer/_input_layer_sources.yml,fct_claims.geo_lat_rounded_215,compliance.phi,medium,16,tap_generated
TRG000817,2026-06-09T12:13:00,2026-06,SRC001,code_change,phi_column_classification,OBJ0082,fct_patients,models/marts/quality/fct_patients.sql,fct_aging.legal_guardian_name_253,compliance.phi,medium,19,tap_generated
TRG000818,2026-06-24T15:15:00,2026-06,SRC001,code_change,phi_column_classification,OBJ0105,stg_authorizations,models/input_layer/stg_authorizations.sql,fct_writeoffs.account_alias_136,compliance.phi,high,34,tap_generated
TRG000819,2026-06-25T13:49:00,2026-06,SRC001,code_change,phi_column_classification,OBJ0121,stg_legacy_extract_3,models/input_layer/stg_legacy_extract_3.sql,stg_charges.dob_year_only_254,compliance.phi,low,1,tap_generated
TRG000820,2026-06-27T12:06:00,2026-06,SRC001,code_change,phi_column_classification,OBJ0135,ed_left_without_being_seen,models/marts/core/_core_schema.yml,fct_facilities.guarantor_dob_221,compliance.phi,high,31,tap_generated
TRG000821,2026-06-20T15:30:00,2026-06,SRC001,code_change,phi_column_classification,OBJ0009,fct_providers,models/marts/core/fct_providers.sql,stg_claims.geo_lat_rounded_255,compliance.phi,medium,11,suppressed_low_confidence
TRG000822,2026-06-26T12:06:00,2026-06,SRC001,code_change,phi_column_classification,OBJ0162,surescripts_rx,models/input_layer/_input_layer_sources.yml,fct_service_lines.claim_note_text_198,compliance.phi,low,9,tap_generated
TRG000823,2026-06-29T11:54:00,2026-06,SRC001,code_change,phi_column_classification,OBJ0117,stg_admissions,models/input_layer/stg_admissions.sql,fct_departments.mrn_alt_220,compliance.phi,low,4,tap_generated
TRG000824,2026-06-30T17:56:00,2026-06,SRC001,code_change,phi_column_classification,OBJ0146,write_off_pct,models/marts/core/_core_schema.yml,fct_authorizations.account_alias_256,compliance.phi,low,4,tap_generated
TRG000825,2026-06-21T12:40:00,2026-06,SRC001,code_change,phi_column_classification,OBJ0038,fct_eligibility,models/marts/rcm/fct_eligibility.sql,fct_remittances.prior_auth_number_257,compliance.phi,low,3,tap_generated
TRG000826,2026-06-22T09:24:00,2026-06,SRC001,code_change,phi_column_classification,OBJ0045,fct_authorizations,models/marts/rcm/fct_authorizations.sql,stg_denials.claim_note_text_258,compliance.phi,low,8,tap_generated
TRG000827,2026-06-12T12:49:00,2026-06,SRC001,code_change,phi_column_classification,OBJ0144,charge_lag_days,models/marts/core/_core_schema.yml,stg_measures.account_alias_256,compliance.phi,low,2,tap_generated
TRG000828,2026-06-07T13:43:00,2026-06,SRC001,code_change,phi_column_classification,OBJ0074,fct_appointments,models/marts/clinical/fct_appointments.sql,stg_legacy_extract_6.employer_name_199,compliance.phi,medium,15,tap_generated
TRG000829,2026-06-20T14:13:00,2026-06,SRC001,code_change,phi_column_classification,OBJ0017,fct_aging,models/marts/core/fct_aging.sql,stg_writeoffs.employer_name_259,compliance.phi,low,6,tap_generated
TRG000830,2026-06-07T10:38:00,2026-06,SRC001,code_change,phi_column_classification,OBJ0046,fct_measures,models/marts/rcm/fct_measures.sql,fct_patients.patient_email_hash_225,compliance.phi,low,3,tap_generated
TRG000831,2026-06-01T10:23:00,2026-06,SRC001,code_change,phi_column_classification,OBJ0074,fct_appointments,models/marts/clinical/fct_appointments.sql,fct_aging.subscriber_ssn_last4_182,compliance.phi,medium,15,tap_generated
TRG000832,2026-06-01T14:01:00,2026-06,SRC001,code_change,phi_column_classification,OBJ0050,fct_census,models/marts/rcm/fct_census.sql,fct_throughput.mrn_alt_260,compliance.phi,low,3,tap_generated
TRG000833,2026-06-07T08:38:00,2026-06,SRC001,code_change,phi_column_classification,OBJ0089,stg_numerators,models/input_layer/stg_numerators.sql,fct_facilities.guarantor_dob_81,compliance.phi,low,6,tap_generated
TRG000834,2026-06-12T12:44:00,2026-06,SRC001,code_change,phi_column_classification,OBJ0143,referral_conversion,models/marts/core/_core_schema.yml,stg_legacy_extract_3.guarantor_dob_261,compliance.phi,low,4,tap_generated
TRG000835,2026-06-13T14:31:00,2026-06,SRC001,code_change,phi_column_classification,OBJ0078,fct_denials,models/marts/quality/fct_denials.sql,fct_procedures.subscriber_ssn_last4_122,compliance.phi,low,3,tap_generated
TRG000836,2026-06-08T12:44:00,2026-06,SRC001,code_change,phi_column_classification,OBJ0049,fct_coverage,models/marts/rcm/fct_coverage.sql,fct_patients.zip_plus_four_186,compliance.phi,high,34,tap_generated
TRG000837,2026-06-21T15:26:00,2026-06,SRC001,code_change,phi_column_classification,OBJ0141,hcahps_top_box,models/marts/core/_core_schema.yml,stg_legacy_extract_7.legal_guardian_name_173,compliance.phi,low,3,tap_generated
TRG000838,2026-06-14T12:29:00,2026-06,SRC001,code_change,phi_column_classification,OBJ0153,availity_remits,models/input_layer/_input_layer_sources.yml,fct_discharges.device_serial_50,compliance.phi,low,3,tap_generated
TRG000839,2026-06-18T15:08:00,2026-06,SRC001,code_change,phi_column_classification,OBJ0157,salesforce_referrals,models/input_layer/_input_layer_sources.yml,stg_departments.subscriber_ssn_last4_262,compliance.phi,low,3,tap_generated
TRG000840,2026-06-20T13:30:00,2026-06,SRC001,code_change,phi_column_classification,OBJ0149,observation_conversion_rate,models/marts/core/_core_schema.yml,fct_exclusions.prior_auth_number_77,compliance.phi,high,31,tap_generated
TRG000841,2026-06-12T15:12:00,2026-06,SRC001,code_change,phi_column_classification,OBJ0057,fct_admissions,models/marts/clinical/fct_admissions.sql,stg_denials.zip_plus_four_26,compliance.phi,low,4,tap_generated
TRG000842,2026-06-23T16:14:00,2026-06,SRC001,code_change,phi_column_classification,OBJ0031,fct_adjustments,models/marts/rcm/fct_adjustments.sql,stg_departments.home_phone_e164_263,compliance.phi,low,2,tap_generated
TRG000843,2026-06-27T15:21:00,2026-06,SRC001,code_change,phi_column_classification,OBJ0148,encounters_per_provider_day,models/marts/core/_core_schema.yml,fct_referrals.referring_npi_264,compliance.phi,high,31,tap_generated
TRG000844,2026-06-25T18:50:00,2026-06,SRC001,code_change,phi_column_classification,OBJ0036,fct_diagnoses,models/marts/rcm/fct_diagnoses.sql,fct_encounters.dob_year_only_14,compliance.phi,low,0,tap_generated
TRG000845,2026-06-16T14:44:00,2026-06,SRC001,code_change,phi_column_classification,OBJ0132,clean_claim_rate,models/marts/core/_core_schema.yml,fct_facilities.patient_email_hash_265,compliance.phi,high,25,tap_generated
TRG000846,2026-06-28T17:21:00,2026-06,SRC001,code_change,phi_column_classification,OBJ0110,stg_census,models/input_layer/stg_census.sql,fct_numerators.guarantor_dob_101,compliance.phi,low,2,tap_generated
TRG000847,2026-06-04T12:25:00,2026-06,SRC001,code_change,phi_column_classification,OBJ0137,bed_occupancy_rate,models/marts/core/_core_schema.yml,fct_providers.device_serial_110,compliance.phi,low,4,tap_generated
TRG000848,2026-06-30T13:33:00,2026-06,SRC001,code_change,phi_column_classification,OBJ0023,fct_procedures,models/marts/core/fct_procedures.sql,fct_charges.zip_plus_four_106,compliance.phi,low,1,tap_generated
TRG000849,2026-06-23T11:14:00,2026-06,SRC001,code_change,phi_column_classification,OBJ0129,days_in_ar,models/marts/core/_core_schema.yml,fct_providers.zip_plus_four_266,compliance.phi,medium,12,tap_generated
TRG000850,2026-06-19T14:55:00,2026-06,SRC001,code_change,phi_column_classification,OBJ0065,fct_charges,models/marts/clinical/fct_charges.sql,stg_legacy_extract_5.device_serial_50,compliance.phi,low,4,tap_generated
TRG000851,2026-06-18T11:12:00,2026-06,SRC001,code_change,phi_column_classification,OBJ0150,epic_clarity,models/input_layer/_input_layer_sources.yml,fct_balances.account_alias_76,compliance.phi,medium,12,tap_generated
TRG000852,2026-06-16T12:05:00,2026-06,SRC001,code_change,phi_column_classification,OBJ0071,fct_service_lines,models/marts/clinical/fct_service_lines.sql,fct_facilities.member_id_raw_267,compliance.phi,low,8,tap_generated
TRG000853,2026-06-05T09:07:00,2026-06,SRC001,code_change,phi_column_classification,OBJ0015,fct_authorizations,models/marts/core/fct_authorizations.sql,fct_balances.zip_plus_four_166,compliance.phi,low,4,tap_generated
TRG000854,2026-06-08T11:48:00,2026-06,SRC001,code_change,phi_column_classification,OBJ0010,fct_discharges,models/marts/core/fct_discharges.sql,stg_numerators.account_alias_116,compliance.phi,medium,11,tap_generated
TRG000855,2026-06-17T08:22:00,2026-06,SRC001,code_change,phi_column_classification,OBJ0016,fct_measures,models/marts/core/fct_measures.sql,fct_authorizations.chart_note_excerpt_231,compliance.phi,medium,11,tap_generated
TRG000856,2026-06-05T18:51:00,2026-06,SRC001,code_change,phi_column_classification,OBJ0044,fct_appointments,models/marts/rcm/fct_appointments.sql,fct_exclusions.emergency_contact_name_268,compliance.phi,low,0,tap_generated
TRG000857,2026-06-03T08:45:00,2026-06,SRC001,code_change,phi_column_classification,OBJ0015,fct_authorizations,models/marts/core/fct_authorizations.sql,stg_aging.policy_number_269,compliance.phi,low,4,tap_generated
TRG000858,2026-06-19T11:56:00,2026-06,SRC001,code_change,phi_column_classification,OBJ0153,availity_remits,models/input_layer/_input_layer_sources.yml,stg_adjustments.device_serial_270,compliance.phi,low,3,tap_generated
TRG000859,2026-06-01T18:14:00,2026-06,SRC001,code_change,phi_column_classification,OBJ0091,stg_adjustments,models/input_layer/stg_adjustments.sql,fct_charges.chart_note_excerpt_271,compliance.phi,low,3,tap_generated
TRG000860,2026-06-06T17:17:00,2026-06,SRC001,code_change,phi_column_classification,OBJ0159,redox_hl7,models/input_layer/_input_layer_sources.yml,fct_encounters.insurance_group_id_272,compliance.phi,low,3,tap_generated
TRG000861,2026-06-26T17:46:00,2026-06,SRC001,code_change,phi_column_classification,OBJ0076,fct_measures,models/marts/quality/fct_measures.sql,fct_cohorts.legal_guardian_name_273,compliance.phi,low,6,tap_generated
TRG000862,2026-06-08T14:48:00,2026-06,SRC001,code_change,phi_column_classification,OBJ0001,fct_adjustments,models/marts/core/fct_adjustments.sql,stg_authorizations.dob_year_only_274,compliance.phi,low,2,tap_generated
TRG000863,2026-06-09T12:46:00,2026-06,SRC001,code_change,phi_column_classification,OBJ0001,fct_adjustments,models/marts/core/fct_adjustments.sql,stg_authorizations.legal_guardian_name_133,compliance.phi,low,2,tap_generated
TRG000864,2026-06-02T13:25:00,2026-06,SRC001,code_change,phi_column_classification,OBJ0109,stg_coverage,models/input_layer/stg_coverage.sql,fct_aging.geo_lat_rounded_275,compliance.phi,low,6,tap_generated
TRG000865,2026-06-25T15:31:00,2026-06,SRC001,code_change,phi_column_classification,OBJ0023,fct_procedures,models/marts/core/fct_procedures.sql,fct_providers.chart_note_excerpt_171,compliance.phi,low,1,tap_generated
TRG000866,2026-06-23T14:43:00,2026-06,SRC001,code_change,phi_column_classification,OBJ0162,surescripts_rx,models/input_layer/_input_layer_sources.yml,stg_legacy_extract_6.account_alias_276,compliance.phi,low,9,tap_generated
TRG000867,2026-06-26T16:32:00,2026-06,SRC001,code_change,phi_column_classification,OBJ0124,stg_legacy_extract_6,models/input_layer/stg_legacy_extract_6.sql,stg_balances.prior_auth_number_277,compliance.phi,low,2,tap_generated
TRG000868,2026-06-04T14:37:00,2026-06,SRC001,code_change,phi_column_classification,OBJ0061,fct_adjustments,models/marts/clinical/fct_adjustments.sql,stg_census.referring_npi_44,compliance.phi,medium,11,tap_generated
TRG000869,2026-06-25T16:44:00,2026-06,SRC001,code_change,phi_column_classification,OBJ0099,stg_providers,models/input_layer/stg_providers.sql,fct_charges.claim_note_text_278,compliance.phi,medium,11,tap_generated
TRG000870,2026-06-08T16:52:00,2026-06,SRC001,code_change,phi_column_classification,OBJ0044,fct_appointments,models/marts/rcm/fct_appointments.sql,fct_patients.employer_name_279,compliance.phi,low,0,suppressed_rate_limit
TRG000871,2026-06-22T13:57:00,2026-06,SRC001,code_change,phi_column_classification,OBJ0134,readmission_rate_30d,models/marts/core/_core_schema.yml,stg_diagnoses.employer_name_139,compliance.phi,medium,18,tap_generated
TRG000872,2026-06-03T17:42:00,2026-06,SRC001,code_change,phi_column_classification,OBJ0022,fct_patients,models/marts/core/fct_patients.sql,stg_charges.mrn_alt_60,compliance.phi,low,6,tap_generated
TRG000873,2026-06-24T13:49:00,2026-06,SRC001,code_change,phi_column_classification,OBJ0141,hcahps_top_box,models/marts/core/_core_schema.yml,fct_payers.zip_plus_four_166,compliance.phi,low,3,tap_generated
TRG000874,2026-06-12T11:54:00,2026-06,SRC001,code_change,phi_column_classification,OBJ0012,fct_exclusions,models/marts/core/fct_exclusions.sql,fct_adjustments.mrn_alt_280,compliance.phi,low,0,tap_generated
TRG000875,2026-06-18T17:36:00,2026-06,SRC001,code_change,phi_column_classification,OBJ0157,salesforce_referrals,models/input_layer/_input_layer_sources.yml,fct_eligibility.guarantor_dob_281,compliance.phi,low,3,tap_generated
TRG000876,2026-06-17T10:08:00,2026-06,SRC001,code_change,phi_column_classification,OBJ0064,fct_writeoffs,models/marts/clinical/fct_writeoffs.sql,fct_denials.device_serial_10,compliance.phi,low,6,tap_generated
TRG000877,2026-06-16T14:57:00,2026-06,SRC001,code_change,phi_column_classification,OBJ0123,stg_legacy_extract_5,models/input_layer/stg_legacy_extract_5.sql,fct_aging.subscriber_ssn_last4_282,compliance.phi,low,4,tap_generated
TRG000878,2026-06-06T09:44:00,2026-06,SRC001,code_change,phi_column_classification,OBJ0009,fct_providers,models/marts/core/fct_providers.sql,fct_admissions.home_phone_e164_283,compliance.phi,medium,11,tap_generated
TRG000879,2026-06-22T16:55:00,2026-06,SRC001,code_change,phi_column_classification,OBJ0155,kronos_staffing,models/input_layer/_input_layer_sources.yml,stg_measures.referring_npi_284,compliance.phi,low,3,tap_generated
TRG000880,2026-06-26T11:31:00,2026-06,SRC001,code_change,phi_column_classification,OBJ0119,stg_legacy_extract_1,models/input_layer/stg_legacy_extract_1.sql,fct_discharges.patient_email_hash_285,compliance.phi,low,1,tap_generated
TRG000881,2026-06-11T14:57:00,2026-06,SRC001,code_change,phi_column_classification,OBJ0039,fct_providers,models/marts/rcm/fct_providers.sql,fct_remittances.zip_plus_four_286,compliance.phi,low,1,tap_generated
TRG000882,2026-06-14T09:55:00,2026-06,SRC001,code_change,phi_column_classification,OBJ0102,stg_exclusions,models/input_layer/stg_exclusions.sql,fct_numerators.insurance_group_id_272,compliance.phi,low,3,tap_generated
TRG000883,2026-06-26T09:40:00,2026-06,SRC001,code_change,phi_column_classification,OBJ0048,fct_denials,models/marts/rcm/fct_denials.sql,fct_departments.employer_name_59,compliance.phi,low,3,tap_generated
TRG000884,2026-06-25T10:58:00,2026-06,SRC001,code_change,phi_column_classification,OBJ0103,stg_encounters,models/input_layer/stg_encounters.sql,stg_legacy_extract_2.subscriber_ssn_last4_22,compliance.phi,low,3,tap_generated
TRG000885,2026-06-14T14:33:00,2026-06,SRC001,code_change,phi_column_classification,OBJ0112,stg_patients,models/input_layer/stg_patients.sql,stg_patients.subscriber_ssn_last4_262,compliance.phi,medium,15,tap_generated
TRG000886,2026-06-12T11:34:00,2026-06,SRC001,code_change,phi_column_classification,OBJ0011,fct_service_lines,models/marts/core/fct_service_lines.sql,fct_providers.mrn_alt_160,compliance.phi,low,4,tap_generated
TRG000887,2026-06-11T14:34:00,2026-06,SRC001,code_change,phi_column_classification,OBJ0023,fct_procedures,models/marts/core/fct_procedures.sql,fct_appointments.member_id_raw_287,compliance.phi,low,1,suppressed_rate_limit
TRG000888,2026-06-24T14:20:00,2026-06,SRC001,code_change,phi_column_classification,OBJ0139,hedis_cbp_compliance,models/marts/core/_core_schema.yml,fct_exclusions.emergency_contact_name_288,compliance.phi,high,31,suppressed_rate_limit
TRG000889,2026-06-02T11:46:00,2026-06,SRC001,code_change,phi_column_classification,OBJ0062,fct_remittances,models/marts/clinical/fct_remittances.sql,stg_eligibility.policy_number_289,compliance.phi,medium,11,tap_generated
TRG000890,2026-06-08T16:11:00,2026-06,SRC001,code_change,phi_column_classification,OBJ0092,stg_remittances,models/input_layer/stg_remittances.sql,fct_appointments.insurance_group_id_112,compliance.phi,medium,19,tap_generated
TRG000891,2026-06-28T11:15:00,2026-06,SRC001,code_change,phi_column_classification,OBJ0147,payer_mix_commercial,models/marts/core/_core_schema.yml,stg_census.device_serial_290,compliance.phi,high,31,tap_generated
TRG000892,2026-06-15T11:34:00,2026-06,SRC001,code_change,phi_column_classification,OBJ0027,fct_admissions,models/marts/core/fct_admissions.sql,fct_patients.chart_note_excerpt_291,compliance.phi,low,1,tap_generated
TRG000893,2026-06-11T18:42:00,2026-06,SRC001,code_change,phi_column_classification,OBJ0113,stg_procedures,models/input_layer/stg_procedures.sql,fct_exclusions.referring_npi_144,compliance.phi,low,4,tap_generated
TRG000894,2026-06-06T08:50:00,2026-06,SRC001,code_change,phi_column_classification,OBJ0098,stg_eligibility,models/input_layer/stg_eligibility.sql,stg_aging.insurance_group_id_292,compliance.phi,high,34,tap_generated
TRG000895,2026-06-21T13:07:00,2026-06,SRC001,code_change,phi_column_classification,OBJ0008,fct_eligibility,models/marts/core/fct_eligibility.sql,fct_throughput.legal_guardian_name_293,compliance.phi,medium,15,tap_generated
TRG000896,2026-06-29T09:30:00,2026-06,SRC001,code_change,phi_column_classification,OBJ0017,fct_aging,models/marts/core/fct_aging.sql,fct_claims.dob_year_only_294,compliance.phi,low,6,tap_generated
TRG000897,2026-06-01T09:20:00,2026-06,SRC001,code_change,phi_column_classification,OBJ0084,fct_departments,models/marts/quality/fct_departments.sql,fct_remittances.employer_name_219,compliance.phi,high,34,tap_generated
TRG000898,2026-06-22T14:55:00,2026-06,SRC001,code_change,phi_column_classification,OBJ0103,stg_encounters,models/input_layer/stg_encounters.sql,fct_discharges.geo_lat_rounded_295,compliance.phi,low,3,tap_generated
TRG000899,2026-06-19T12:03:00,2026-06,SRC001,code_change,phi_column_classification,OBJ0063,fct_throughput,models/marts/clinical/fct_throughput.sql,fct_eligibility.account_alias_296,compliance.phi,low,6,tap_generated
TRG000900,2026-06-27T14:09:00,2026-06,SRC001,code_change,phi_column_classification,OBJ0079,fct_coverage,models/marts/quality/fct_coverage.sql,fct_procedures.prior_auth_number_297,compliance.phi,low,3,tap_generated
TRG000901,2026-06-11T13:12:00,2026-06,SRC001,code_change,phi_column_classification,OBJ0050,fct_census,models/marts/rcm/fct_census.sql,fct_admissions.claim_note_text_298,compliance.phi,low,3,tap_generated
TRG000902,2026-06-17T15:11:00,2026-06,SRC001,code_change,phi_column_classification,OBJ0021,fct_balances,models/marts/core/fct_balances.sql,fct_encounters.prior_auth_number_77,compliance.phi,medium,11,tap_generated
TRG000903,2026-06-20T18:22:00,2026-06,SRC001,code_change,phi_column_classification,OBJ0127,gross_charges,models/marts/core/_core_schema.yml,fct_throughput.zip_plus_four_166,compliance.phi,medium,18,tap_generated
TRG000904,2026-06-07T09:34:00,2026-06,SRC001,code_change,phi_column_classification,OBJ0155,kronos_staffing,models/input_layer/_input_layer_sources.yml,fct_discharges.employer_name_299,compliance.phi,low,3,tap_generated
TRG000905,2026-06-22T12:43:00,2026-06,SRC001,code_change,phi_column_classification,OBJ0033,fct_throughput,models/marts/rcm/fct_throughput.sql,fct_providers.subscriber_ssn_last4_222,compliance.phi,low,1,tap_generated
TRG000906,2026-06-04T13:22:00,2026-06,SRC001,code_change,phi_column_classification,OBJ0150,epic_clarity,models/input_layer/_input_layer_sources.yml,fct_measures.mrn_alt_300,compliance.phi,medium,12,tap_generated
TRG000907,2026-06-07T17:36:00,2026-06,SRC001,code_change,phi_column_classification,OBJ0064,fct_writeoffs,models/marts/clinical/fct_writeoffs.sql,fct_cohorts.guarantor_dob_301,compliance.phi,low,6,tap_generated
TRG000908,2026-06-11T10:36:00,2026-06,SRC001,code_change,phi_column_classification,OBJ0141,hcahps_top_box,models/marts/core/_core_schema.yml,stg_writeoffs.subscriber_ssn_last4_302,compliance.phi,low,3,tap_generated
TRG000909,2026-06-19T11:26:00,2026-06,SRC001,code_change,phi_column_classification,OBJ0119,stg_legacy_extract_1,models/input_layer/stg_legacy_extract_1.sql,fct_throughput.home_phone_e164_303,compliance.phi,low,1,tap_generated
TRG000910,2026-06-11T11:30:00,2026-06,SRC001,code_change,phi_column_classification,OBJ0043,fct_encounters,models/marts/rcm/fct_encounters.sql,fct_throughput.referring_npi_304,compliance.phi,medium,11,tap_generated
TRG000911,2026-06-24T14:15:00,2026-06,SRC001,code_change,phi_column_classification,OBJ0135,ed_left_without_being_seen,models/marts/core/_core_schema.yml,fct_referrals.member_id_raw_227,compliance.phi,high,31,tap_generated
TRG000912,2026-06-12T09:02:00,2026-06,SRC001,code_change,phi_column_classification,OBJ0096,stg_diagnoses,models/input_layer/stg_diagnoses.sql,fct_eligibility.patient_email_hash_305,compliance.phi,low,2,tap_generated
TRG000913,2026-06-08T16:20:00,2026-06,SRC001,code_change,phi_column_classification,OBJ0145,coding_accuracy_rate,models/marts/core/_core_schema.yml,stg_legacy_extract_7.zip_plus_four_306,compliance.phi,high,31,tap_generated
TRG000914,2026-06-02T12:44:00,2026-06,SRC001,code_change,phi_column_classification,OBJ0069,fct_providers,models/marts/clinical/fct_providers.sql,stg_legacy_extract_5.zip_plus_four_146,compliance.phi,high,34,tap_generated
TRG000915,2026-06-10T15:05:00,2026-06,SRC001,code_change,phi_column_classification,OBJ0130,denial_rate,models/marts/core/_core_schema.yml,fct_facilities.member_id_raw_307,compliance.phi,high,31,tap_generated
TRG000916,2026-06-29T09:04:00,2026-06,SRC001,code_change,phi_column_classification,OBJ0135,ed_left_without_being_seen,models/marts/core/_core_schema.yml,fct_census.mrn_alt_60,compliance.phi,high,31,tap_generated
TRG000917,2026-06-26T11:35:00,2026-06,SRC001,code_change,phi_column_classification,OBJ0038,fct_eligibility,models/marts/rcm/fct_eligibility.sql,fct_denials.emergency_contact_name_308,compliance.phi,low,3,tap_generated
TRG000918,2026-06-06T10:27:00,2026-06,SRC001,code_change,phi_column_classification,OBJ0140,cms_sep1_compliance,models/marts/core/_core_schema.yml,fct_providers.policy_number_309,compliance.phi,low,3,tap_generated
TRG000919,2026-06-24T10:36:00,2026-06,SRC001,code_change,phi_column_classification,OBJ0144,charge_lag_days,models/marts/core/_core_schema.yml,fct_census.device_serial_310,compliance.phi,low,2,tap_generated
TRG000920,2026-06-10T15:43:00,2026-06,SRC001,code_change,phi_column_classification,OBJ0051,fct_balances,models/marts/rcm/fct_balances.sql,stg_throughput.mrn_alt_40,compliance.phi,low,4,tap_generated
TRG000921,2026-06-01T16:15:00,2026-06,SRC001,code_change,phi_column_classification,OBJ0003,fct_throughput,models/marts/core/fct_throughput.sql,fct_balances.chart_note_excerpt_311,compliance.phi,medium,11,tap_generated
TRG000922,2026-06-16T09:35:00,2026-06,SRC001,code_change,phi_column_classification,OBJ0128,contractual_allowance,models/marts/core/_core_schema.yml,fct_procedures.insurance_group_id_312,compliance.phi,low,6,tap_generated
TRG000923,2026-06-03T17:58:00,2026-06,SRC001,code_change,phi_column_classification,OBJ0029,fct_numerators,models/marts/rcm/fct_numerators.sql,fct_remittances.legal_guardian_name_313,compliance.phi,low,4,tap_generated
TRG000924,2026-06-29T07:55:00,2026-06,SRC001,code_change,phi_column_classification,OBJ0124,stg_legacy_extract_6,models/input_layer/stg_legacy_extract_6.sql,stg_legacy_extract_6.account_alias_296,compliance.phi,low,2,tap_generated
TRG000925,2026-06-29T11:00:00,2026-06,SRC001,code_change,phi_column_classification,OBJ0024,fct_departments,models/marts/core/fct_departments.sql,stg_departments.dob_year_only_314,compliance.phi,high,26,tap_generated
TRG000926,2026-06-27T18:10:00,2026-06,SRC001,code_change,phi_column_classification,OBJ0099,stg_providers,models/input_layer/stg_providers.sql,fct_referrals.geo_lat_rounded_315,compliance.phi,medium,11,tap_generated
TRG000927,2026-06-29T16:05:00,2026-06,SRC001,code_change,phi_column_classification,OBJ0069,fct_providers,models/marts/clinical/fct_providers.sql,stg_remittances.geo_lat_rounded_115,compliance.phi,high,34,tap_generated
TRG000928,2026-06-06T15:11:00,2026-06,SRC001,code_change,phi_column_classification,OBJ0134,readmission_rate_30d,models/marts/core/_core_schema.yml,fct_measures.account_alias_316,compliance.phi,medium,18,tap_generated
TRG000929,2026-06-01T14:05:00,2026-06,SRC001,code_change,phi_column_classification,OBJ0108,stg_denials,models/input_layer/stg_denials.sql,fct_admissions.prior_auth_number_317,compliance.phi,low,6,tap_generated
TRG000930,2026-06-21T16:14:00,2026-06,SRC001,code_change,phi_column_classification,OBJ0132,clean_claim_rate,models/marts/core/_core_schema.yml,fct_appointments.guarantor_dob_141,compliance.phi,high,25,tap_generated
TRG000931,2026-06-24T14:00:00,2026-06,SRC001,code_change,phi_column_classification,OBJ0016,fct_measures,models/marts/core/fct_measures.sql,fct_facilities.member_id_raw_307,compliance.phi,medium,11,suppressed_dedupe
TRG000932,2026-06-18T13:14:00,2026-06,SRC001,code_change,phi_column_classification,OBJ0060,fct_claims,models/marts/clinical/fct_claims.sql,fct_appointments.claim_note_text_318,compliance.phi,low,3,tap_generated
TRG000933,2026-06-03T11:13:00,2026-06,SRC001,code_change,phi_column_classification,OBJ0077,fct_aging,models/marts/quality/fct_aging.sql,stg_referrals.employer_name_319,compliance.phi,low,3,tap_generated
TRG000934,2026-06-12T17:49:00,2026-06,SRC001,code_change,phi_column_classification,OBJ0015,fct_authorizations,models/marts/core/fct_authorizations.sql,fct_exclusions.dob_year_only_34,compliance.phi,low,4,tap_generated
TRG000935,2026-06-07T14:18:00,2026-06,SRC001,code_change,phi_column_classification,OBJ0030,fct_claims,models/marts/rcm/fct_claims.sql,stg_measures.mrn_alt_320,compliance.phi,low,3,tap_generated
TRG000936,2026-06-14T11:23:00,2026-06,SRC001,code_change,phi_column_classification,OBJ0014,fct_appointments,models/marts/core/fct_appointments.sql,fct_census.guarantor_dob_321,compliance.phi,low,6,suppressed_low_confidence
TRG000937,2026-06-19T15:47:00,2026-06,SRC001,code_change,phi_column_classification,OBJ0140,cms_sep1_compliance,models/marts/core/_core_schema.yml,fct_aging.patient_email_hash_65,compliance.phi,low,3,tap_generated
TRG000938,2026-06-07T11:47:00,2026-06,SRC001,code_change,phi_column_classification,OBJ0133,cost_to_collect,models/marts/core/_core_schema.yml,fct_exclusions.subscriber_ssn_last4_322,compliance.phi,medium,12,tap_generated
TRG000939,2026-06-14T07:22:00,2026-06,SRC001,code_change,phi_column_classification,OBJ0056,fct_payers,models/marts/clinical/fct_payers.sql,fct_service_lines.home_phone_e164_323,compliance.phi,low,6,tap_generated
TRG000940,2026-06-05T14:58:00,2026-06,SRC001,code_change,phi_column_classification,OBJ0083,fct_procedures,models/marts/quality/fct_procedures.sql,fct_claims.referring_npi_324,compliance.phi,low,8,tap_generated
TRG000941,2026-06-02T10:32:00,2026-06,SRC001,code_change,phi_column_classification,OBJ0056,fct_payers,models/marts/clinical/fct_payers.sql,fct_referrals.dob_year_only_194,compliance.phi,low,6,suppressed_dedupe
TRG000942,2026-06-21T10:02:00,2026-06,SRC001,code_change,phi_column_classification,OBJ0147,payer_mix_commercial,models/marts/core/_core_schema.yml,stg_legacy_extract_7.patient_email_hash_325,compliance.phi,high,31,tap_generated
TRG000943,2026-06-20T15:32:00,2026-06,SRC001,code_change,phi_column_classification,OBJ0041,fct_service_lines,models/marts/rcm/fct_service_lines.sql,stg_admissions.zip_plus_four_326,compliance.phi,medium,19,tap_generated
TRG000944,2026-06-25T15:19:00,2026-06,SRC001,code_change,phi_column_classification,OBJ0154,press_ganey,models/input_layer/_input_layer_sources.yml,stg_referrals.member_id_raw_327,compliance.phi,medium,12,tap_generated
TRG000945,2026-06-11T09:01:00,2026-06,SRC001,code_change,phi_column_classification,OBJ0035,fct_charges,models/marts/rcm/fct_charges.sql,fct_coverage.emergency_contact_name_328,compliance.phi,medium,19,suppressed_low_confidence
TRG000946,2026-06-19T15:54:00,2026-06,SRC001,code_change,phi_column_classification,OBJ0086,fct_payers,models/marts/quality/fct_payers.sql,fct_exclusions.policy_number_29,compliance.phi,low,3,tap_generated
TRG000947,2026-06-03T17:42:00,2026-06,SRC001,code_change,phi_column_classification,OBJ0090,stg_claims,models/input_layer/stg_claims.sql,stg_authorizations.policy_number_329,compliance.phi,low,3,tap_generated
TRG000948,2026-06-21T10:26:00,2026-06,SRC001,code_change,phi_column_classification,OBJ0099,stg_providers,models/input_layer/stg_providers.sql,stg_denials.device_serial_330,compliance.phi,medium,11,tap_generated
TRG000949,2026-06-11T11:22:00,2026-06,SRC001,code_change,phi_column_classification,OBJ0086,fct_payers,models/marts/quality/fct_payers.sql,fct_remittances.chart_note_excerpt_331,compliance.phi,low,3,tap_generated
TRG000950,2026-06-27T12:00:00,2026-06,SRC001,code_change,phi_column_classification,OBJ0028,fct_referrals,models/marts/core/fct_referrals.sql,fct_throughput.insurance_group_id_332,compliance.phi,low,0,tap_generated
TRG000951,2026-06-21T11:32:00,2026-06,SRC001,code_change,phi_column_classification,OBJ0018,fct_denials,models/marts/core/fct_denials.sql,stg_diagnoses.insurance_group_id_172,compliance.phi,low,1,tap_generated
TRG000952,2026-06-23T10:10:00,2026-06,SRC001,code_change,phi_column_classification,OBJ0114,stg_departments,models/input_layer/stg_departments.sql,fct_payers.employer_name_259,compliance.phi,low,0,tap_generated
TRG000953,2026-06-30T09:22:00,2026-06,SRC001,code_change,phi_column_classification,OBJ0150,epic_clarity,models/input_layer/_input_layer_sources.yml,fct_cohorts.legal_guardian_name_333,compliance.phi,medium,12,tap_generated
TRG000954,2026-06-19T12:11:00,2026-06,SRC001,code_change,phi_column_classification,OBJ0163,cms_qpp_feedback,models/input_layer/_input_layer_sources.yml,stg_measures.dob_year_only_334,compliance.phi,medium,16,tap_generated
TRG000955,2026-06-02T09:48:00,2026-06,SRC001,code_change,phi_column_classification,OBJ0007,fct_facilities,models/marts/core/fct_facilities.sql,fct_denials.geo_lat_rounded_335,compliance.phi,low,1,tap_generated
TRG000956,2026-06-25T10:56:00,2026-06,SRC001,code_change,phi_column_classification,OBJ0123,stg_legacy_extract_5,models/input_layer/stg_legacy_extract_5.sql,fct_aging.account_alias_336,compliance.phi,low,4,tap_generated
TRG000957,2026-06-03T13:55:00,2026-06,SRC001,code_change,phi_column_classification,OBJ0038,fct_eligibility,models/marts/rcm/fct_eligibility.sql,fct_denials.prior_auth_number_337,compliance.phi,low,3,tap_generated
TRG000958,2026-06-25T10:58:00,2026-06,SRC001,code_change,phi_column_classification,OBJ0149,observation_conversion_rate,models/marts/core/_core_schema.yml,fct_referrals.claim_note_text_338,compliance.phi,high,31,tap_generated
TRG000959,2026-06-19T16:34:00,2026-06,SRC001,code_change,phi_column_classification,OBJ0106,stg_measures,models/input_layer/stg_measures.sql,fct_denials.policy_number_89,compliance.phi,high,34,tap_generated
TRG000960,2026-06-23T17:56:00,2026-06,SRC001,code_change,phi_column_classification,OBJ0038,fct_eligibility,models/marts/rcm/fct_eligibility.sql,fct_coverage.employer_name_339,compliance.phi,low,3,tap_generated
TRG000961,2026-06-17T07:40:00,2026-06,SRC001,code_change,phi_column_classification,OBJ0017,fct_aging,models/marts/core/fct_aging.sql,stg_writeoffs.patient_email_hash_305,compliance.phi,low,6,tap_generated
TRG000962,2026-06-24T15:09:00,2026-06,SRC001,code_change,phi_column_classification,OBJ0158,twilio_outreach,models/input_layer/_input_layer_sources.yml,fct_appointments.device_serial_310,compliance.phi,low,9,tap_generated
TRG000963,2026-06-26T15:54:00,2026-06,SRC001,code_change,phi_column_classification,OBJ0069,fct_providers,models/marts/clinical/fct_providers.sql,fct_cohorts.mrn_alt_340,compliance.phi,high,34,suppressed_low_confidence
TRG000964,2026-06-01T13:49:00,2026-06,SRC001,code_change,phi_column_classification,OBJ0006,fct_diagnoses,models/marts/core/fct_diagnoses.sql,fct_coverage.guarantor_dob_341,compliance.phi,low,1,tap_generated
TRG000965,2026-06-03T16:40:00,2026-06,SRC001,code_change,phi_column_classification,OBJ0062,fct_remittances,models/marts/clinical/fct_remittances.sql,fct_providers.subscriber_ssn_last4_342,compliance.phi,medium,11,tap_generated
TRG000966,2026-06-27T16:02:00,2026-06,SRC001,code_change,phi_column_classification,OBJ0036,fct_diagnoses,models/marts/rcm/fct_diagnoses.sql,fct_adjustments.dob_year_only_214,compliance.phi,low,0,tap_generated
TRG000967,2026-06-06T16:46:00,2026-06,SRC001,code_change,phi_column_classification,OBJ0109,stg_coverage,models/input_layer/stg_coverage.sql,stg_claims.home_phone_e164_343,compliance.phi,low,6,tap_generated
TRG000968,2026-06-22T12:54:00,2026-06,SRC001,code_change,phi_column_classification,OBJ0005,fct_charges,models/marts/core/fct_charges.sql,fct_eligibility.prior_auth_number_217,compliance.phi,low,1,tap_generated
TRG000969,2026-06-15T17:30:00,2026-06,SRC001,code_change,phi_column_classification,OBJ0027,fct_admissions,models/marts/core/fct_admissions.sql,stg_diagnoses.claim_note_text_198,compliance.phi,low,1,tap_generated
TRG000970,2026-06-25T12:02:00,2026-06,SRC001,code_change,phi_column_classification,OBJ0138,hedis_bcs_compliance,models/marts/core/_core_schema.yml,stg_appointments.referring_npi_344,compliance.phi,high,31,tap_generated
TRG000971,2026-06-09T11:11:00,2026-06,SRC001,code_change,phi_column_classification,OBJ0149,observation_conversion_rate,models/marts/core/_core_schema.yml,fct_encounters.policy_number_249,compliance.phi,high,31,tap_generated
TRG000972,2026-06-26T12:36:00,2026-06,SRC001,code_change,phi_column_classification,OBJ0148,encounters_per_provider_day,models/marts/core/_core_schema.yml,fct_census.patient_email_hash_345,compliance.phi,high,31,tap_generated
TRG000973,2026-06-20T10:28:00,2026-06,SRC001,code_change,phi_column_classification,OBJ0076,fct_measures,models/marts/quality/fct_measures.sql,stg_patients.insurance_group_id_252,compliance.phi,low,6,tap_generated
TRG000974,2026-06-28T13:46:00,2026-06,SRC001,code_change,revenue_definition_change,OBJ0014,fct_appointments,models/marts/core/fct_appointments.sql,net_patient_revenue|0,finance.revenue,low,6,tap_generated
TRG000975,2026-06-12T09:55:00,2026-06,SRC001,code_change,revenue_definition_change,OBJ0009,fct_providers,models/marts/core/fct_providers.sql,days_in_ar|0,finance.revenue,medium,11,tap_generated
TRG000976,2026-06-06T15:32:00,2026-06,SRC001,code_change,revenue_definition_change,OBJ0130,denial_rate,models/marts/core/_core_schema.yml,days_in_ar|1,finance.revenue,high,31,tap_generated
TRG000977,2026-06-02T16:05:00,2026-06,SRC001,code_change,revenue_definition_change,OBJ0018,fct_denials,models/marts/core/fct_denials.sql,denial_rate|1,finance.revenue,low,1,tap_generated
TRG000978,2026-06-23T18:03:00,2026-06,SRC001,code_change,revenue_definition_change,OBJ0015,fct_authorizations,models/marts/core/fct_authorizations.sql,first_pass_yield|1,finance.revenue,low,4,tap_generated
TRG000979,2026-06-17T12:37:00,2026-06,SRC001,code_change,quality_measure_criteria,OBJ0083,fct_procedures,models/marts/quality/fct_procedures.sql,cms_sep1_compliance,clinical.quality,low,8,suppressed_rate_limit
TRG000980,2026-06-07T16:52:00,2026-06,SRC001,code_change,quality_measure_criteria,OBJ0136,avg_length_of_stay,models/marts/core/_core_schema.yml,ed_left_without_being_seen,clinical.quality,medium,12,suppressed_dedupe
TRG000981,2026-06-06T08:49:00,2026-06,SRC001,code_change,quality_measure_criteria,OBJ0141,hcahps_top_box,models/marts/core/_core_schema.yml,readmission_rate_30d,clinical.quality,low,3,suppressed_dedupe
TRG000982,2026-06-18T09:17:00,2026-06,SRC001,code_change,quality_measure_criteria,OBJ0078,fct_denials,models/marts/quality/fct_denials.sql,ed_left_without_being_seen,clinical.quality,low,3,suppressed_dedupe
TRG000983,2026-06-16T08:09:00,2026-06,SRC001,code_change,quality_measure_criteria,OBJ0140,cms_sep1_compliance,models/marts/core/_core_schema.yml,avg_length_of_stay,clinical.quality,low,3,suppressed_dedupe
TRG000984,2026-06-09T14:18:00,2026-06,SRC001,code_change,quality_measure_criteria,OBJ0135,ed_left_without_being_seen,models/marts/core/_core_schema.yml,avg_length_of_stay,clinical.quality,high,31,suppressed_dedupe
TRG000985,2026-06-13T07:53:00,2026-06,SRC001,code_change,quality_measure_criteria,OBJ0086,fct_payers,models/marts/quality/fct_payers.sql,hedis_bcs_compliance,clinical.quality,low,3,suppressed_dedupe
TRG000986,2026-06-28T11:48:00,2026-06,SRC001,code_change,quality_measure_criteria,OBJ0078,fct_denials,models/marts/quality/fct_denials.sql,hedis_cbp_compliance,clinical.quality,low,3,tap_generated
TRG000987,2026-06-15T15:14:00,2026-06,SRC001,code_change,quality_measure_criteria,OBJ0081,fct_balances,models/marts/quality/fct_balances.sql,avg_length_of_stay,clinical.quality,low,1,suppressed_dedupe
TRG000988,2026-06-23T11:44:00,2026-06,SRC001,code_change,quality_measure_criteria,OBJ0135,ed_left_without_being_seen,models/marts/core/_core_schema.yml,hedis_cbp_compliance,clinical.quality,high,31,suppressed_dedupe
TRG000989,2026-06-04T11:25:00,2026-06,SRC001,code_change,quality_measure_criteria,OBJ0075,fct_authorizations,models/marts/quality/fct_authorizations.sql,avg_length_of_stay,clinical.quality,high,34,suppressed_dedupe
TRG000990,2026-06-04T11:21:00,2026-06,SRC001,code_change,quality_measure_criteria,OBJ0136,avg_length_of_stay,models/marts/core/_core_schema.yml,hedis_bcs_compliance,clinical.quality,medium,12,suppressed_dedupe
TRG000991,2026-06-19T14:03:00,2026-06,SRC001,code_change,quality_measure_criteria,OBJ0079,fct_coverage,models/marts/quality/fct_coverage.sql,cms_sep1_compliance,clinical.quality,low,3,tap_generated
TRG000992,2026-06-28T15:47:00,2026-06,SRC001,code_change,quality_measure_criteria,OBJ0082,fct_patients,models/marts/quality/fct_patients.sql,readmission_rate_30d,clinical.quality,medium,19,tap_generated
TRG000993,2026-06-12T12:20:00,2026-06,SRC001,code_change,quality_measure_criteria,OBJ0135,ed_left_without_being_seen,models/marts/core/_core_schema.yml,hedis_cbp_compliance,clinical.quality,high,31,suppressed_dedupe
TRG000994,2026-06-14T16:23:00,2026-06,SRC001,code_change,quality_measure_criteria,OBJ0084,fct_departments,models/marts/quality/fct_departments.sql,readmission_rate_30d,clinical.quality,high,34,suppressed_dedupe
TRG000995,2026-06-21T08:15:00,2026-06,SRC001,code_change,quality_measure_criteria,OBJ0088,fct_referrals,models/marts/quality/fct_referrals.sql,readmission_rate_30d,clinical.quality,low,1,suppressed_dedupe
TRG000996,2026-06-06T16:42:00,2026-06,SRC001,code_change,quality_measure_criteria,OBJ0082,fct_patients,models/marts/quality/fct_patients.sql,ed_left_without_being_seen,clinical.quality,medium,19,suppressed_dedupe
TRG000997,2026-06-15T15:21:00,2026-06,SRC001,code_change,quality_measure_criteria,OBJ0076,fct_measures,models/marts/quality/fct_measures.sql,avg_length_of_stay,clinical.quality,low,6,suppressed_dedupe
TRG000998,2026-06-02T09:41:00,2026-06,SRC001,code_change,quality_measure_criteria,OBJ0081,fct_balances,models/marts/quality/fct_balances.sql,hedis_bcs_compliance,clinical.quality,low,1,suppressed_dedupe
TRG000999,2026-06-30T14:29:00,2026-06,SRC001,code_change,quality_measure_criteria,OBJ0139,hedis_cbp_compliance,models/marts/core/_core_schema.yml,avg_length_of_stay,clinical.quality,high,31,suppressed_dedupe
TRG001000,2026-06-17T12:14:00,2026-06,SRC001,code_change,quality_measure_criteria,OBJ0134,readmission_rate_30d,models/marts/core/_core_schema.yml,hedis_cbp_compliance,clinical.quality,medium,18,suppressed_dedupe
TRG001001,2026-06-20T17:13:00,2026-06,SRC001,code_change,quality_measure_criteria,OBJ0080,fct_census,models/marts/quality/fct_census.sql,cms_sep1_compliance,clinical.quality,medium,15,suppressed_dedupe
TRG001002,2026-06-22T10:20:00,2026-06,SRC001,code_change,quality_measure_criteria,OBJ0084,fct_departments,models/marts/quality/fct_departments.sql,avg_length_of_stay,clinical.quality,high,34,suppressed_dedupe
TRG001003,2026-06-18T12:29:00,2026-06,SRC001,code_change,quality_measure_criteria,OBJ0136,avg_length_of_stay,models/marts/core/_core_schema.yml,hedis_cbp_compliance,clinical.quality,medium,12,suppressed_dedupe
TRG001004,2026-06-08T16:21:00,2026-06,SRC001,code_change,quality_measure_criteria,OBJ0075,fct_authorizations,models/marts/quality/fct_authorizations.sql,readmission_rate_30d,clinical.quality,high,34,suppressed_dedupe
TRG001005,2026-06-22T17:45:00,2026-06,SRC001,code_change,quality_measure_criteria,OBJ0086,fct_payers,models/marts/quality/fct_payers.sql,ed_left_without_being_seen,clinical.quality,low,3,suppressed_dedupe
TRG001006,2026-06-15T11:49:00,2026-06,SRC001,code_change,quality_measure_criteria,OBJ0086,fct_payers,models/marts/quality/fct_payers.sql,ed_left_without_being_seen,clinical.quality,low,3,suppressed_dedupe
TRG001007,2026-06-18T11:10:00,2026-06,SRC001,code_change,quality_measure_criteria,OBJ0081,fct_balances,models/marts/quality/fct_balances.sql,avg_length_of_stay,clinical.quality,low,1,suppressed_dedupe
TRG001008,2026-06-02T09:49:00,2026-06,SRC001,code_change,quality_measure_criteria,OBJ0136,avg_length_of_stay,models/marts/core/_core_schema.yml,ed_left_without_being_seen,clinical.quality,medium,12,suppressed_dedupe
TRG001009,2026-06-06T13:39:00,2026-06,SRC001,code_change,quality_measure_criteria,OBJ0087,fct_admissions,models/marts/quality/fct_admissions.sql,readmission_rate_30d,clinical.quality,low,3,suppressed_dedupe
TRG001010,2026-06-23T16:06:00,2026-06,SRC001,code_change,quality_measure_criteria,OBJ0075,fct_authorizations,models/marts/quality/fct_authorizations.sql,cms_sep1_compliance,clinical.quality,high,34,suppressed_dedupe
TRG001011,2026-06-26T14:54:00,2026-06,SRC001,code_change,quality_measure_criteria,OBJ0079,fct_coverage,models/marts/quality/fct_coverage.sql,hedis_bcs_compliance,clinical.quality,low,3,suppressed_dedupe
TRG001012,2026-06-03T10:50:00,2026-06,SRC001,code_change,quality_measure_criteria,OBJ0078,fct_denials,models/marts/quality/fct_denials.sql,avg_length_of_stay,clinical.quality,low,3,suppressed_dedupe
TRG001013,2026-06-13T16:55:00,2026-06,SRC001,code_change,quality_measure_criteria,OBJ0140,cms_sep1_compliance,models/marts/core/_core_schema.yml,hedis_cbp_compliance,clinical.quality,low,3,suppressed_dedupe
TRG001014,2026-06-14T14:26:00,2026-06,SRC001,code_change,quality_measure_criteria,OBJ0082,fct_patients,models/marts/quality/fct_patients.sql,cms_sep1_compliance,clinical.quality,medium,19,suppressed_dedupe
TRG001015,2026-06-29T18:23:00,2026-06,SRC001,code_change,quality_measure_criteria,OBJ0135,ed_left_without_being_seen,models/marts/core/_core_schema.yml,readmission_rate_30d,clinical.quality,high,31,suppressed_dedupe
TRG001016,2026-06-21T08:24:00,2026-06,SRC001,code_change,quality_measure_criteria,OBJ0139,hedis_cbp_compliance,models/marts/core/_core_schema.yml,cms_sep1_compliance,clinical.quality,high,31,suppressed_dedupe
TRG001017,2026-06-23T12:11:00,2026-06,SRC001,code_change,quality_measure_criteria,OBJ0134,readmission_rate_30d,models/marts/core/_core_schema.yml,ed_left_without_being_seen,clinical.quality,medium,18,suppressed_dedupe
TRG001018,2026-06-01T13:30:00,2026-06,SRC001,code_change,quality_measure_criteria,OBJ0082,fct_patients,models/marts/quality/fct_patients.sql,avg_length_of_stay,clinical.quality,medium,19,suppressed_dedupe
TRG001019,2026-06-06T13:02:00,2026-06,SRC001,code_change,quality_measure_criteria,OBJ0134,readmission_rate_30d,models/marts/core/_core_schema.yml,hedis_bcs_compliance,clinical.quality,medium,18,suppressed_dedupe
TRG001020,2026-06-15T15:55:00,2026-06,SRC001,code_change,quality_measure_criteria,OBJ0079,fct_coverage,models/marts/quality/fct_coverage.sql,hedis_bcs_compliance,clinical.quality,low,3,suppressed_dedupe
TRG001021,2026-06-08T08:15:00,2026-06,SRC001,code_change,quality_measure_criteria,OBJ0076,fct_measures,models/marts/quality/fct_measures.sql,hedis_cbp_compliance,clinical.quality,low,6,suppressed_dedupe
TRG001022,2026-06-26T11:36:00,2026-06,SRC001,code_change,quality_measure_criteria,OBJ0078,fct_denials,models/marts/quality/fct_denials.sql,cms_sep1_compliance,clinical.quality,low,3,suppressed_dedupe
TRG001023,2026-06-28T10:34:00,2026-06,SRC001,code_change,quality_measure_criteria,OBJ0078,fct_denials,models/marts/quality/fct_denials.sql,readmission_rate_30d,clinical.quality,low,3,suppressed_dedupe
TRG001024,2026-06-01T07:11:00,2026-06,SRC001,code_change,quality_measure_criteria,OBJ0084,fct_departments,models/marts/quality/fct_departments.sql,ed_left_without_being_seen,clinical.quality,high,34,suppressed_dedupe
TRG001025,2026-06-17T16:28:00,2026-06,SRC001,code_change,quality_measure_criteria,OBJ0075,fct_authorizations,models/marts/quality/fct_authorizations.sql,readmission_rate_30d,clinical.quality,high,34,suppressed_dedupe
TRG001026,2026-06-21T10:51:00,2026-06,SRC001,code_change,quality_measure_criteria,OBJ0075,fct_authorizations,models/marts/quality/fct_authorizations.sql,avg_length_of_stay,clinical.quality,high,34,suppressed_dedupe
TRG001027,2026-06-23T11:53:00,2026-06,SRC001,code_change,quality_measure_criteria,OBJ0140,cms_sep1_compliance,models/marts/core/_core_schema.yml,cms_sep1_compliance,clinical.quality,low,3,suppressed_dedupe
TRG001028,2026-06-13T11:31:00,2026-06,SRC001,code_change,quality_measure_criteria,OBJ0140,cms_sep1_compliance,models/marts/core/_core_schema.yml,hedis_bcs_compliance,clinical.quality,low,3,suppressed_dedupe
TRG001029,2026-06-26T09:27:00,2026-06,SRC001,code_change,quality_measure_criteria,OBJ0088,fct_referrals,models/marts/quality/fct_referrals.sql,hedis_cbp_compliance,clinical.quality,low,1,suppressed_dedupe
TRG001030,2026-06-02T09:42:00,2026-06,SRC001,code_change,quality_measure_criteria,OBJ0075,fct_authorizations,models/marts/quality/fct_authorizations.sql,cms_sep1_compliance,clinical.quality,high,34,suppressed_dedupe
TRG001031,2026-06-07T07:39:00,2026-06,SRC001,code_change,quality_measure_criteria,OBJ0135,ed_left_without_being_seen,models/marts/core/_core_schema.yml,cms_sep1_compliance,clinical.quality,high,31,suppressed_dedupe
TRG001032,2026-06-14T12:32:00,2026-06,SRC001,code_change,quality_measure_criteria,OBJ0082,fct_patients,models/marts/quality/fct_patients.sql,readmission_rate_30d,clinical.quality,medium,19,suppressed_dedupe
TRG001033,2026-06-05T14:00:00,2026-06,SRC001,code_change,quality_measure_criteria,OBJ0086,fct_payers,models/marts/quality/fct_payers.sql,ed_left_without_being_seen,clinical.quality,low,3,suppressed_dedupe
TRG001034,2026-06-25T12:26:00,2026-06,SRC001,code_change,quality_measure_criteria,OBJ0075,fct_authorizations,models/marts/quality/fct_authorizations.sql,avg_length_of_stay,clinical.quality,high,34,suppressed_dedupe
TRG001035,2026-06-02T09:52:00,2026-06,SRC001,annotation,source_freshness_ownership,OBJ0089,stg_numerators,models/input_layer/stg_numerators.sql,epic_clarity,platform.pipelines,low,6,tap_generated
TRG001036,2026-06-01T10:56:00,2026-06,SRC001,annotation,source_freshness_ownership,OBJ0089,stg_numerators,models/input_layer/stg_numerators.sql,epic_caboodle,platform.pipelines,low,6,tap_generated
TRG001037,2026-06-24T11:51:00,2026-06,SRC001,annotation,source_freshness_ownership,OBJ0160,labcorp_results,models/input_layer/_input_layer_sources.yml,waystar_claims,platform.pipelines,medium,21,suppressed_rate_limit
TRG001038,2026-06-23T12:30:00,2026-06,SRC001,annotation,source_freshness_ownership,OBJ0099,stg_providers,models/input_layer/stg_providers.sql,availity_remits,platform.pipelines,medium,11,tap_generated
TRG001039,2026-06-06T09:11:00,2026-06,SRC001,annotation,source_freshness_ownership,OBJ0112,stg_patients,models/input_layer/stg_patients.sql,epic_caboodle,platform.pipelines,medium,15,suppressed_dedupe
TRG001040,2026-06-29T18:03:00,2026-06,SRC001,annotation,source_freshness_ownership,OBJ0155,kronos_staffing,models/input_layer/_input_layer_sources.yml,availity_remits,platform.pipelines,low,3,suppressed_dedupe
TRG001041,2026-06-18T11:54:00,2026-06,SRC001,annotation,source_freshness_ownership,OBJ0102,stg_exclusions,models/input_layer/stg_exclusions.sql,press_ganey,platform.pipelines,low,3,suppressed_rate_limit
TRG001042,2026-06-23T16:13:00,2026-06,SRC001,annotation,source_freshness_ownership,OBJ0101,stg_service_lines,models/input_layer/stg_service_lines.sql,kronos_staffing,platform.pipelines,low,6,tap_generated
TRG001043,2026-06-08T13:16:00,2026-06,SRC001,annotation,source_freshness_ownership,OBJ0150,epic_clarity,models/input_layer/_input_layer_sources.yml,lawson_gl,platform.pipelines,medium,12,tap_generated
TRG001044,2026-06-16T11:59:00,2026-06,SRC001,annotation,source_freshness_ownership,OBJ0113,stg_procedures,models/input_layer/stg_procedures.sql,salesforce_referrals,platform.pipelines,low,4,tap_generated
TRG001045,2026-06-28T13:36:00,2026-06,SRC001,annotation,source_freshness_ownership,OBJ0108,stg_denials,models/input_layer/stg_denials.sql,lawson_gl,platform.pipelines,low,6,suppressed_dedupe
TRG001046,2026-06-29T12:46:00,2026-06,SRC001,annotation,source_freshness_ownership,OBJ0098,stg_eligibility,models/input_layer/stg_eligibility.sql,waystar_claims,platform.pipelines,high,34,tap_generated
TRG001047,2026-06-05T15:06:00,2026-06,SRC001,annotation,source_freshness_ownership,OBJ0096,stg_diagnoses,models/input_layer/stg_diagnoses.sql,press_ganey,platform.pipelines,low,2,tap_generated
TRG001048,2026-06-28T13:29:00,2026-06,SRC001,annotation,source_freshness_ownership,OBJ0150,epic_clarity,models/input_layer/_input_layer_sources.yml,twilio_outreach,platform.pipelines,medium,12,tap_generated
TRG001049,2026-06-07T13:11:00,2026-06,SRC001,annotation,source_freshness_ownership,OBJ0108,stg_denials,models/input_layer/stg_denials.sql,salesforce_referrals,platform.pipelines,low,6,suppressed_dedupe
TRG001050,2026-06-27T11:15:00,2026-06,SRC001,annotation,source_freshness_ownership,OBJ0151,epic_caboodle,models/input_layer/_input_layer_sources.yml,redox_hl7,platform.pipelines,medium,16,tap_generated
TRG001051,2026-06-20T17:15:00,2026-06,SRC001,anomaly,metric_deprecation,OBJ0130,denial_rate,models/marts/core/_core_schema.yml,net_patient_revenue,finance.revenue,high,31,tap_generated
TRG001052,2026-06-22T12:49:00,2026-06,SRC001,anomaly,metric_deprecation,OBJ0014,fct_appointments,models/marts/core/fct_appointments.sql,gross_charges,finance.revenue,low,6,tap_generated
TRG001053,2026-06-23T12:38:00,2026-06,SRC001,anomaly,metric_deprecation,OBJ0140,cms_sep1_compliance,models/marts/core/_core_schema.yml,contractual_allowance,clinical.quality,low,3,tap_generated
TRG001054,2026-06-28T17:47:00,2026-06,SRC001,anomaly,metric_deprecation,OBJ0146,write_off_pct,models/marts/core/_core_schema.yml,days_in_ar,rcm.coding,low,4,tap_generated
TRG001055,2026-06-20T12:29:00,2026-06,SRC001,anomaly,metric_deprecation,OBJ0143,referral_conversion,models/marts/core/_core_schema.yml,denial_rate,growth.acquisition,low,4,tap_generated
TRG001056,2026-06-07T14:31:00,2026-06,SRC001,anomaly,metric_deprecation,OBJ0083,fct_procedures,models/marts/quality/fct_procedures.sql,first_pass_yield,clinical.quality,low,8,tap_generated
TRG001057,2026-06-11T10:43:00,2026-06,SRC001,anomaly,metric_deprecation,OBJ0143,referral_conversion,models/marts/core/_core_schema.yml,clean_claim_rate,growth.acquisition,low,4,tap_generated
TRG001058,2026-06-20T15:22:00,2026-06,SRC001,anomaly,metric_deprecation,OBJ0001,fct_adjustments,models/marts/core/fct_adjustments.sql,clean_claim_rate,finance.revenue,low,2,suppressed_dedupe
TRG001059,2026-06-13T09:32:00,2026-06,SRC001,anomaly,metric_deprecation,OBJ0145,coding_accuracy_rate,models/marts/core/_core_schema.yml,net_patient_revenue,rcm.coding,high,31,suppressed_dedupe
TRG001060,2026-06-30T16:21:00,2026-06,SRC001,anomaly,metric_deprecation,OBJ0006,fct_diagnoses,models/marts/core/fct_diagnoses.sql,cost_to_collect,finance.revenue,low,1,tap_generated
TRG001061,2026-06-23T14:52:00,2026-06,SRC001,anomaly,metric_deprecation,OBJ0024,fct_departments,models/marts/core/fct_departments.sql,contractual_allowance,finance.revenue,high,26,suppressed_dedupe
TRG001062,2026-06-23T09:20:00,2026-06,SRC001,anomaly,metric_deprecation,OBJ0143,referral_conversion,models/marts/core/_core_schema.yml,readmission_rate_30d,growth.acquisition,low,4,suppressed_rate_limit
TRG001063,2026-06-06T11:26:00,2026-06,SRC001,anomaly,metric_deprecation,OBJ0087,fct_admissions,models/marts/quality/fct_admissions.sql,cost_to_collect,clinical.quality,low,3,suppressed_dedupe
TRG001064,2026-06-01T12:32:00,2026-06,SRC001,anomaly,metric_deprecation,OBJ0083,fct_procedures,models/marts/quality/fct_procedures.sql,first_pass_yield,clinical.quality,low,8,suppressed_dedupe
TRG001065,2026-06-14T17:26:00,2026-06,SRC001,anomaly,metric_deprecation,OBJ0143,referral_conversion,models/marts/core/_core_schema.yml,ed_left_without_being_seen,growth.acquisition,low,4,tap_generated
TRG001066,2026-07-02T12:33:00,2026-07,SRC001,anomaly,denial_reason_classification,OBJ0042,fct_exclusions,models/marts/rcm/fct_exclusions.sql,Medicare Part A|CO-B7,rcm.denials,low,8,tap_generated
TRG001067,2026-07-11T13:40:00,2026-07,SRC001,anomaly,denial_reason_classification,OBJ0034,fct_writeoffs,models/marts/rcm/fct_writeoffs.sql,UnitedHealthcare|CO-B7,rcm.denials,high,34,suppressed_dedupe
TRG001068,2026-07-22T09:22:00,2026-07,SRC001,anomaly,denial_reason_classification,OBJ0044,fct_appointments,models/marts/rcm/fct_appointments.sql,Medicare Part A|CO-B7,rcm.denials,low,0,suppressed_dedupe
TRG001069,2026-07-15T11:33:00,2026-07,SRC001,anomaly,denial_reason_classification,OBJ0030,fct_claims,models/marts/rcm/fct_claims.sql,Tricare|PR-1,rcm.denials,low,3,suppressed_dedupe
TRG001070,2026-07-09T11:28:00,2026-07,SRC001,anomaly,denial_reason_classification,OBJ0048,fct_denials,models/marts/rcm/fct_denials.sql,Medicaid MI|PR-204,rcm.denials,low,3,suppressed_dedupe
TRG001071,2026-07-12T13:14:00,2026-07,SRC001,anomaly,denial_reason_classification,OBJ0035,fct_charges,models/marts/rcm/fct_charges.sql,Medicaid MI|CO-B7,rcm.denials,medium,19,tap_generated
TRG001072,2026-07-09T10:17:00,2026-07,SRC001,anomaly,denial_reason_classification,OBJ0045,fct_authorizations,models/marts/rcm/fct_authorizations.sql,Molina|CO-97,rcm.denials,low,8,suppressed_dedupe
TRG001073,2026-07-19T12:01:00,2026-07,SRC001,anomaly,denial_reason_classification,OBJ0031,fct_adjustments,models/marts/rcm/fct_adjustments.sql,Molina|CO-16,rcm.denials,low,2,suppressed_dedupe
TRG001074,2026-07-16T15:24:00,2026-07,SRC001,anomaly,denial_reason_classification,OBJ0029,fct_numerators,models/marts/rcm/fct_numerators.sql,Priority Health|CO-B7,rcm.denials,low,4,tap_generated
TRG001075,2026-07-05T17:04:00,2026-07,SRC001,anomaly,denial_reason_classification,OBJ0032,fct_remittances,models/marts/rcm/fct_remittances.sql,Molina|CO-B7,rcm.denials,medium,11,tap_generated
TRG001076,2026-07-17T10:33:00,2026-07,SRC001,anomaly,denial_reason_classification,OBJ0043,fct_encounters,models/marts/rcm/fct_encounters.sql,Tricare|CO-B7,rcm.denials,medium,11,tap_generated
TRG001077,2026-07-20T12:58:00,2026-07,SRC001,anomaly,denial_reason_classification,OBJ0038,fct_eligibility,models/marts/rcm/fct_eligibility.sql,Tricare|CO-151,rcm.denials,low,3,suppressed_dedupe
TRG001078,2026-07-17T12:47:00,2026-07,SRC001,anomaly,denial_reason_classification,OBJ0036,fct_diagnoses,models/marts/rcm/fct_diagnoses.sql,Aetna|CO-16,rcm.denials,low,0,suppressed_dedupe
TRG001079,2026-07-17T09:05:00,2026-07,SRC001,anomaly,denial_reason_classification,OBJ0050,fct_census,models/marts/rcm/fct_census.sql,Molina|CO-B7,rcm.denials,low,3,suppressed_dedupe
TRG001080,2026-07-07T10:13:00,2026-07,SRC001,anomaly,denial_reason_classification,OBJ0041,fct_service_lines,models/marts/rcm/fct_service_lines.sql,UnitedHealthcare|CO-16,rcm.denials,medium,19,suppressed_dedupe
TRG001081,2026-07-23T16:57:00,2026-07,SRC001,anomaly,denial_reason_classification,OBJ0050,fct_census,models/marts/rcm/fct_census.sql,Molina|CO-45,rcm.denials,low,3,suppressed_dedupe
TRG001082,2026-07-18T11:27:00,2026-07,SRC001,anomaly,denial_reason_classification,OBJ0037,fct_facilities,models/marts/rcm/fct_facilities.sql,BCBS Michigan|CO-16,rcm.denials,medium,15,suppressed_dedupe
TRG001083,2026-07-27T16:23:00,2026-07,SRC001,anomaly,denial_reason_classification,OBJ0052,fct_patients,models/marts/rcm/fct_patients.sql,Humana|CO-50,rcm.denials,medium,11,suppressed_dedupe
TRG001084,2026-07-02T08:03:00,2026-07,SRC001,anomaly,denial_reason_classification,OBJ0036,fct_diagnoses,models/marts/rcm/fct_diagnoses.sql,Cigna|CO-16,rcm.denials,low,0,suppressed_dedupe
TRG001085,2026-07-02T10:15:00,2026-07,SRC001,anomaly,denial_reason_classification,OBJ0043,fct_encounters,models/marts/rcm/fct_encounters.sql,Humana|PR-204,rcm.denials,medium,11,suppressed_dedupe
TRG001086,2026-07-02T16:07:00,2026-07,SRC001,anomaly,denial_reason_classification,OBJ0030,fct_claims,models/marts/rcm/fct_claims.sql,BCBS Michigan|CO-16,rcm.denials,low,3,suppressed_dedupe
TRG001087,2026-07-27T11:05:00,2026-07,SRC001,anomaly,denial_reason_classification,OBJ0049,fct_coverage,models/marts/rcm/fct_coverage.sql,Medicaid MI|CO-29,rcm.denials,high,34,suppressed_dedupe
TRG001088,2026-07-08T10:47:00,2026-07,SRC001,anomaly,denial_reason_classification,OBJ0034,fct_writeoffs,models/marts/rcm/fct_writeoffs.sql,UnitedHealthcare|CO-16,rcm.denials,high,34,suppressed_dedupe
TRG001089,2026-07-04T11:47:00,2026-07,SRC001,anomaly,denial_reason_classification,OBJ0029,fct_numerators,models/marts/rcm/fct_numerators.sql,Medicaid MI|CO-45,rcm.denials,low,4,suppressed_dedupe
TRG001090,2026-07-25T14:10:00,2026-07,SRC001,anomaly,denial_reason_classification,OBJ0031,fct_adjustments,models/marts/rcm/fct_adjustments.sql,Molina|CO-151,rcm.denials,low,2,suppressed_dedupe
TRG001091,2026-07-21T08:30:00,2026-07,SRC001,anomaly,denial_reason_classification,OBJ0034,fct_writeoffs,models/marts/rcm/fct_writeoffs.sql,Humana|PR-1,rcm.denials,high,34,suppressed_dedupe
TRG001092,2026-07-09T16:43:00,2026-07,SRC001,anomaly,denial_reason_classification,OBJ0040,fct_discharges,models/marts/rcm/fct_discharges.sql,Tricare|OA-23,rcm.denials,low,8,suppressed_dedupe
TRG001093,2026-07-25T17:58:00,2026-07,SRC001,anomaly,denial_reason_classification,OBJ0029,fct_numerators,models/marts/rcm/fct_numerators.sql,Humana|CO-16,rcm.denials,low,4,suppressed_dedupe
TRG001094,2026-07-10T10:57:00,2026-07,SRC001,anomaly,denial_reason_classification,OBJ0041,fct_service_lines,models/marts/rcm/fct_service_lines.sql,Medicare Part A|CO-16,rcm.denials,medium,19,suppressed_dedupe
TRG001095,2026-07-03T12:40:00,2026-07,SRC001,anomaly,denial_reason_classification,OBJ0037,fct_facilities,models/marts/rcm/fct_facilities.sql,Medicare Part A|PR-204,rcm.denials,medium,15,suppressed_dedupe
TRG001096,2026-07-05T14:36:00,2026-07,SRC001,anomaly,denial_reason_classification,OBJ0031,fct_adjustments,models/marts/rcm/fct_adjustments.sql,Aetna|CO-151,rcm.denials,low,2,suppressed_dedupe
TRG001097,2026-07-25T10:43:00,2026-07,SRC001,anomaly,denial_reason_classification,OBJ0033,fct_throughput,models/marts/rcm/fct_throughput.sql,Medicaid MI|CO-197,rcm.denials,low,1,tap_generated
TRG001098,2026-07-09T11:28:00,2026-07,SRC001,anomaly,denial_reason_classification,OBJ0052,fct_patients,models/marts/rcm/fct_patients.sql,Tricare|CO-16,rcm.denials,medium,11,suppressed_dedupe
TRG001099,2026-07-23T16:00:00,2026-07,SRC001,anomaly,denial_reason_classification,OBJ0040,fct_discharges,models/marts/rcm/fct_discharges.sql,Medicaid MI|CO-16,rcm.denials,low,8,suppressed_dedupe
TRG001100,2026-07-09T08:15:00,2026-07,SRC001,anomaly,denial_reason_classification,OBJ0045,fct_authorizations,models/marts/rcm/fct_authorizations.sql,Molina|CO-11,rcm.denials,low,8,suppressed_dedupe
TRG001101,2026-07-16T14:23:00,2026-07,SRC001,anomaly,denial_reason_classification,OBJ0032,fct_remittances,models/marts/rcm/fct_remittances.sql,Molina|CO-50,rcm.denials,medium,11,suppressed_dedupe
TRG001102,2026-07-09T16:29:00,2026-07,SRC001,anomaly,denial_reason_classification,OBJ0030,fct_claims,models/marts/rcm/fct_claims.sql,Priority Health|CO-16,rcm.denials,low,3,suppressed_dedupe
TRG001103,2026-07-02T15:44:00,2026-07,SRC001,anomaly,denial_reason_classification,OBJ0035,fct_charges,models/marts/rcm/fct_charges.sql,Molina|CO-16,rcm.denials,medium,19,suppressed_dedupe
TRG001104,2026-07-03T12:00:00,2026-07,SRC001,anomaly,denial_reason_classification,OBJ0036,fct_diagnoses,models/marts/rcm/fct_diagnoses.sql,Tricare|CO-16,rcm.denials,low,0,suppressed_dedupe
TRG001105,2026-07-27T15:42:00,2026-07,SRC001,anomaly,denial_reason_classification,OBJ0041,fct_service_lines,models/marts/rcm/fct_service_lines.sql,Medicaid MI|OA-23,rcm.denials,medium,19,suppressed_dedupe
TRG001106,2026-07-03T13:54:00,2026-07,SRC001,anomaly,denial_reason_classification,OBJ0032,fct_remittances,models/marts/rcm/fct_remittances.sql,Aetna|CO-97,rcm.denials,medium,11,suppressed_dedupe
TRG001107,2026-07-18T14:50:00,2026-07,SRC001,anomaly,denial_reason_classification,OBJ0051,fct_balances,models/marts/rcm/fct_balances.sql,Molina|CO-151,rcm.denials,low,4,suppressed_dedupe
TRG001108,2026-07-06T18:26:00,2026-07,SRC001,anomaly,denial_reason_classification,OBJ0038,fct_eligibility,models/marts/rcm/fct_eligibility.sql,UnitedHealthcare|CO-97,rcm.denials,low,3,suppressed_dedupe
TRG001109,2026-07-16T15:06:00,2026-07,SRC001,anomaly,denial_reason_classification,OBJ0034,fct_writeoffs,models/marts/rcm/fct_writeoffs.sql,Molina|CO-11,rcm.denials,high,34,suppressed_dedupe
TRG001110,2026-07-08T09:19:00,2026-07,SRC001,anomaly,denial_reason_classification,OBJ0036,fct_diagnoses,models/marts/rcm/fct_diagnoses.sql,BCBS Michigan|CO-97,rcm.denials,low,0,suppressed_dedupe
TRG001111,2026-07-25T10:14:00,2026-07,SRC001,anomaly,denial_reason_classification,OBJ0041,fct_service_lines,models/marts/rcm/fct_service_lines.sql,Humana|CO-16,rcm.denials,medium,19,suppressed_dedupe
TRG001112,2026-07-13T10:05:00,2026-07,SRC001,anomaly,denial_reason_classification,OBJ0045,fct_authorizations,models/marts/rcm/fct_authorizations.sql,Cigna|CO-97,rcm.denials,low,8,suppressed_dedupe
TRG001113,2026-07-30T08:21:00,2026-07,SRC001,anomaly,denial_reason_classification,OBJ0031,fct_adjustments,models/marts/rcm/fct_adjustments.sql,Humana|CO-97,rcm.denials,low,2,suppressed_dedupe
TRG001114,2026-07-14T10:47:00,2026-07,SRC001,anomaly,denial_reason_classification,OBJ0043,fct_encounters,models/marts/rcm/fct_encounters.sql,Medicare Part A|CO-97,rcm.denials,medium,11,suppressed_dedupe
TRG001115,2026-07-24T16:54:00,2026-07,SRC001,anomaly,denial_reason_classification,OBJ0052,fct_patients,models/marts/rcm/fct_patients.sql,Medicaid MI|CO-97,rcm.denials,medium,11,suppressed_dedupe
TRG001116,2026-07-18T14:31:00,2026-07,SRC001,anomaly,denial_reason_classification,OBJ0037,fct_facilities,models/marts/rcm/fct_facilities.sql,Priority Health|CO-97,rcm.denials,medium,15,suppressed_dedupe
TRG001117,2026-07-09T10:55:00,2026-07,SRC001,anomaly,denial_reason_classification,OBJ0042,fct_exclusions,models/marts/rcm/fct_exclusions.sql,Molina|CO-97,rcm.denials,low,8,suppressed_dedupe
TRG001118,2026-07-20T11:43:00,2026-07,SRC001,anomaly,denial_reason_classification,OBJ0052,fct_patients,models/marts/rcm/fct_patients.sql,Tricare|CO-97,rcm.denials,medium,11,suppressed_dedupe
TRG001119,2026-07-18T10:34:00,2026-07,SRC001,anomaly,denial_reason_classification,OBJ0044,fct_appointments,models/marts/rcm/fct_appointments.sql,Aetna|CO-45,rcm.denials,low,0,suppressed_dedupe
TRG001120,2026-07-07T17:10:00,2026-07,SRC001,anomaly,denial_reason_classification,OBJ0037,fct_facilities,models/marts/rcm/fct_facilities.sql,Cigna|CO-97,rcm.denials,medium,15,suppressed_dedupe
TRG001121,2026-07-31T13:26:00,2026-07,SRC001,anomaly,denial_reason_classification,OBJ0049,fct_coverage,models/marts/rcm/fct_coverage.sql,Humana|CO-45,rcm.denials,high,34,suppressed_dedupe
TRG001122,2026-07-08T09:17:00,2026-07,SRC001,anomaly,denial_reason_classification,OBJ0052,fct_patients,models/marts/rcm/fct_patients.sql,Tricare|PR-1,rcm.denials,medium,11,suppressed_dedupe
TRG001123,2026-07-31T15:00:00,2026-07,SRC001,anomaly,denial_reason_classification,OBJ0037,fct_facilities,models/marts/rcm/fct_facilities.sql,UnitedHealthcare|CO-45,rcm.denials,medium,15,suppressed_dedupe
TRG001124,2026-07-05T17:05:00,2026-07,SRC001,anomaly,denial_reason_classification,OBJ0041,fct_service_lines,models/marts/rcm/fct_service_lines.sql,BCBS Michigan|CO-45,rcm.denials,medium,19,suppressed_dedupe
TRG001125,2026-07-14T16:11:00,2026-07,SRC001,anomaly,denial_reason_classification,OBJ0047,fct_aging,models/marts/rcm/fct_aging.sql,Cigna|CO-45,rcm.denials,high,34,suppressed_dedupe
TRG001126,2026-07-02T11:11:00,2026-07,SRC001,anomaly,denial_reason_classification,OBJ0030,fct_claims,models/marts/rcm/fct_claims.sql,Humana|CO-45,rcm.denials,low,3,suppressed_dedupe
TRG001127,2026-07-18T09:38:00,2026-07,SRC001,anomaly,denial_reason_classification,OBJ0035,fct_charges,models/marts/rcm/fct_charges.sql,Medicare Part A|CO-45,rcm.denials,medium,19,suppressed_dedupe
TRG001128,2026-07-07T12:43:00,2026-07,SRC001,anomaly,denial_reason_classification,OBJ0047,fct_aging,models/marts/rcm/fct_aging.sql,BCBS Michigan|OA-23,rcm.denials,high,34,suppressed_dedupe
TRG001129,2026-07-06T14:38:00,2026-07,SRC001,anomaly,denial_reason_classification,OBJ0050,fct_census,models/marts/rcm/fct_census.sql,Medicaid MI|CO-45,rcm.denials,low,3,suppressed_dedupe
TRG001130,2026-07-28T10:17:00,2026-07,SRC001,anomaly,denial_reason_classification,OBJ0032,fct_remittances,models/marts/rcm/fct_remittances.sql,Humana|CO-B7,rcm.denials,medium,11,suppressed_dedupe
TRG001131,2026-07-08T17:23:00,2026-07,SRC001,anomaly,denial_reason_classification,OBJ0041,fct_service_lines,models/marts/rcm/fct_service_lines.sql,Aetna|CO-16,rcm.denials,medium,19,suppressed_dedupe
TRG001132,2026-07-13T17:39:00,2026-07,SRC001,anomaly,denial_reason_classification,OBJ0036,fct_diagnoses,models/marts/rcm/fct_diagnoses.sql,Priority Health|CO-45,rcm.denials,low,0,suppressed_dedupe
TRG001133,2026-07-19T07:25:00,2026-07,SRC001,anomaly,denial_reason_classification,OBJ0039,fct_providers,models/marts/rcm/fct_providers.sql,Humana|CO-16,rcm.denials,low,1,suppressed_dedupe
TRG001134,2026-07-25T16:26:00,2026-07,SRC001,anomaly,denial_reason_classification,OBJ0052,fct_patients,models/marts/rcm/fct_patients.sql,Molina|CO-45,rcm.denials,medium,11,suppressed_dedupe
TRG001135,2026-07-28T08:44:00,2026-07,SRC001,anomaly,denial_reason_classification,OBJ0052,fct_patients,models/marts/rcm/fct_patients.sql,Tricare|CO-45,rcm.denials,medium,11,suppressed_dedupe
TRG001136,2026-07-06T15:27:00,2026-07,SRC001,anomaly,denial_reason_classification,OBJ0037,fct_facilities,models/marts/rcm/fct_facilities.sql,Aetna|CO-50,rcm.denials,medium,15,suppressed_dedupe
TRG001137,2026-07-24T15:28:00,2026-07,SRC001,anomaly,denial_reason_classification,OBJ0033,fct_throughput,models/marts/rcm/fct_throughput.sql,UnitedHealthcare|CO-50,rcm.denials,low,1,suppressed_dedupe
TRG001138,2026-07-15T15:51:00,2026-07,SRC001,anomaly,denial_reason_classification,OBJ0032,fct_remittances,models/marts/rcm/fct_remittances.sql,Medicare Part A|CO-16,rcm.denials,medium,11,suppressed_dedupe
TRG001139,2026-07-07T10:51:00,2026-07,SRC001,anomaly,denial_reason_classification,OBJ0033,fct_throughput,models/marts/rcm/fct_throughput.sql,BCBS Michigan|CO-50,rcm.denials,low,1,tap_generated
TRG001140,2026-07-16T08:26:00,2026-07,SRC001,anomaly,denial_reason_classification,OBJ0031,fct_adjustments,models/marts/rcm/fct_adjustments.sql,Medicare Part A|PR-204,rcm.denials,low,2,suppressed_dedupe
TRG001141,2026-07-21T09:56:00,2026-07,SRC001,anomaly,denial_reason_classification,OBJ0032,fct_remittances,models/marts/rcm/fct_remittances.sql,Medicare Part A|CO-45,rcm.denials,medium,11,suppressed_dedupe
TRG001142,2026-07-02T12:34:00,2026-07,SRC001,anomaly,denial_reason_classification,OBJ0040,fct_discharges,models/marts/rcm/fct_discharges.sql,Cigna|CO-50,rcm.denials,low,8,suppressed_dedupe
TRG001143,2026-07-22T14:07:00,2026-07,SRC001,anomaly,denial_reason_classification,OBJ0048,fct_denials,models/marts/rcm/fct_denials.sql,Humana|CO-50,rcm.denials,low,3,suppressed_dedupe
TRG001144,2026-07-09T11:28:00,2026-07,SRC001,anomaly,denial_reason_classification,OBJ0029,fct_numerators,models/marts/rcm/fct_numerators.sql,Medicare Part A|CO-50,rcm.denials,low,4,suppressed_dedupe
TRG001145,2026-07-22T15:39:00,2026-07,SRC001,anomaly,denial_reason_classification,OBJ0035,fct_charges,models/marts/rcm/fct_charges.sql,Medicaid MI|CO-50,rcm.denials,medium,19,suppressed_dedupe
TRG001146,2026-07-20T09:22:00,2026-07,SRC001,anomaly,denial_reason_classification,OBJ0052,fct_patients,models/marts/rcm/fct_patients.sql,Priority Health|CO-50,rcm.denials,medium,11,suppressed_dedupe
TRG001147,2026-07-06T08:50:00,2026-07,SRC001,anomaly,denial_reason_classification,OBJ0040,fct_discharges,models/marts/rcm/fct_discharges.sql,Medicare Part A|CO-29,rcm.denials,low,8,suppressed_dedupe
TRG001148,2026-07-01T14:57:00,2026-07,SRC001,anomaly,denial_reason_classification,OBJ0037,fct_facilities,models/marts/rcm/fct_facilities.sql,Molina|CO-50,rcm.denials,medium,15,suppressed_dedupe
TRG001149,2026-07-01T15:41:00,2026-07,SRC001,anomaly,denial_reason_classification,OBJ0031,fct_adjustments,models/marts/rcm/fct_adjustments.sql,Tricare|CO-50,rcm.denials,low,2,suppressed_dedupe
TRG001150,2026-07-23T15:39:00,2026-07,SRC001,anomaly,denial_reason_classification,OBJ0044,fct_appointments,models/marts/rcm/fct_appointments.sql,Aetna|PR-1,rcm.denials,low,0,suppressed_dedupe
TRG001151,2026-07-06T10:27:00,2026-07,SRC001,anomaly,denial_reason_classification,OBJ0032,fct_remittances,models/marts/rcm/fct_remittances.sql,UnitedHealthcare|PR-1,rcm.denials,medium,11,suppressed_dedupe
TRG001152,2026-07-21T09:06:00,2026-07,SRC001,anomaly,denial_reason_classification,OBJ0049,fct_coverage,models/marts/rcm/fct_coverage.sql,BCBS Michigan|PR-1,rcm.denials,high,34,suppressed_dedupe
TRG001153,2026-07-08T14:45:00,2026-07,SRC001,anomaly,denial_reason_classification,OBJ0051,fct_balances,models/marts/rcm/fct_balances.sql,BCBS Michigan|CO-29,rcm.denials,low,4,suppressed_dedupe
TRG001154,2026-07-08T14:04:00,2026-07,SRC001,anomaly,denial_reason_classification,OBJ0030,fct_claims,models/marts/rcm/fct_claims.sql,Cigna|PR-1,rcm.denials,low,3,suppressed_dedupe
TRG001155,2026-07-28T11:10:00,2026-07,SRC001,anomaly,denial_reason_classification,OBJ0038,fct_eligibility,models/marts/rcm/fct_eligibility.sql,Humana|PR-1,rcm.denials,low,3,suppressed_dedupe
TRG001156,2026-07-09T10:15:00,2026-07,SRC001,anomaly,denial_reason_classification,OBJ0051,fct_balances,models/marts/rcm/fct_balances.sql,Medicare Part A|PR-1,rcm.denials,low,4,suppressed_dedupe
TRG001157,2026-07-23T09:07:00,2026-07,SRC001,anomaly,denial_reason_classification,OBJ0034,fct_writeoffs,models/marts/rcm/fct_writeoffs.sql,Medicaid MI|PR-1,rcm.denials,high,34,suppressed_dedupe
TRG001158,2026-07-07T10:06:00,2026-07,SRC001,anomaly,denial_reason_classification,OBJ0043,fct_encounters,models/marts/rcm/fct_encounters.sql,Priority Health|PR-1,rcm.denials,medium,11,tap_generated
TRG001159,2026-07-27T12:09:00,2026-07,SRC001,anomaly,encounter_type_mapping,OBJ0061,fct_adjustments,models/marts/clinical/fct_adjustments.sql,VT-594,clinical.encounters,medium,11,tap_generated
TRG001160,2026-07-17T09:04:00,2026-07,SRC001,anomaly,encounter_type_mapping,OBJ0065,fct_charges,models/marts/clinical/fct_charges.sql,VT-490,clinical.encounters,low,4,suppressed_dedupe
TRG001161,2026-07-21T11:59:00,2026-07,SRC001,anomaly,encounter_type_mapping,OBJ0060,fct_claims,models/marts/clinical/fct_claims.sql,VT-178,clinical.encounters,low,3,suppressed_dedupe
TRG001162,2026-07-30T14:18:00,2026-07,SRC001,anomaly,encounter_type_mapping,OBJ0059,fct_numerators,models/marts/clinical/fct_numerators.sql,VT-607,clinical.encounters,medium,11,tap_generated
TRG001163,2026-07-27T07:48:00,2026-07,SRC001,anomaly,encounter_type_mapping,OBJ0059,fct_numerators,models/marts/clinical/fct_numerators.sql,VT-620,clinical.encounters,medium,11,tap_generated
TRG001164,2026-07-29T17:41:00,2026-07,SRC001,code_change,phi_column_classification,OBJ0128,contractual_allowance,models/marts/core/_core_schema.yml,fct_departments.zip_plus_four_346,compliance.phi,low,6,tap_generated
TRG001165,2026-07-30T12:25:00,2026-07,SRC001,code_change,phi_column_classification,OBJ0104,stg_appointments,models/input_layer/stg_appointments.sql,fct_procedures.dob_year_only_214,compliance.phi,low,6,tap_generated
TRG001166,2026-07-09T09:13:00,2026-07,SRC001,code_change,phi_column_classification,OBJ0078,fct_denials,models/marts/quality/fct_denials.sql,stg_legacy_extract_5.account_alias_196,compliance.phi,low,3,tap_generated
TRG001167,2026-07-25T16:41:00,2026-07,SRC001,code_change,phi_column_classification,OBJ0101,stg_service_lines,models/input_layer/stg_service_lines.sql,fct_service_lines.member_id_raw_347,compliance.phi,low,6,tap_generated
TRG001168,2026-07-19T09:00:00,2026-07,SRC001,code_change,phi_column_classification,OBJ0072,fct_exclusions,models/marts/clinical/fct_exclusions.sql,fct_payers.home_phone_e164_203,compliance.phi,low,0,tap_generated
TRG001169,2026-07-10T09:27:00,2026-07,SRC001,code_change,phi_column_classification,OBJ0072,fct_exclusions,models/marts/clinical/fct_exclusions.sql,fct_adjustments.emergency_contact_name_348,compliance.phi,low,0,tap_generated
TRG001170,2026-07-27T10:45:00,2026-07,SRC001,code_change,phi_column_classification,OBJ0110,stg_census,models/input_layer/stg_census.sql,fct_aging.policy_number_349,compliance.phi,low,2,tap_generated
TRG001171,2026-07-08T09:35:00,2026-07,SRC001,code_change,phi_column_classification,OBJ0046,fct_measures,models/marts/rcm/fct_measures.sql,stg_eligibility.device_serial_350,compliance.phi,low,3,suppressed_rate_limit
TRG001172,2026-07-30T14:06:00,2026-07,SRC001,code_change,phi_column_classification,OBJ0102,stg_exclusions,models/input_layer/stg_exclusions.sql,fct_writeoffs.policy_number_269,compliance.phi,low,3,tap_generated
TRG001173,2026-07-27T10:54:00,2026-07,SRC001,code_change,phi_column_classification,OBJ0129,days_in_ar,models/marts/core/_core_schema.yml,fct_encounters.policy_number_269,compliance.phi,medium,12,tap_generated
TRG001174,2026-07-21T09:31:00,2026-07,SRC001,code_change,phi_column_classification,OBJ0123,stg_legacy_extract_5,models/input_layer/stg_legacy_extract_5.sql,fct_exclusions.policy_number_49,compliance.phi,low,4,tap_generated
TRG001175,2026-07-23T16:05:00,2026-07,SRC001,code_change,phi_column_classification,OBJ0098,stg_eligibility,models/input_layer/stg_eligibility.sql,fct_measures.chart_note_excerpt_351,compliance.phi,high,34,tap_generated
TRG001176,2026-07-13T09:24:00,2026-07,SRC001,code_change,phi_column_classification,OBJ0112,stg_patients,models/input_layer/stg_patients.sql,stg_admissions.insurance_group_id_352,compliance.phi,medium,15,tap_generated
TRG001177,2026-07-04T09:27:00,2026-07,SRC001,code_change,phi_column_classification,OBJ0106,stg_measures,models/input_layer/stg_measures.sql,fct_payers.home_phone_e164_3,compliance.phi,high,34,tap_generated
TRG001178,2026-07-09T17:48:00,2026-07,SRC001,code_change,phi_column_classification,OBJ0010,fct_discharges,models/marts/core/fct_discharges.sql,fct_census.dob_year_only_194,compliance.phi,medium,11,tap_generated
TRG001179,2026-07-21T09:38:00,2026-07,SRC001,code_change,phi_column_classification,OBJ0041,fct_service_lines,models/marts/rcm/fct_service_lines.sql,fct_exclusions.legal_guardian_name_353,compliance.phi,medium,19,tap_generated
TRG001180,2026-07-18T07:02:00,2026-07,SRC001,code_change,phi_column_classification,OBJ0057,fct_admissions,models/marts/clinical/fct_admissions.sql,fct_referrals.dob_year_only_354,compliance.phi,low,4,tap_generated
TRG001181,2026-07-16T10:01:00,2026-07,SRC001,code_change,phi_column_classification,OBJ0002,fct_remittances,models/marts/core/fct_remittances.sql,fct_cohorts.legal_guardian_name_153,compliance.phi,medium,15,tap_generated
TRG001182,2026-07-04T14:50:00,2026-07,SRC001,code_change,phi_column_classification,OBJ0052,fct_patients,models/marts/rcm/fct_patients.sql,fct_encounters.geo_lat_rounded_355,compliance.phi,medium,11,tap_generated
TRG001183,2026-07-02T15:15:00,2026-07,SRC001,code_change,phi_column_classification,OBJ0063,fct_throughput,models/marts/clinical/fct_throughput.sql,fct_diagnoses.policy_number_129,compliance.phi,low,6,tap_generated
TRG001184,2026-07-21T13:51:00,2026-07,SRC001,code_change,phi_column_classification,OBJ0063,fct_throughput,models/marts/clinical/fct_throughput.sql,fct_discharges.account_alias_356,compliance.phi,low,6,tap_generated
TRG001185,2026-07-21T10:52:00,2026-07,SRC001,code_change,phi_column_classification,OBJ0001,fct_adjustments,models/marts/core/fct_adjustments.sql,stg_exclusions.prior_auth_number_357,compliance.phi,low,2,tap_generated
TRG001186,2026-07-20T17:18:00,2026-07,SRC001,code_change,phi_column_classification,OBJ0108,stg_denials,models/input_layer/stg_denials.sql,fct_providers.referring_npi_324,compliance.phi,low,6,tap_generated
TRG001187,2026-07-07T15:33:00,2026-07,SRC001,code_change,phi_column_classification,OBJ0006,fct_diagnoses,models/marts/core/fct_diagnoses.sql,stg_throughput.legal_guardian_name_153,compliance.phi,low,1,tap_generated
TRG001188,2026-07-03T13:14:00,2026-07,SRC001,code_change,phi_column_classification,OBJ0114,stg_departments,models/input_layer/stg_departments.sql,fct_procedures.guarantor_dob_181,compliance.phi,low,0,tap_generated
TRG001189,2026-07-02T10:50:00,2026-07,SRC001,code_change,phi_column_classification,OBJ0099,stg_providers,models/input_layer/stg_providers.sql,stg_facilities.claim_note_text_358,compliance.phi,medium,11,tap_generated
TRG001190,2026-07-22T09:40:00,2026-07,SRC001,code_change,phi_column_classification,OBJ0083,fct_procedures,models/marts/quality/fct_procedures.sql,stg_procedures.mrn_alt_340,compliance.phi,low,8,tap_generated
TRG001191,2026-07-27T15:35:00,2026-07,SRC001,code_change,phi_column_classification,OBJ0141,hcahps_top_box,models/marts/core/_core_schema.yml,stg_legacy_extract_3.employer_name_359,compliance.phi,low,3,tap_generated
TRG001192,2026-07-22T15:41:00,2026-07,SRC001,code_change,phi_column_classification,OBJ0032,fct_remittances,models/marts/rcm/fct_remittances.sql,stg_census.mrn_alt_360,compliance.phi,medium,11,tap_generated
TRG001193,2026-07-24T14:57:00,2026-07,SRC001,code_change,phi_column_classification,OBJ0147,payer_mix_commercial,models/marts/core/_core_schema.yml,stg_balances.patient_email_hash_85,compliance.phi,high,31,tap_generated
TRG001194,2026-07-14T11:09:00,2026-07,SRC001,code_change,phi_column_classification,OBJ0103,stg_encounters,models/input_layer/stg_encounters.sql,fct_encounters.guarantor_dob_361,compliance.phi,low,3,tap_generated
TRG001195,2026-07-08T11:20:00,2026-07,SRC001,code_change,phi_column_classification,OBJ0163,cms_qpp_feedback,models/input_layer/_input_layer_sources.yml,fct_discharges.subscriber_ssn_last4_362,compliance.phi,medium,16,tap_generated
TRG001196,2026-07-11T11:55:00,2026-07,SRC001,code_change,phi_column_classification,OBJ0119,stg_legacy_extract_1,models/input_layer/stg_legacy_extract_1.sql,fct_denials.home_phone_e164_363,compliance.phi,low,1,suppressed_low_confidence
TRG001197,2026-07-24T14:06:00,2026-07,SRC001,code_change,phi_column_classification,OBJ0038,fct_eligibility,models/marts/rcm/fct_eligibility.sql,stg_coverage.emergency_contact_name_248,compliance.phi,low,3,tap_generated
TRG001198,2026-07-27T13:53:00,2026-07,SRC001,code_change,phi_column_classification,OBJ0052,fct_patients,models/marts/rcm/fct_patients.sql,fct_authorizations.referring_npi_364,compliance.phi,medium,11,tap_generated
TRG001199,2026-07-04T09:15:00,2026-07,SRC001,code_change,phi_column_classification,OBJ0154,press_ganey,models/input_layer/_input_layer_sources.yml,stg_writeoffs.patient_email_hash_365,compliance.phi,medium,12,tap_generated
TRG001200,2026-07-25T09:58:00,2026-07,SRC001,code_change,phi_column_classification,OBJ0098,stg_eligibility,models/input_layer/stg_eligibility.sql,fct_payers.insurance_group_id_72,compliance.phi,high,34,tap_generated
TRG001201,2026-07-18T15:20:00,2026-07,SRC001,code_change,phi_column_classification,OBJ0111,stg_balances,models/input_layer/stg_balances.sql,fct_measures.zip_plus_four_366,compliance.phi,low,1,tap_generated
TRG001202,2026-07-10T10:33:00,2026-07,SRC001,code_change,phi_column_classification,OBJ0129,days_in_ar,models/marts/core/_core_schema.yml,fct_cohorts.zip_plus_four_126,compliance.phi,medium,12,tap_generated
TRG001203,2026-07-15T13:35:00,2026-07,SRC001,code_change,phi_column_classification,OBJ0116,stg_payers,models/input_layer/stg_payers.sql,stg_exclusions.dob_year_only_114,compliance.phi,low,0,tap_generated
TRG001204,2026-07-21T16:33:00,2026-07,SRC001,code_change,phi_column_classification,OBJ0077,fct_aging,models/marts/quality/fct_aging.sql,stg_coverage.device_serial_270,compliance.phi,low,3,tap_generated
TRG001205,2026-07-02T13:15:00,2026-07,SRC001,code_change,phi_column_classification,OBJ0073,fct_encounters,models/marts/clinical/fct_encounters.sql,stg_numerators.member_id_raw_367,compliance.phi,medium,15,suppressed_low_confidence
TRG001206,2026-07-15T10:35:00,2026-07,SRC001,code_change,phi_column_classification,OBJ0128,contractual_allowance,models/marts/core/_core_schema.yml,fct_departments.emergency_contact_name_368,compliance.phi,low,6,tap_generated
TRG001207,2026-07-23T17:53:00,2026-07,SRC001,code_change,phi_column_classification,OBJ0024,fct_departments,models/marts/core/fct_departments.sql,stg_encounters.policy_number_369,compliance.phi,high,26,tap_generated
TRG001208,2026-07-11T14:32:00,2026-07,SRC001,code_change,phi_column_classification,OBJ0115,stg_cohorts,models/input_layer/stg_cohorts.sql,fct_referrals.device_serial_370,compliance.phi,low,2,tap_generated
TRG001209,2026-07-25T13:04:00,2026-07,SRC001,code_change,phi_column_classification,OBJ0116,stg_payers,models/input_layer/stg_payers.sql,fct_facilities.patient_email_hash_325,compliance.phi,low,0,tap_generated
TRG001210,2026-07-20T15:49:00,2026-07,SRC001,code_change,phi_column_classification,OBJ0077,fct_aging,models/marts/quality/fct_aging.sql,fct_throughput.zip_plus_four_246,compliance.phi,low,3,tap_generated
TRG001211,2026-07-31T13:05:00,2026-07,SRC001,code_change,phi_column_classification,OBJ0063,fct_throughput,models/marts/clinical/fct_throughput.sql,fct_cohorts.subscriber_ssn_last4_62,compliance.phi,low,6,tap_generated
TRG001212,2026-07-31T07:36:00,2026-07,SRC001,code_change,phi_column_classification,OBJ0154,press_ganey,models/input_layer/_input_layer_sources.yml,fct_denials.chart_note_excerpt_371,compliance.phi,medium,12,tap_generated
TRG001213,2026-07-20T09:54:00,2026-07,SRC001,code_change,phi_column_classification,OBJ0066,fct_diagnoses,models/marts/clinical/fct_diagnoses.sql,fct_appointments.insurance_group_id_372,compliance.phi,low,1,tap_generated
TRG001214,2026-07-05T14:49:00,2026-07,SRC001,code_change,phi_column_classification,OBJ0074,fct_appointments,models/marts/clinical/fct_appointments.sql,fct_adjustments.prior_auth_number_57,compliance.phi,medium,15,tap_generated
TRG001215,2026-07-07T14:55:00,2026-07,SRC001,code_change,phi_column_classification,OBJ0023,fct_procedures,models/marts/core/fct_procedures.sql,fct_claims.policy_number_189,compliance.phi,low,1,tap_generated
TRG001216,2026-07-28T12:52:00,2026-07,SRC001,code_change,phi_column_classification,OBJ0125,stg_legacy_extract_7,models/input_layer/stg_legacy_extract_7.sql,fct_departments.legal_guardian_name_373,compliance.phi,low,0,tap_generated
TRG001217,2026-07-26T13:01:00,2026-07,SRC001,code_change,phi_column_classification,OBJ0039,fct_providers,models/marts/rcm/fct_providers.sql,stg_discharges.dob_year_only_374,compliance.phi,low,1,suppressed_rate_limit
TRG001218,2026-07-05T10:30:00,2026-07,SRC001,code_change,phi_column_classification,OBJ0071,fct_service_lines,models/marts/clinical/fct_service_lines.sql,fct_cohorts.prior_auth_number_277,compliance.phi,low,8,tap_generated
TRG001219,2026-07-25T09:15:00,2026-07,SRC001,code_change,phi_column_classification,OBJ0068,fct_eligibility,models/marts/clinical/fct_eligibility.sql,fct_authorizations.geo_lat_rounded_375,compliance.phi,low,3,tap_generated
TRG001220,2026-07-01T10:14:00,2026-07,SRC001,code_change,phi_column_classification,OBJ0090,stg_claims,models/input_layer/stg_claims.sql,stg_measures.claim_note_text_78,compliance.phi,low,3,tap_generated
TRG001221,2026-07-21T17:31:00,2026-07,SRC001,code_change,phi_column_classification,OBJ0152,waystar_claims,models/input_layer/_input_layer_sources.yml,fct_facilities.account_alias_376,compliance.phi,low,9,tap_generated
TRG001222,2026-07-10T15:02:00,2026-07,SRC001,code_change,phi_column_classification,OBJ0045,fct_authorizations,models/marts/rcm/fct_authorizations.sql,fct_claims.home_phone_e164_83,compliance.phi,low,8,tap_generated
TRG001223,2026-07-28T15:49:00,2026-07,SRC001,code_change,phi_column_classification,OBJ0024,fct_departments,models/marts/core/fct_departments.sql,fct_claims.prior_auth_number_377,compliance.phi,high,26,tap_generated
TRG001224,2026-07-18T10:08:00,2026-07,SRC001,code_change,phi_column_classification,OBJ0154,press_ganey,models/input_layer/_input_layer_sources.yml,fct_payers.claim_note_text_378,compliance.phi,medium,12,tap_generated
TRG001225,2026-07-09T16:31:00,2026-07,SRC001,code_change,phi_column_classification,OBJ0042,fct_exclusions,models/marts/rcm/fct_exclusions.sql,fct_balances.emergency_contact_name_208,compliance.phi,low,8,tap_generated
TRG001226,2026-07-12T13:38:00,2026-07,SRC001,code_change,phi_column_classification,OBJ0118,stg_referrals,models/input_layer/stg_referrals.sql,fct_providers.subscriber_ssn_last4_302,compliance.phi,low,0,tap_generated
TRG001227,2026-07-06T10:21:00,2026-07,SRC001,code_change,phi_column_classification,OBJ0162,surescripts_rx,models/input_layer/_input_layer_sources.yml,stg_eligibility.zip_plus_four_106,compliance.phi,low,9,tap_generated
TRG001228,2026-07-22T17:34:00,2026-07,SRC001,code_change,phi_column_classification,OBJ0106,stg_measures,models/input_layer/stg_measures.sql,fct_measures.employer_name_379,compliance.phi,high,34,tap_generated
TRG001229,2026-07-01T10:21:00,2026-07,SRC001,code_change,phi_column_classification,OBJ0125,stg_legacy_extract_7,models/input_layer/stg_legacy_extract_7.sql,fct_encounters.mrn_alt_340,compliance.phi,low,0,tap_generated
TRG001230,2026-07-22T09:20:00,2026-07,SRC001,code_change,phi_column_classification,OBJ0163,cms_qpp_feedback,models/input_layer/_input_layer_sources.yml,stg_throughput.zip_plus_four_346,compliance.phi,medium,16,tap_generated
TRG001231,2026-07-01T09:58:00,2026-07,SRC001,code_change,phi_column_classification,OBJ0120,stg_legacy_extract_2,models/input_layer/stg_legacy_extract_2.sql,stg_legacy_extract_4.mrn_alt_380,compliance.phi,low,2,tap_generated
TRG001232,2026-07-11T14:12:00,2026-07,SRC001,code_change,phi_column_classification,OBJ0093,stg_throughput,models/input_layer/stg_throughput.sql,stg_procedures.legal_guardian_name_273,compliance.phi,low,4,tap_generated
TRG001233,2026-07-11T16:47:00,2026-07,SRC001,code_change,phi_column_classification,OBJ0129,days_in_ar,models/marts/core/_core_schema.yml,fct_adjustments.guarantor_dob_381,compliance.phi,medium,12,tap_generated
TRG001234,2026-07-07T10:31:00,2026-07,SRC001,code_change,phi_column_classification,OBJ0130,denial_rate,models/marts/core/_core_schema.yml,fct_aging.subscriber_ssn_last4_382,compliance.phi,high,31,tap_generated
TRG001235,2026-07-22T08:43:00,2026-07,SRC001,code_change,phi_column_classification,OBJ0126,net_patient_revenue,models/marts/core/_core_schema.yml,fct_aging.home_phone_e164_383,compliance.phi,medium,18,tap_generated
TRG001236,2026-07-01T16:03:00,2026-07,SRC001,code_change,phi_column_classification,OBJ0070,fct_discharges,models/marts/clinical/fct_discharges.sql,fct_patients.referring_npi_384,compliance.phi,low,3,tap_generated
TRG001237,2026-07-07T15:49:00,2026-07,SRC001,code_change,phi_column_classification,OBJ0147,payer_mix_commercial,models/marts/core/_core_schema.yml,stg_cohorts.patient_email_hash_385,compliance.phi,high,31,tap_generated
TRG001238,2026-07-22T12:19:00,2026-07,SRC001,code_change,phi_column_classification,OBJ0125,stg_legacy_extract_7,models/input_layer/stg_legacy_extract_7.sql,stg_measures.zip_plus_four_386,compliance.phi,low,0,tap_generated
TRG001239,2026-07-13T16:35:00,2026-07,SRC001,code_change,phi_column_classification,OBJ0106,stg_measures,models/input_layer/stg_measures.sql,stg_admissions.member_id_raw_387,compliance.phi,high,34,tap_generated
TRG001240,2026-07-22T12:07:00,2026-07,SRC001,code_change,phi_column_classification,OBJ0162,surescripts_rx,models/input_layer/_input_layer_sources.yml,fct_referrals.emergency_contact_name_388,compliance.phi,low,9,tap_generated
TRG001241,2026-07-07T12:40:00,2026-07,SRC001,code_change,phi_column_classification,OBJ0073,fct_encounters,models/marts/clinical/fct_encounters.sql,fct_facilities.policy_number_389,compliance.phi,medium,15,tap_generated
TRG001242,2026-07-26T15:51:00,2026-07,SRC001,code_change,phi_column_classification,OBJ0109,stg_coverage,models/input_layer/stg_coverage.sql,fct_referrals.claim_note_text_38,compliance.phi,low,6,tap_generated
TRG001243,2026-07-16T11:55:00,2026-07,SRC001,code_change,phi_column_classification,OBJ0032,fct_remittances,models/marts/rcm/fct_remittances.sql,fct_writeoffs.device_serial_390,compliance.phi,medium,11,tap_generated
TRG001244,2026-07-24T12:11:00,2026-07,SRC001,code_change,phi_column_classification,OBJ0141,hcahps_top_box,models/marts/core/_core_schema.yml,stg_writeoffs.chart_note_excerpt_391,compliance.phi,low,3,tap_generated
TRG001245,2026-07-23T15:52:00,2026-07,SRC001,code_change,phi_column_classification,OBJ0007,fct_facilities,models/marts/core/fct_facilities.sql,fct_exclusions.chart_note_excerpt_11,compliance.phi,low,1,tap_generated
TRG001246,2026-07-03T11:34:00,2026-07,SRC001,code_change,phi_column_classification,OBJ0039,fct_providers,models/marts/rcm/fct_providers.sql,fct_payers.patient_email_hash_205,compliance.phi,low,1,tap_generated
TRG001247,2026-07-26T14:59:00,2026-07,SRC001,code_change,phi_column_classification,OBJ0154,press_ganey,models/input_layer/_input_layer_sources.yml,stg_census.insurance_group_id_392,compliance.phi,medium,12,tap_generated
TRG001248,2026-07-12T11:04:00,2026-07,SRC001,code_change,phi_column_classification,OBJ0058,fct_referrals,models/marts/clinical/fct_referrals.sql,fct_charges.legal_guardian_name_393,compliance.phi,medium,11,tap_generated
TRG001249,2026-07-04T09:44:00,2026-07,SRC001,code_change,phi_column_classification,OBJ0084,fct_departments,models/marts/quality/fct_departments.sql,fct_procedures.dob_year_only_394,compliance.phi,high,34,tap_generated
TRG001250,2026-07-24T11:26:00,2026-07,SRC001,code_change,phi_column_classification,OBJ0160,labcorp_results,models/input_layer/_input_layer_sources.yml,fct_payers.geo_lat_rounded_395,compliance.phi,medium,21,tap_generated
TRG001251,2026-07-06T12:09:00,2026-07,SRC001,code_change,phi_column_classification,OBJ0113,stg_procedures,models/input_layer/stg_procedures.sql,fct_cohorts.account_alias_396,compliance.phi,low,4,tap_generated
TRG001252,2026-07-30T16:33:00,2026-07,SRC001,code_change,phi_column_classification,OBJ0135,ed_left_without_being_seen,models/marts/core/_core_schema.yml,fct_charges.prior_auth_number_397,compliance.phi,high,31,tap_generated
TRG001253,2026-07-02T16:23:00,2026-07,SRC001,code_change,phi_column_classification,OBJ0144,charge_lag_days,models/marts/core/_core_schema.yml,fct_balances.claim_note_text_398,compliance.phi,low,2,tap_generated
TRG001254,2026-07-06T09:48:00,2026-07,SRC001,code_change,phi_column_classification,OBJ0119,stg_legacy_extract_1,models/input_layer/stg_legacy_extract_1.sql,fct_referrals.employer_name_399,compliance.phi,low,1,tap_generated
TRG001255,2026-07-17T16:10:00,2026-07,SRC001,code_change,phi_column_classification,OBJ0032,fct_remittances,models/marts/rcm/fct_remittances.sql,fct_claims.mrn_alt_400,compliance.phi,medium,11,tap_generated
TRG001256,2026-07-01T14:15:00,2026-07,SRC001,code_change,phi_column_classification,OBJ0014,fct_appointments,models/marts/core/fct_appointments.sql,fct_remittances.dob_year_only_314,compliance.phi,low,6,tap_generated
TRG001257,2026-07-04T12:06:00,2026-07,SRC001,code_change,phi_column_classification,OBJ0033,fct_throughput,models/marts/rcm/fct_throughput.sql,stg_legacy_extract_2.employer_name_239,compliance.phi,low,1,tap_generated
TRG001258,2026-07-26T10:58:00,2026-07,SRC001,code_change,phi_column_classification,OBJ0158,twilio_outreach,models/input_layer/_input_layer_sources.yml,fct_claims.guarantor_dob_401,compliance.phi,low,9,tap_generated
TRG001259,2026-07-30T14:34:00,2026-07,SRC001,code_change,phi_column_classification,OBJ0006,fct_diagnoses,models/marts/core/fct_diagnoses.sql,fct_payers.insurance_group_id_392,compliance.phi,low,1,tap_generated
TRG001260,2026-07-27T14:08:00,2026-07,SRC001,code_change,phi_column_classification,OBJ0150,epic_clarity,models/input_layer/_input_layer_sources.yml,fct_service_lines.subscriber_ssn_last4_402,compliance.phi,medium,12,tap_generated
TRG001261,2026-07-02T13:12:00,2026-07,SRC001,code_change,phi_column_classification,OBJ0139,hedis_cbp_compliance,models/marts/core/_core_schema.yml,stg_referrals.home_phone_e164_403,compliance.phi,high,31,tap_generated
TRG001262,2026-07-08T15:59:00,2026-07,SRC001,code_change,phi_column_classification,OBJ0096,stg_diagnoses,models/input_layer/stg_diagnoses.sql,fct_referrals.prior_auth_number_237,compliance.phi,low,2,tap_generated
TRG001263,2026-07-21T10:07:00,2026-07,SRC001,code_change,phi_column_classification,OBJ0161,quest_results,models/input_layer/_input_layer_sources.yml,fct_charges.referring_npi_404,compliance.phi,medium,12,tap_generated
TRG001264,2026-07-29T12:09:00,2026-07,SRC001,code_change,phi_column_classification,OBJ0005,fct_charges,models/marts/core/fct_charges.sql,fct_cohorts.patient_email_hash_405,compliance.phi,low,1,tap_generated
TRG001265,2026-07-04T10:36:00,2026-07,SRC001,code_change,phi_column_classification,OBJ0154,press_ganey,models/input_layer/_input_layer_sources.yml,stg_legacy_extract_5.zip_plus_four_406,compliance.phi,medium,12,tap_generated
TRG001266,2026-07-13T10:40:00,2026-07,SRC001,code_change,phi_column_classification,OBJ0127,gross_charges,models/marts/core/_core_schema.yml,stg_authorizations.legal_guardian_name_373,compliance.phi,medium,18,tap_generated
TRG001267,2026-07-11T09:44:00,2026-07,SRC001,code_change,phi_column_classification,OBJ0110,stg_census,models/input_layer/stg_census.sql,stg_legacy_extract_1.member_id_raw_407,compliance.phi,low,2,tap_generated
TRG001268,2026-07-24T09:30:00,2026-07,SRC001,code_change,phi_column_classification,OBJ0121,stg_legacy_extract_3,models/input_layer/stg_legacy_extract_3.sql,stg_legacy_extract_1.emergency_contact_name_408,compliance.phi,low,1,tap_generated
TRG001269,2026-07-10T14:56:00,2026-07,SRC001,code_change,phi_column_classification,OBJ0110,stg_census,models/input_layer/stg_census.sql,fct_numerators.account_alias_156,compliance.phi,low,2,tap_generated
TRG001270,2026-07-15T15:24:00,2026-07,SRC001,code_change,phi_column_classification,OBJ0147,payer_mix_commercial,models/marts/core/_core_schema.yml,fct_numerators.policy_number_409,compliance.phi,high,31,tap_generated
TRG001271,2026-07-23T10:19:00,2026-07,SRC001,code_change,phi_column_classification,OBJ0062,fct_remittances,models/marts/clinical/fct_remittances.sql,fct_remittances.device_serial_410,compliance.phi,medium,11,tap_generated
TRG001272,2026-07-10T13:03:00,2026-07,SRC001,code_change,phi_column_classification,OBJ0050,fct_census,models/marts/rcm/fct_census.sql,fct_service_lines.chart_note_excerpt_411,compliance.phi,low,3,tap_generated
TRG001273,2026-07-01T08:16:00,2026-07,SRC001,code_change,phi_column_classification,OBJ0123,stg_legacy_extract_5,models/input_layer/stg_legacy_extract_5.sql,stg_referrals.insurance_group_id_412,compliance.phi,low,4,tap_generated
TRG001274,2026-07-30T09:19:00,2026-07,SRC001,code_change,phi_column_classification,OBJ0054,fct_departments,models/marts/clinical/fct_departments.sql,fct_balances.legal_guardian_name_413,compliance.phi,medium,19,tap_generated
TRG001275,2026-07-02T12:36:00,2026-07,SRC001,code_change,phi_column_classification,OBJ0080,fct_census,models/marts/quality/fct_census.sql,fct_charges.dob_year_only_414,compliance.phi,medium,15,tap_generated
TRG001276,2026-07-15T09:16:00,2026-07,SRC001,code_change,phi_column_classification,OBJ0131,first_pass_yield,models/marts/core/_core_schema.yml,stg_legacy_extract_5.mrn_alt_300,compliance.phi,low,3,tap_generated
TRG001277,2026-07-02T10:34:00,2026-07,SRC001,code_change,phi_column_classification,OBJ0023,fct_procedures,models/marts/core/fct_procedures.sql,fct_encounters.geo_lat_rounded_415,compliance.phi,low,1,tap_generated
TRG001278,2026-07-15T11:37:00,2026-07,SRC001,code_change,phi_column_classification,OBJ0026,fct_payers,models/marts/core/fct_payers.sql,fct_balances.account_alias_416,compliance.phi,low,0,tap_generated
TRG001279,2026-07-31T11:04:00,2026-07,SRC001,code_change,phi_column_classification,OBJ0050,fct_census,models/marts/rcm/fct_census.sql,fct_denials.mrn_alt_260,compliance.phi,low,3,tap_generated
TRG001280,2026-07-12T08:12:00,2026-07,SRC001,code_change,phi_column_classification,OBJ0045,fct_authorizations,models/marts/rcm/fct_authorizations.sql,stg_legacy_extract_6.prior_auth_number_57,compliance.phi,low,8,tap_generated
TRG001281,2026-07-14T10:02:00,2026-07,SRC001,code_change,phi_column_classification,OBJ0013,fct_encounters,models/marts/core/fct_encounters.sql,stg_legacy_extract_4.device_serial_390,compliance.phi,low,1,tap_generated
TRG001282,2026-07-19T17:45:00,2026-07,SRC001,code_change,phi_column_classification,OBJ0054,fct_departments,models/marts/clinical/fct_departments.sql,fct_providers.prior_auth_number_417,compliance.phi,medium,19,tap_generated
TRG001283,2026-07-04T18:32:00,2026-07,SRC001,code_change,phi_column_classification,OBJ0004,fct_writeoffs,models/marts/core/fct_writeoffs.sql,fct_balances.claim_note_text_418,compliance.phi,low,0,tap_generated
TRG001284,2026-07-03T07:02:00,2026-07,SRC001,code_change,phi_column_classification,OBJ0086,fct_payers,models/marts/quality/fct_payers.sql,fct_diagnoses.employer_name_419,compliance.phi,low,3,tap_generated
TRG001285,2026-07-15T16:29:00,2026-07,SRC001,code_change,phi_column_classification,OBJ0011,fct_service_lines,models/marts/core/fct_service_lines.sql,fct_discharges.mrn_alt_420,compliance.phi,low,4,tap_generated
TRG001286,2026-07-31T12:38:00,2026-07,SRC001,code_change,phi_column_classification,OBJ0121,stg_legacy_extract_3,models/input_layer/stg_legacy_extract_3.sql,fct_claims.guarantor_dob_421,compliance.phi,low,1,suppressed_rate_limit
TRG001287,2026-07-01T17:12:00,2026-07,SRC001,code_change,phi_column_classification,OBJ0079,fct_coverage,models/marts/quality/fct_coverage.sql,stg_adjustments.subscriber_ssn_last4_422,compliance.phi,low,3,tap_generated
TRG001288,2026-07-28T15:56:00,2026-07,SRC001,code_change,phi_column_classification,OBJ0102,stg_exclusions,models/input_layer/stg_exclusions.sql,stg_legacy_extract_6.home_phone_e164_423,compliance.phi,low,3,tap_generated
TRG001289,2026-07-24T09:01:00,2026-07,SRC001,code_change,phi_column_classification,OBJ0080,fct_census,models/marts/quality/fct_census.sql,fct_claims.referring_npi_424,compliance.phi,medium,15,tap_generated
TRG001290,2026-07-08T14:07:00,2026-07,SRC001,code_change,phi_column_classification,OBJ0031,fct_adjustments,models/marts/rcm/fct_adjustments.sql,fct_patients.patient_email_hash_425,compliance.phi,low,2,tap_generated
TRG001291,2026-07-10T12:45:00,2026-07,SRC001,code_change,phi_column_classification,OBJ0009,fct_providers,models/marts/core/fct_providers.sql,fct_exclusions.zip_plus_four_426,compliance.phi,medium,11,tap_generated
TRG001292,2026-07-26T15:36:00,2026-07,SRC001,code_change,phi_column_classification,OBJ0050,fct_census,models/marts/rcm/fct_census.sql,stg_claims.member_id_raw_187,compliance.phi,low,3,tap_generated
TRG001293,2026-07-11T13:50:00,2026-07,SRC001,code_change,phi_column_classification,OBJ0009,fct_providers,models/marts/core/fct_providers.sql,fct_procedures.member_id_raw_427,compliance.phi,medium,11,tap_generated
TRG001294,2026-07-21T12:42:00,2026-07,SRC001,code_change,phi_column_classification,OBJ0045,fct_authorizations,models/marts/rcm/fct_authorizations.sql,stg_diagnoses.emergency_contact_name_428,compliance.phi,low,8,tap_generated
TRG001295,2026-07-02T12:25:00,2026-07,SRC001,code_change,phi_column_classification,OBJ0161,quest_results,models/input_layer/_input_layer_sources.yml,fct_balances.emergency_contact_name_248,compliance.phi,medium,12,tap_generated
TRG001296,2026-07-08T11:34:00,2026-07,SRC001,code_change,phi_column_classification,OBJ0134,readmission_rate_30d,models/marts/core/_core_schema.yml,fct_service_lines.emergency_contact_name_208,compliance.phi,medium,18,tap_generated
TRG001297,2026-07-29T16:01:00,2026-07,SRC001,code_change,phi_column_classification,OBJ0039,fct_providers,models/marts/rcm/fct_providers.sql,fct_departments.policy_number_429,compliance.phi,low,1,tap_generated
TRG001298,2026-07-12T10:33:00,2026-07,SRC001,code_change,phi_column_classification,OBJ0154,press_ganey,models/input_layer/_input_layer_sources.yml,fct_numerators.device_serial_430,compliance.phi,medium,12,tap_generated
TRG001299,2026-07-29T15:28:00,2026-07,SRC001,code_change,phi_column_classification,OBJ0042,fct_exclusions,models/marts/rcm/fct_exclusions.sql,fct_payers.chart_note_excerpt_431,compliance.phi,low,8,tap_generated
TRG001300,2026-07-29T12:56:00,2026-07,SRC001,code_change,phi_column_classification,OBJ0088,fct_referrals,models/marts/quality/fct_referrals.sql,stg_admissions.insurance_group_id_432,compliance.phi,low,1,tap_generated
TRG001301,2026-07-23T11:59:00,2026-07,SRC001,code_change,phi_column_classification,OBJ0039,fct_providers,models/marts/rcm/fct_providers.sql,fct_measures.legal_guardian_name_433,compliance.phi,low,1,suppressed_low_confidence
TRG001302,2026-07-12T11:04:00,2026-07,SRC001,code_change,phi_column_classification,OBJ0004,fct_writeoffs,models/marts/core/fct_writeoffs.sql,fct_authorizations.dob_year_only_434,compliance.phi,low,0,tap_generated
TRG001303,2026-07-24T15:13:00,2026-07,SRC001,code_change,phi_column_classification,OBJ0092,stg_remittances,models/input_layer/stg_remittances.sql,stg_throughput.geo_lat_rounded_435,compliance.phi,medium,19,tap_generated
TRG001304,2026-07-18T14:02:00,2026-07,SRC001,code_change,phi_column_classification,OBJ0080,fct_census,models/marts/quality/fct_census.sql,fct_admissions.referring_npi_284,compliance.phi,medium,15,tap_generated
TRG001305,2026-07-22T17:32:00,2026-07,SRC001,code_change,phi_column_classification,OBJ0154,press_ganey,models/input_layer/_input_layer_sources.yml,stg_cohorts.account_alias_436,compliance.phi,medium,12,tap_generated
TRG001306,2026-07-01T12:13:00,2026-07,SRC001,code_change,phi_column_classification,OBJ0044,fct_appointments,models/marts/rcm/fct_appointments.sql,fct_payers.patient_email_hash_5,compliance.phi,low,0,tap_generated
TRG001307,2026-07-20T11:07:00,2026-07,SRC001,code_change,phi_column_classification,OBJ0003,fct_throughput,models/marts/core/fct_throughput.sql,fct_eligibility.prior_auth_number_437,compliance.phi,medium,11,tap_generated
TRG001308,2026-07-02T18:53:00,2026-07,SRC001,code_change,phi_column_classification,OBJ0060,fct_claims,models/marts/clinical/fct_claims.sql,fct_eligibility.claim_note_text_438,compliance.phi,low,3,tap_generated
TRG001309,2026-07-27T11:34:00,2026-07,SRC001,code_change,phi_column_classification,OBJ0117,stg_admissions,models/input_layer/stg_admissions.sql,fct_balances.employer_name_439,compliance.phi,low,4,suppressed_low_confidence
TRG001310,2026-07-17T07:42:00,2026-07,SRC001,code_change,phi_column_classification,OBJ0045,fct_authorizations,models/marts/rcm/fct_authorizations.sql,fct_coverage.mrn_alt_440,compliance.phi,low,8,tap_generated
TRG001311,2026-07-01T14:36:00,2026-07,SRC001,code_change,phi_column_classification,OBJ0107,stg_aging,models/input_layer/stg_aging.sql,fct_diagnoses.legal_guardian_name_153,compliance.phi,low,3,tap_generated
TRG001312,2026-07-24T14:56:00,2026-07,SRC001,code_change,phi_column_classification,OBJ0088,fct_referrals,models/marts/quality/fct_referrals.sql,stg_cohorts.account_alias_236,compliance.phi,low,1,tap_generated
TRG001313,2026-07-27T17:42:00,2026-07,SRC001,code_change,phi_column_classification,OBJ0145,coding_accuracy_rate,models/marts/core/_core_schema.yml,fct_eligibility.policy_number_369,compliance.phi,high,31,tap_generated
TRG001314,2026-07-14T15:54:00,2026-07,SRC001,code_change,phi_column_classification,OBJ0060,fct_claims,models/marts/clinical/fct_claims.sql,stg_legacy_extract_2.guarantor_dob_441,compliance.phi,low,3,tap_generated
TRG001315,2026-07-04T14:17:00,2026-07,SRC001,code_change,phi_column_classification,OBJ0146,write_off_pct,models/marts/core/_core_schema.yml,stg_adjustments.claim_note_text_78,compliance.phi,low,4,suppressed_low_confidence
TRG001316,2026-07-09T16:18:00,2026-07,SRC001,code_change,phi_column_classification,OBJ0134,readmission_rate_30d,models/marts/core/_core_schema.yml,stg_remittances.subscriber_ssn_last4_442,compliance.phi,medium,18,tap_generated
TRG001317,2026-07-28T12:20:00,2026-07,SRC001,code_change,phi_column_classification,OBJ0078,fct_denials,models/marts/quality/fct_denials.sql,fct_cohorts.home_phone_e164_443,compliance.phi,low,3,tap_generated
TRG001318,2026-07-17T12:56:00,2026-07,SRC001,code_change,phi_column_classification,OBJ0086,fct_payers,models/marts/quality/fct_payers.sql,stg_legacy_extract_1.account_alias_396,compliance.phi,low,3,tap_generated
TRG001319,2026-07-27T12:17:00,2026-07,SRC001,code_change,phi_column_classification,OBJ0076,fct_measures,models/marts/quality/fct_measures.sql,fct_facilities.referring_npi_444,compliance.phi,low,6,tap_generated
TRG001320,2026-07-14T13:24:00,2026-07,SRC001,code_change,phi_column_classification,OBJ0065,fct_charges,models/marts/clinical/fct_charges.sql,fct_cohorts.patient_email_hash_445,compliance.phi,low,4,tap_generated
TRG001321,2026-07-15T10:38:00,2026-07,SRC001,code_change,phi_column_classification,OBJ0150,epic_clarity,models/input_layer/_input_layer_sources.yml,fct_diagnoses.dob_year_only_314,compliance.phi,medium,12,tap_generated
TRG001322,2026-07-03T09:19:00,2026-07,SRC001,code_change,phi_column_classification,OBJ0085,fct_cohorts,models/marts/quality/fct_cohorts.sql,fct_discharges.zip_plus_four_66,compliance.phi,medium,11,tap_generated
TRG001323,2026-07-14T14:09:00,2026-07,SRC001,code_change,phi_column_classification,OBJ0059,fct_numerators,models/marts/clinical/fct_numerators.sql,fct_departments.zip_plus_four_446,compliance.phi,medium,11,tap_generated
TRG001324,2026-07-09T11:02:00,2026-07,SRC001,code_change,phi_column_classification,OBJ0018,fct_denials,models/marts/core/fct_denials.sql,fct_adjustments.patient_email_hash_265,compliance.phi,low,1,tap_generated
TRG001325,2026-07-22T09:04:00,2026-07,SRC001,code_change,phi_column_classification,OBJ0158,twilio_outreach,models/input_layer/_input_layer_sources.yml,fct_remittances.member_id_raw_447,compliance.phi,low,9,tap_generated
TRG001326,2026-07-05T14:09:00,2026-07,SRC001,code_change,phi_column_classification,OBJ0078,fct_denials,models/marts/quality/fct_denials.sql,fct_patients.device_serial_210,compliance.phi,low,3,tap_generated
TRG001327,2026-07-13T17:38:00,2026-07,SRC001,code_change,phi_column_classification,OBJ0122,stg_legacy_extract_4,models/input_layer/stg_legacy_extract_4.sql,fct_exclusions.emergency_contact_name_448,compliance.phi,low,0,tap_generated
TRG001328,2026-07-13T17:08:00,2026-07,SRC001,code_change,phi_column_classification,OBJ0016,fct_measures,models/marts/core/fct_measures.sql,fct_numerators.policy_number_449,compliance.phi,medium,11,suppressed_rate_limit
TRG001329,2026-07-09T17:16:00,2026-07,SRC001,code_change,phi_column_classification,OBJ0003,fct_throughput,models/marts/core/fct_throughput.sql,fct_procedures.device_serial_450,compliance.phi,medium,11,tap_generated
TRG001330,2026-07-17T13:26:00,2026-07,SRC001,code_change,phi_column_classification,OBJ0036,fct_diagnoses,models/marts/rcm/fct_diagnoses.sql,fct_numerators.chart_note_excerpt_451,compliance.phi,low,0,suppressed_low_confidence
TRG001331,2026-07-15T16:18:00,2026-07,SRC001,code_change,phi_column_classification,OBJ0105,stg_authorizations,models/input_layer/stg_authorizations.sql,stg_aging.insurance_group_id_452,compliance.phi,high,34,tap_generated
TRG001332,2026-07-23T15:48:00,2026-07,SRC001,code_change,phi_column_classification,OBJ0032,fct_remittances,models/marts/rcm/fct_remittances.sql,stg_claims.claim_note_text_438,compliance.phi,medium,11,tap_generated
TRG001333,2026-07-07T08:54:00,2026-07,SRC001,code_change,phi_column_classification,OBJ0119,stg_legacy_extract_1,models/input_layer/stg_legacy_extract_1.sql,fct_payers.legal_guardian_name_453,compliance.phi,low,1,tap_generated
TRG001334,2026-07-17T13:22:00,2026-07,SRC001,code_change,phi_column_classification,OBJ0139,hedis_cbp_compliance,models/marts/core/_core_schema.yml,fct_payers.dob_year_only_454,compliance.phi,high,31,tap_generated
TRG001335,2026-07-03T11:49:00,2026-07,SRC001,code_change,phi_column_classification,OBJ0062,fct_remittances,models/marts/clinical/fct_remittances.sql,stg_appointments.geo_lat_rounded_455,compliance.phi,medium,11,tap_generated
TRG001336,2026-07-10T11:11:00,2026-07,SRC001,code_change,phi_column_classification,OBJ0008,fct_eligibility,models/marts/core/fct_eligibility.sql,fct_remittances.account_alias_456,compliance.phi,medium,15,tap_generated
TRG001337,2026-07-15T15:52:00,2026-07,SRC001,code_change,phi_column_classification,OBJ0148,encounters_per_provider_day,models/marts/core/_core_schema.yml,stg_numerators.zip_plus_four_446,compliance.phi,high,31,tap_generated
TRG001338,2026-07-19T18:54:00,2026-07,SRC001,code_change,phi_column_classification,OBJ0076,fct_measures,models/marts/quality/fct_measures.sql,stg_payers.prior_auth_number_457,compliance.phi,low,6,tap_generated
TRG001339,2026-07-14T13:43:00,2026-07,SRC001,code_change,phi_column_classification,OBJ0047,fct_aging,models/marts/rcm/fct_aging.sql,fct_referrals.claim_note_text_458,compliance.phi,high,34,tap_generated
TRG001340,2026-07-02T10:59:00,2026-07,SRC001,code_change,phi_column_classification,OBJ0074,fct_appointments,models/marts/clinical/fct_appointments.sql,fct_measures.employer_name_459,compliance.phi,medium,15,tap_generated
TRG001341,2026-07-06T16:36:00,2026-07,SRC001,code_change,phi_column_classification,OBJ0081,fct_balances,models/marts/quality/fct_balances.sql,fct_eligibility.home_phone_e164_3,compliance.phi,low,1,tap_generated
TRG001342,2026-07-18T13:54:00,2026-07,SRC001,code_change,phi_column_classification,OBJ0080,fct_census,models/marts/quality/fct_census.sql,fct_balances.mrn_alt_460,compliance.phi,medium,15,tap_generated
TRG001343,2026-07-30T11:35:00,2026-07,SRC001,code_change,phi_column_classification,OBJ0019,fct_coverage,models/marts/core/fct_coverage.sql,fct_measures.guarantor_dob_461,compliance.phi,high,26,tap_generated
TRG001344,2026-07-26T11:41:00,2026-07,SRC001,code_change,phi_column_classification,OBJ0101,stg_service_lines,models/input_layer/stg_service_lines.sql,stg_legacy_extract_7.subscriber_ssn_last4_462,compliance.phi,low,6,tap_generated
TRG001345,2026-07-28T07:51:00,2026-07,SRC001,code_change,phi_column_classification,OBJ0011,fct_service_lines,models/marts/core/fct_service_lines.sql,fct_eligibility.referring_npi_124,compliance.phi,low,4,tap_generated
TRG001346,2026-07-16T15:32:00,2026-07,SRC001,code_change,phi_column_classification,OBJ0004,fct_writeoffs,models/marts/core/fct_writeoffs.sql,fct_encounters.insurance_group_id_52,compliance.phi,low,0,tap_generated
TRG001347,2026-07-13T15:08:00,2026-07,SRC001,code_change,phi_column_classification,OBJ0138,hedis_bcs_compliance,models/marts/core/_core_schema.yml,fct_claims.home_phone_e164_463,compliance.phi,high,31,tap_generated
TRG001348,2026-07-08T16:31:00,2026-07,SRC001,code_change,phi_column_classification,OBJ0032,fct_remittances,models/marts/rcm/fct_remittances.sql,fct_providers.referring_npi_464,compliance.phi,medium,11,tap_generated
TRG001349,2026-07-25T12:28:00,2026-07,SRC001,code_change,phi_column_classification,OBJ0029,fct_numerators,models/marts/rcm/fct_numerators.sql,stg_census.patient_email_hash_465,compliance.phi,low,4,tap_generated
TRG001350,2026-07-26T15:31:00,2026-07,SRC001,code_change,phi_column_classification,OBJ0102,stg_exclusions,models/input_layer/stg_exclusions.sql,fct_coverage.zip_plus_four_466,compliance.phi,low,3,tap_generated
TRG001351,2026-07-10T11:25:00,2026-07,SRC001,code_change,phi_column_classification,OBJ0137,bed_occupancy_rate,models/marts/core/_core_schema.yml,stg_legacy_extract_1.member_id_raw_467,compliance.phi,low,4,tap_generated
TRG001352,2026-07-19T09:45:00,2026-07,SRC001,code_change,phi_column_classification,OBJ0149,observation_conversion_rate,models/marts/core/_core_schema.yml,fct_payers.emergency_contact_name_468,compliance.phi,high,31,tap_generated
TRG001353,2026-07-04T12:31:00,2026-07,SRC001,code_change,phi_column_classification,OBJ0146,write_off_pct,models/marts/core/_core_schema.yml,stg_legacy_extract_6.member_id_raw_167,compliance.phi,low,4,suppressed_rate_limit
TRG001354,2026-07-24T13:55:00,2026-07,SRC001,code_change,phi_column_classification,OBJ0028,fct_referrals,models/marts/core/fct_referrals.sql,fct_providers.policy_number_469,compliance.phi,low,0,tap_generated
TRG001355,2026-07-22T18:05:00,2026-07,SRC001,code_change,phi_column_classification,OBJ0098,stg_eligibility,models/input_layer/stg_eligibility.sql,fct_writeoffs.device_serial_470,compliance.phi,high,34,tap_generated
TRG001356,2026-07-06T13:40:00,2026-07,SRC001,code_change,phi_column_classification,OBJ0027,fct_admissions,models/marts/core/fct_admissions.sql,stg_departments.chart_note_excerpt_471,compliance.phi,low,1,tap_generated
TRG001357,2026-07-07T17:10:00,2026-07,SRC001,code_change,revenue_definition_change,OBJ0028,fct_referrals,models/marts/core/fct_referrals.sql,clean_claim_rate|1,finance.revenue,low,0,tap_generated
TRG001358,2026-07-13T13:04:00,2026-07,SRC001,code_change,revenue_definition_change,OBJ0128,contractual_allowance,models/marts/core/_core_schema.yml,cost_to_collect|1,finance.revenue,low,6,tap_generated
TRG001359,2026-07-07T13:38:00,2026-07,SRC001,code_change,revenue_definition_change,OBJ0132,clean_claim_rate,models/marts/core/_core_schema.yml,net_patient_revenue|2,finance.revenue,high,25,tap_generated
TRG001360,2026-07-12T16:49:00,2026-07,SRC001,code_change,revenue_definition_change,OBJ0009,fct_providers,models/marts/core/fct_providers.sql,gross_charges|2,finance.revenue,medium,11,tap_generated
TRG001361,2026-07-24T18:55:00,2026-07,SRC001,code_change,revenue_definition_change,OBJ0028,fct_referrals,models/marts/core/fct_referrals.sql,contractual_allowance|2,finance.revenue,low,0,tap_generated
TRG001362,2026-07-13T11:01:00,2026-07,SRC001,code_change,revenue_definition_change,OBJ0001,fct_adjustments,models/marts/core/fct_adjustments.sql,days_in_ar|2,finance.revenue,low,2,tap_generated
TRG001363,2026-07-10T09:14:00,2026-07,SRC001,code_change,quality_measure_criteria,OBJ0081,fct_balances,models/marts/quality/fct_balances.sql,hedis_cbp_compliance,clinical.quality,low,1,suppressed_dedupe
TRG001364,2026-07-24T14:36:00,2026-07,SRC001,code_change,quality_measure_criteria,OBJ0077,fct_aging,models/marts/quality/fct_aging.sql,hedis_cbp_compliance,clinical.quality,low,3,suppressed_dedupe
TRG001365,2026-07-07T11:44:00,2026-07,SRC001,code_change,quality_measure_criteria,OBJ0083,fct_procedures,models/marts/quality/fct_procedures.sql,avg_length_of_stay,clinical.quality,low,8,suppressed_dedupe
TRG001366,2026-07-21T15:38:00,2026-07,SRC001,code_change,quality_measure_criteria,OBJ0139,hedis_cbp_compliance,models/marts/core/_core_schema.yml,avg_length_of_stay,clinical.quality,high,31,tap_generated
TRG001367,2026-07-06T17:57:00,2026-07,SRC001,code_change,quality_measure_criteria,OBJ0076,fct_measures,models/marts/quality/fct_measures.sql,hedis_bcs_compliance,clinical.quality,low,6,tap_generated
TRG001368,2026-07-07T11:03:00,2026-07,SRC001,code_change,quality_measure_criteria,OBJ0140,cms_sep1_compliance,models/marts/core/_core_schema.yml,avg_length_of_stay,clinical.quality,low,3,suppressed_dedupe
TRG001369,2026-07-13T10:50:00,2026-07,SRC001,code_change,quality_measure_criteria,OBJ0076,fct_measures,models/marts/quality/fct_measures.sql,hedis_cbp_compliance,clinical.quality,low,6,suppressed_dedupe
TRG001370,2026-07-12T17:58:00,2026-07,SRC001,code_change,quality_measure_criteria,OBJ0136,avg_length_of_stay,models/marts/core/_core_schema.yml,hedis_cbp_compliance,clinical.quality,medium,12,suppressed_dedupe
TRG001371,2026-07-20T15:37:00,2026-07,SRC001,code_change,quality_measure_criteria,OBJ0080,fct_census,models/marts/quality/fct_census.sql,hedis_bcs_compliance,clinical.quality,medium,15,suppressed_dedupe
TRG001372,2026-07-14T16:02:00,2026-07,SRC001,code_change,quality_measure_criteria,OBJ0081,fct_balances,models/marts/quality/fct_balances.sql,cms_sep1_compliance,clinical.quality,low,1,suppressed_dedupe
TRG001373,2026-07-09T15:28:00,2026-07,SRC001,code_change,quality_measure_criteria,OBJ0080,fct_census,models/marts/quality/fct_census.sql,readmission_rate_30d,clinical.quality,medium,15,suppressed_dedupe
TRG001374,2026-07-23T10:30:00,2026-07,SRC001,code_change,quality_measure_criteria,OBJ0141,hcahps_top_box,models/marts/core/_core_schema.yml,hedis_bcs_compliance,clinical.quality,low,3,suppressed_dedupe
TRG001375,2026-07-09T08:11:00,2026-07,SRC001,code_change,quality_measure_criteria,OBJ0086,fct_payers,models/marts/quality/fct_payers.sql,ed_left_without_being_seen,clinical.quality,low,3,tap_generated
TRG001376,2026-07-06T10:36:00,2026-07,SRC001,code_change,quality_measure_criteria,OBJ0079,fct_coverage,models/marts/quality/fct_coverage.sql,hedis_cbp_compliance,clinical.quality,low,3,suppressed_dedupe
TRG001377,2026-07-12T18:20:00,2026-07,SRC001,code_change,quality_measure_criteria,OBJ0136,avg_length_of_stay,models/marts/core/_core_schema.yml,avg_length_of_stay,clinical.quality,medium,12,suppressed_dedupe
TRG001378,2026-07-01T11:46:00,2026-07,SRC001,code_change,quality_measure_criteria,OBJ0078,fct_denials,models/marts/quality/fct_denials.sql,hedis_bcs_compliance,clinical.quality,low,3,suppressed_dedupe
TRG001379,2026-07-23T08:28:00,2026-07,SRC001,code_change,quality_measure_criteria,OBJ0139,hedis_cbp_compliance,models/marts/core/_core_schema.yml,hedis_bcs_compliance,clinical.quality,high,31,suppressed_dedupe
TRG001380,2026-07-25T13:17:00,2026-07,SRC001,code_change,quality_measure_criteria,OBJ0084,fct_departments,models/marts/quality/fct_departments.sql,cms_sep1_compliance,clinical.quality,high,34,suppressed_dedupe
TRG001381,2026-07-15T16:59:00,2026-07,SRC001,code_change,quality_measure_criteria,OBJ0079,fct_coverage,models/marts/quality/fct_coverage.sql,hedis_cbp_compliance,clinical.quality,low,3,suppressed_dedupe
TRG001382,2026-07-29T14:51:00,2026-07,SRC001,code_change,quality_measure_criteria,OBJ0087,fct_admissions,models/marts/quality/fct_admissions.sql,cms_sep1_compliance,clinical.quality,low,3,suppressed_dedupe
TRG001383,2026-07-18T15:36:00,2026-07,SRC001,code_change,quality_measure_criteria,OBJ0086,fct_payers,models/marts/quality/fct_payers.sql,readmission_rate_30d,clinical.quality,low,3,suppressed_dedupe
TRG001384,2026-07-15T15:36:00,2026-07,SRC001,code_change,quality_measure_criteria,OBJ0084,fct_departments,models/marts/quality/fct_departments.sql,readmission_rate_30d,clinical.quality,high,34,suppressed_dedupe
TRG001385,2026-07-06T18:27:00,2026-07,SRC001,code_change,quality_measure_criteria,OBJ0076,fct_measures,models/marts/quality/fct_measures.sql,ed_left_without_being_seen,clinical.quality,low,6,suppressed_dedupe
TRG001386,2026-07-28T12:15:00,2026-07,SRC001,code_change,quality_measure_criteria,OBJ0075,fct_authorizations,models/marts/quality/fct_authorizations.sql,avg_length_of_stay,clinical.quality,high,34,suppressed_dedupe
TRG001387,2026-07-18T16:19:00,2026-07,SRC001,code_change,quality_measure_criteria,OBJ0079,fct_coverage,models/marts/quality/fct_coverage.sql,hedis_bcs_compliance,clinical.quality,low,3,suppressed_dedupe
TRG001388,2026-07-15T16:13:00,2026-07,SRC001,code_change,quality_measure_criteria,OBJ0087,fct_admissions,models/marts/quality/fct_admissions.sql,hedis_bcs_compliance,clinical.quality,low,3,suppressed_dedupe
TRG001389,2026-07-01T15:12:00,2026-07,SRC001,code_change,quality_measure_criteria,OBJ0139,hedis_cbp_compliance,models/marts/core/_core_schema.yml,hedis_bcs_compliance,clinical.quality,high,31,suppressed_dedupe
TRG001390,2026-07-11T14:17:00,2026-07,SRC001,code_change,quality_measure_criteria,OBJ0081,fct_balances,models/marts/quality/fct_balances.sql,hedis_cbp_compliance,clinical.quality,low,1,suppressed_dedupe
TRG001391,2026-07-15T17:19:00,2026-07,SRC001,code_change,quality_measure_criteria,OBJ0077,fct_aging,models/marts/quality/fct_aging.sql,cms_sep1_compliance,clinical.quality,low,3,suppressed_dedupe
TRG001392,2026-07-10T14:12:00,2026-07,SRC001,code_change,quality_measure_criteria,OBJ0083,fct_procedures,models/marts/quality/fct_procedures.sql,ed_left_without_being_seen,clinical.quality,low,8,suppressed_dedupe
TRG001393,2026-07-16T14:07:00,2026-07,SRC001,code_change,quality_measure_criteria,OBJ0134,readmission_rate_30d,models/marts/core/_core_schema.yml,avg_length_of_stay,clinical.quality,medium,18,suppressed_dedupe
TRG001394,2026-07-18T10:00:00,2026-07,SRC001,code_change,quality_measure_criteria,OBJ0087,fct_admissions,models/marts/quality/fct_admissions.sql,cms_sep1_compliance,clinical.quality,low,3,suppressed_dedupe
TRG001395,2026-07-18T08:08:00,2026-07,SRC001,code_change,quality_measure_criteria,OBJ0135,ed_left_without_being_seen,models/marts/core/_core_schema.yml,readmission_rate_30d,clinical.quality,high,31,suppressed_dedupe
TRG001396,2026-07-28T16:37:00,2026-07,SRC001,code_change,quality_measure_criteria,OBJ0084,fct_departments,models/marts/quality/fct_departments.sql,ed_left_without_being_seen,clinical.quality,high,34,suppressed_dedupe
TRG001397,2026-07-05T12:47:00,2026-07,SRC001,code_change,quality_measure_criteria,OBJ0078,fct_denials,models/marts/quality/fct_denials.sql,hedis_cbp_compliance,clinical.quality,low,3,suppressed_dedupe
TRG001398,2026-07-15T10:25:00,2026-07,SRC001,code_change,quality_measure_criteria,OBJ0088,fct_referrals,models/marts/quality/fct_referrals.sql,cms_sep1_compliance,clinical.quality,low,1,suppressed_dedupe
TRG001399,2026-07-25T15:02:00,2026-07,SRC001,code_change,quality_measure_criteria,OBJ0088,fct_referrals,models/marts/quality/fct_referrals.sql,avg_length_of_stay,clinical.quality,low,1,suppressed_dedupe
TRG001400,2026-07-15T17:47:00,2026-07,SRC001,code_change,quality_measure_criteria,OBJ0086,fct_payers,models/marts/quality/fct_payers.sql,hedis_bcs_compliance,clinical.quality,low,3,suppressed_dedupe
TRG001401,2026-07-16T15:28:00,2026-07,SRC001,code_change,quality_measure_criteria,OBJ0138,hedis_bcs_compliance,models/marts/core/_core_schema.yml,hedis_cbp_compliance,clinical.quality,high,31,suppressed_dedupe
TRG001402,2026-07-23T13:51:00,2026-07,SRC001,code_change,quality_measure_criteria,OBJ0081,fct_balances,models/marts/quality/fct_balances.sql,hedis_cbp_compliance,clinical.quality,low,1,suppressed_dedupe
TRG001403,2026-07-25T15:37:00,2026-07,SRC001,code_change,quality_measure_criteria,OBJ0075,fct_authorizations,models/marts/quality/fct_authorizations.sql,readmission_rate_30d,clinical.quality,high,34,suppressed_dedupe
TRG001404,2026-07-12T10:06:00,2026-07,SRC001,code_change,quality_measure_criteria,OBJ0136,avg_length_of_stay,models/marts/core/_core_schema.yml,cms_sep1_compliance,clinical.quality,medium,12,suppressed_dedupe
TRG001405,2026-07-02T16:08:00,2026-07,SRC001,code_change,quality_measure_criteria,OBJ0076,fct_measures,models/marts/quality/fct_measures.sql,cms_sep1_compliance,clinical.quality,low,6,suppressed_dedupe
TRG001406,2026-07-03T11:41:00,2026-07,SRC001,code_change,quality_measure_criteria,OBJ0086,fct_payers,models/marts/quality/fct_payers.sql,ed_left_without_being_seen,clinical.quality,low,3,suppressed_dedupe
TRG001407,2026-07-22T12:23:00,2026-07,SRC001,code_change,quality_measure_criteria,OBJ0135,ed_left_without_being_seen,models/marts/core/_core_schema.yml,readmission_rate_30d,clinical.quality,high,31,suppressed_dedupe
TRG001408,2026-07-19T09:23:00,2026-07,SRC001,code_change,quality_measure_criteria,OBJ0079,fct_coverage,models/marts/quality/fct_coverage.sql,avg_length_of_stay,clinical.quality,low,3,suppressed_dedupe
TRG001409,2026-07-25T14:36:00,2026-07,SRC001,code_change,quality_measure_criteria,OBJ0141,hcahps_top_box,models/marts/core/_core_schema.yml,readmission_rate_30d,clinical.quality,low,3,suppressed_dedupe
TRG001410,2026-07-30T14:14:00,2026-07,SRC001,code_change,quality_measure_criteria,OBJ0086,fct_payers,models/marts/quality/fct_payers.sql,hedis_bcs_compliance,clinical.quality,low,3,suppressed_dedupe
TRG001411,2026-07-11T14:40:00,2026-07,SRC001,code_change,quality_measure_criteria,OBJ0084,fct_departments,models/marts/quality/fct_departments.sql,avg_length_of_stay,clinical.quality,high,34,suppressed_dedupe
TRG001412,2026-07-21T09:45:00,2026-07,SRC001,code_change,quality_measure_criteria,OBJ0085,fct_cohorts,models/marts/quality/fct_cohorts.sql,ed_left_without_being_seen,clinical.quality,medium,11,suppressed_dedupe
TRG001413,2026-07-22T14:11:00,2026-07,SRC001,code_change,quality_measure_criteria,OBJ0083,fct_procedures,models/marts/quality/fct_procedures.sql,avg_length_of_stay,clinical.quality,low,8,suppressed_dedupe
TRG001414,2026-07-27T12:54:00,2026-07,SRC001,code_change,quality_measure_criteria,OBJ0140,cms_sep1_compliance,models/marts/core/_core_schema.yml,hedis_bcs_compliance,clinical.quality,low,3,suppressed_dedupe
TRG001415,2026-07-09T16:34:00,2026-07,SRC001,code_change,quality_measure_criteria,OBJ0079,fct_coverage,models/marts/quality/fct_coverage.sql,hedis_cbp_compliance,clinical.quality,low,3,suppressed_dedupe
TRG001416,2026-07-16T18:53:00,2026-07,SRC001,code_change,quality_measure_criteria,OBJ0083,fct_procedures,models/marts/quality/fct_procedures.sql,cms_sep1_compliance,clinical.quality,low,8,suppressed_dedupe
TRG001417,2026-07-22T10:06:00,2026-07,SRC001,code_change,quality_measure_criteria,OBJ0080,fct_census,models/marts/quality/fct_census.sql,readmission_rate_30d,clinical.quality,medium,15,suppressed_dedupe
TRG001418,2026-07-23T12:42:00,2026-07,SRC001,code_change,quality_measure_criteria,OBJ0084,fct_departments,models/marts/quality/fct_departments.sql,avg_length_of_stay,clinical.quality,high,34,suppressed_dedupe
TRG001419,2026-07-27T08:07:00,2026-07,SRC001,code_change,quality_measure_criteria,OBJ0141,hcahps_top_box,models/marts/core/_core_schema.yml,ed_left_without_being_seen,clinical.quality,low,3,suppressed_dedupe
TRG001420,2026-07-08T12:17:00,2026-07,SRC001,code_change,quality_measure_criteria,OBJ0137,bed_occupancy_rate,models/marts/core/_core_schema.yml,avg_length_of_stay,clinical.quality,low,4,suppressed_dedupe
TRG001421,2026-07-03T17:28:00,2026-07,SRC001,code_change,quality_measure_criteria,OBJ0140,cms_sep1_compliance,models/marts/core/_core_schema.yml,avg_length_of_stay,clinical.quality,low,3,suppressed_dedupe
TRG001422,2026-07-31T10:07:00,2026-07,SRC001,code_change,quality_measure_criteria,OBJ0085,fct_cohorts,models/marts/quality/fct_cohorts.sql,hedis_bcs_compliance,clinical.quality,medium,11,suppressed_dedupe
TRG001423,2026-07-03T11:52:00,2026-07,SRC001,code_change,quality_measure_criteria,OBJ0084,fct_departments,models/marts/quality/fct_departments.sql,avg_length_of_stay,clinical.quality,high,34,suppressed_dedupe
TRG001424,2026-07-31T10:17:00,2026-07,SRC001,code_change,quality_measure_criteria,OBJ0088,fct_referrals,models/marts/quality/fct_referrals.sql,hedis_bcs_compliance,clinical.quality,low,1,suppressed_dedupe
TRG001425,2026-07-31T15:25:00,2026-07,SRC001,code_change,quality_measure_criteria,OBJ0083,fct_procedures,models/marts/quality/fct_procedures.sql,ed_left_without_being_seen,clinical.quality,low,8,suppressed_dedupe
TRG001426,2026-07-15T13:08:00,2026-07,SRC001,code_change,quality_measure_criteria,OBJ0085,fct_cohorts,models/marts/quality/fct_cohorts.sql,hedis_cbp_compliance,clinical.quality,medium,11,suppressed_dedupe
TRG001427,2026-07-24T16:41:00,2026-07,SRC001,code_change,quality_measure_criteria,OBJ0087,fct_admissions,models/marts/quality/fct_admissions.sql,cms_sep1_compliance,clinical.quality,low,3,suppressed_dedupe
TRG001428,2026-07-01T17:03:00,2026-07,SRC001,code_change,quality_measure_criteria,OBJ0141,hcahps_top_box,models/marts/core/_core_schema.yml,ed_left_without_being_seen,clinical.quality,low,3,suppressed_dedupe
TRG001429,2026-07-27T11:30:00,2026-07,SRC001,code_change,quality_measure_criteria,OBJ0081,fct_balances,models/marts/quality/fct_balances.sql,readmission_rate_30d,clinical.quality,low,1,suppressed_dedupe
TRG001430,2026-07-03T09:37:00,2026-07,SRC001,code_change,quality_measure_criteria,OBJ0137,bed_occupancy_rate,models/marts/core/_core_schema.yml,hedis_bcs_compliance,clinical.quality,low,4,suppressed_dedupe
TRG001431,2026-07-06T08:13:00,2026-07,SRC001,code_change,quality_measure_criteria,OBJ0079,fct_coverage,models/marts/quality/fct_coverage.sql,cms_sep1_compliance,clinical.quality,low,3,suppressed_dedupe
TRG001432,2026-07-06T10:57:00,2026-07,SRC001,code_change,quality_measure_criteria,OBJ0085,fct_cohorts,models/marts/quality/fct_cohorts.sql,ed_left_without_being_seen,clinical.quality,medium,11,suppressed_dedupe
TRG001433,2026-07-30T14:34:00,2026-07,SRC001,annotation,source_freshness_ownership,OBJ0090,stg_claims,models/input_layer/stg_claims.sql,labcorp_results,platform.pipelines,low,3,tap_generated
TRG001434,2026-07-20T14:07:00,2026-07,SRC001,annotation,source_freshness_ownership,OBJ0090,stg_claims,models/input_layer/stg_claims.sql,press_ganey,platform.pipelines,low,3,suppressed_dedupe
TRG001435,2026-07-28T15:34:00,2026-07,SRC001,annotation,source_freshness_ownership,OBJ0108,stg_denials,models/input_layer/stg_denials.sql,quest_results,platform.pipelines,low,6,tap_generated
TRG001436,2026-07-14T13:58:00,2026-07,SRC001,annotation,source_freshness_ownership,OBJ0109,stg_coverage,models/input_layer/stg_coverage.sql,surescripts_rx,platform.pipelines,low,6,tap_generated
TRG001437,2026-07-02T08:25:00,2026-07,SRC001,annotation,source_freshness_ownership,OBJ0101,stg_service_lines,models/input_layer/stg_service_lines.sql,cms_qpp_feedback,platform.pipelines,low,6,tap_generated
TRG001438,2026-07-16T14:39:00,2026-07,SRC001,annotation,source_freshness_ownership,OBJ0109,stg_coverage,models/input_layer/stg_coverage.sql,epic_clarity,platform.pipelines,low,6,suppressed_dedupe
TRG001439,2026-07-13T16:13:00,2026-07,SRC001,annotation,source_freshness_ownership,OBJ0154,press_ganey,models/input_layer/_input_layer_sources.yml,kronos_staffing,platform.pipelines,medium,12,suppressed_dedupe
TRG001440,2026-07-21T13:18:00,2026-07,SRC001,annotation,source_freshness_ownership,OBJ0097,stg_facilities,models/input_layer/stg_facilities.sql,epic_caboodle,platform.pipelines,low,3,suppressed_dedupe
TRG001441,2026-07-21T16:11:00,2026-07,SRC001,annotation,source_freshness_ownership,OBJ0156,lawson_gl,models/input_layer/_input_layer_sources.yml,waystar_claims,platform.pipelines,medium,21,suppressed_dedupe
TRG001442,2026-07-05T08:11:00,2026-07,SRC001,annotation,source_freshness_ownership,OBJ0156,lawson_gl,models/input_layer/_input_layer_sources.yml,availity_remits,platform.pipelines,medium,21,suppressed_dedupe
TRG001443,2026-07-28T15:34:00,2026-07,SRC001,annotation,source_freshness_ownership,OBJ0154,press_ganey,models/input_layer/_input_layer_sources.yml,press_ganey,platform.pipelines,medium,12,suppressed_dedupe
TRG001444,2026-07-10T15:23:00,2026-07,SRC001,annotation,source_freshness_ownership,OBJ0095,stg_charges,models/input_layer/stg_charges.sql,epic_clarity,platform.pipelines,medium,11,suppressed_dedupe
TRG001445,2026-07-29T14:33:00,2026-07,SRC001,annotation,source_freshness_ownership,OBJ0106,stg_measures,models/input_layer/stg_measures.sql,quest_results,platform.pipelines,high,34,suppressed_dedupe
TRG001446,2026-07-04T15:50:00,2026-07,SRC001,annotation,source_freshness_ownership,OBJ0114,stg_departments,models/input_layer/stg_departments.sql,waystar_claims,platform.pipelines,low,0,suppressed_dedupe
TRG001447,2026-07-12T11:13:00,2026-07,SRC001,annotation,source_freshness_ownership,OBJ0098,stg_eligibility,models/input_layer/stg_eligibility.sql,kronos_staffing,platform.pipelines,high,34,suppressed_dedupe
TRG001448,2026-07-15T08:33:00,2026-07,SRC001,annotation,source_freshness_ownership,OBJ0090,stg_claims,models/input_layer/stg_claims.sql,salesforce_referrals,platform.pipelines,low,3,suppressed_dedupe
TRG001449,2026-07-22T15:47:00,2026-07,SRC001,annotation,source_freshness_ownership,OBJ0161,quest_results,models/input_layer/_input_layer_sources.yml,lawson_gl,platform.pipelines,medium,12,suppressed_dedupe
TRG001450,2026-07-05T15:45:00,2026-07,SRC001,annotation,source_freshness_ownership,OBJ0108,stg_denials,models/input_layer/stg_denials.sql,salesforce_referrals,platform.pipelines,low,6,suppressed_dedupe
TRG001451,2026-07-31T12:37:00,2026-07,SRC001,annotation,source_freshness_ownership,OBJ0105,stg_authorizations,models/input_layer/stg_authorizations.sql,surescripts_rx,platform.pipelines,high,34,suppressed_dedupe
TRG001452,2026-07-21T10:53:00,2026-07,SRC001,annotation,source_freshness_ownership,OBJ0156,lawson_gl,models/input_layer/_input_layer_sources.yml,twilio_outreach,platform.pipelines,medium,21,suppressed_dedupe
TRG001453,2026-07-10T16:46:00,2026-07,SRC001,annotation,source_freshness_ownership,OBJ0115,stg_cohorts,models/input_layer/stg_cohorts.sql,epic_caboodle,platform.pipelines,low,2,suppressed_dedupe
TRG001454,2026-07-26T18:27:00,2026-07,SRC001,annotation,source_freshness_ownership,OBJ0097,stg_facilities,models/input_layer/stg_facilities.sql,epic_clarity,platform.pipelines,low,3,suppressed_dedupe
TRG001455,2026-07-20T17:40:00,2026-07,SRC001,annotation,source_freshness_ownership,OBJ0102,stg_exclusions,models/input_layer/stg_exclusions.sql,redox_hl7,platform.pipelines,low,3,suppressed_dedupe
TRG001456,2026-07-12T10:34:00,2026-07,SRC001,annotation,source_freshness_ownership,OBJ0094,stg_writeoffs,models/input_layer/stg_writeoffs.sql,twilio_outreach,platform.pipelines,low,4,suppressed_dedupe
TRG001457,2026-07-27T13:37:00,2026-07,SRC001,annotation,source_freshness_ownership,OBJ0156,lawson_gl,models/input_layer/_input_layer_sources.yml,redox_hl7,platform.pipelines,medium,21,suppressed_dedupe
TRG001458,2026-07-17T16:30:00,2026-07,SRC001,annotation,source_freshness_ownership,OBJ0103,stg_encounters,models/input_layer/stg_encounters.sql,labcorp_results,platform.pipelines,low,3,suppressed_dedupe
TRG001459,2026-07-04T10:12:00,2026-07,SRC001,annotation,source_freshness_ownership,OBJ0111,stg_balances,models/input_layer/stg_balances.sql,quest_results,platform.pipelines,low,1,suppressed_dedupe
TRG001460,2026-07-14T15:21:00,2026-07,SRC001,annotation,source_freshness_ownership,OBJ0161,quest_results,models/input_layer/_input_layer_sources.yml,surescripts_rx,platform.pipelines,medium,12,suppressed_dedupe
TRG001461,2026-07-15T12:23:00,2026-07,SRC001,annotation,source_freshness_ownership,OBJ0109,stg_coverage,models/input_layer/stg_coverage.sql,cms_qpp_feedback,platform.pipelines,low,6,suppressed_dedupe
TRG001462,2026-07-10T17:10:00,2026-07,SRC001,annotation,source_freshness_ownership,OBJ0160,labcorp_results,models/input_layer/_input_layer_sources.yml,epic_clarity,platform.pipelines,medium,21,suppressed_dedupe
TRG001463,2026-07-12T07:41:00,2026-07,SRC001,annotation,source_freshness_ownership,OBJ0091,stg_adjustments,models/input_layer/stg_adjustments.sql,availity_remits,platform.pipelines,low,3,suppressed_dedupe
TRG001464,2026-07-28T10:45:00,2026-07,SRC001,annotation,source_freshness_ownership,OBJ0153,availity_remits,models/input_layer/_input_layer_sources.yml,epic_caboodle,platform.pipelines,low,3,suppressed_dedupe
TRG001465,2026-07-09T16:03:00,2026-07,SRC001,annotation,source_freshness_ownership,OBJ0115,stg_cohorts,models/input_layer/stg_cohorts.sql,waystar_claims,platform.pipelines,low,2,suppressed_dedupe
TRG001466,2026-07-11T09:06:00,2026-07,SRC001,annotation,source_freshness_ownership,OBJ0113,stg_procedures,models/input_layer/stg_procedures.sql,availity_remits,platform.pipelines,low,4,suppressed_dedupe
TRG001467,2026-07-30T13:14:00,2026-07,SRC001,annotation,source_freshness_ownership,OBJ0163,cms_qpp_feedback,models/input_layer/_input_layer_sources.yml,press_ganey,platform.pipelines,medium,16,suppressed_dedupe
TRG001468,2026-07-25T12:19:00,2026-07,SRC001,annotation,source_freshness_ownership,OBJ0103,stg_encounters,models/input_layer/stg_encounters.sql,kronos_staffing,platform.pipelines,low,3,suppressed_dedupe
TRG001469,2026-07-14T15:07:00,2026-07,SRC001,annotation,source_freshness_ownership,OBJ0154,press_ganey,models/input_layer/_input_layer_sources.yml,lawson_gl,platform.pipelines,medium,12,suppressed_dedupe
TRG001470,2026-07-18T10:00:00,2026-07,SRC001,annotation,source_freshness_ownership,OBJ0096,stg_diagnoses,models/input_layer/stg_diagnoses.sql,salesforce_referrals,platform.pipelines,low,2,suppressed_dedupe
TRG001471,2026-07-22T11:12:00,2026-07,SRC001,annotation,source_freshness_ownership,OBJ0106,stg_measures,models/input_layer/stg_measures.sql,cms_qpp_feedback,platform.pipelines,high,34,suppressed_dedupe
TRG001472,2026-07-28T08:08:00,2026-07,SRC001,annotation,source_freshness_ownership,OBJ0151,epic_caboodle,models/input_layer/_input_layer_sources.yml,epic_clarity,platform.pipelines,medium,16,suppressed_dedupe
TRG001473,2026-07-04T15:01:00,2026-07,SRC001,annotation,source_freshness_ownership,OBJ0106,stg_measures,models/input_layer/stg_measures.sql,twilio_outreach,platform.pipelines,high,34,suppressed_dedupe
TRG001474,2026-07-22T14:27:00,2026-07,SRC001,annotation,source_freshness_ownership,OBJ0157,salesforce_referrals,models/input_layer/_input_layer_sources.yml,redox_hl7,platform.pipelines,low,3,suppressed_dedupe
TRG001475,2026-07-27T14:29:00,2026-07,SRC001,annotation,source_freshness_ownership,OBJ0105,stg_authorizations,models/input_layer/stg_authorizations.sql,labcorp_results,platform.pipelines,high,34,suppressed_dedupe
TRG001476,2026-07-07T17:26:00,2026-07,SRC001,annotation,source_freshness_ownership,OBJ0159,redox_hl7,models/input_layer/_input_layer_sources.yml,quest_results,platform.pipelines,low,3,suppressed_dedupe
TRG001477,2026-07-13T15:01:00,2026-07,SRC001,annotation,source_freshness_ownership,OBJ0157,salesforce_referrals,models/input_layer/_input_layer_sources.yml,lawson_gl,platform.pipelines,low,3,suppressed_dedupe
TRG001478,2026-07-27T08:18:00,2026-07,SRC001,annotation,source_freshness_ownership,OBJ0116,stg_payers,models/input_layer/stg_payers.sql,surescripts_rx,platform.pipelines,low,0,suppressed_dedupe
TRG001479,2026-07-20T17:32:00,2026-07,SRC001,annotation,source_freshness_ownership,OBJ0105,stg_authorizations,models/input_layer/stg_authorizations.sql,cms_qpp_feedback,platform.pipelines,high,34,suppressed_dedupe
TRG001480,2026-07-08T13:34:00,2026-07,SRC001,annotation,source_freshness_ownership,OBJ0093,stg_throughput,models/input_layer/stg_throughput.sql,epic_clarity,platform.pipelines,low,4,suppressed_dedupe
TRG001481,2026-07-22T11:38:00,2026-07,SRC001,annotation,source_freshness_ownership,OBJ0103,stg_encounters,models/input_layer/stg_encounters.sql,epic_caboodle,platform.pipelines,low,3,suppressed_dedupe
TRG001482,2026-07-05T11:01:00,2026-07,SRC001,annotation,source_freshness_ownership,OBJ0095,stg_charges,models/input_layer/stg_charges.sql,availity_remits,platform.pipelines,medium,11,suppressed_dedupe
TRG001483,2026-07-14T14:58:00,2026-07,SRC001,annotation,source_freshness_ownership,OBJ0097,stg_facilities,models/input_layer/stg_facilities.sql,press_ganey,platform.pipelines,low,3,suppressed_dedupe
TRG001484,2026-07-11T10:36:00,2026-07,SRC001,annotation,source_freshness_ownership,OBJ0115,stg_cohorts,models/input_layer/stg_cohorts.sql,waystar_claims,platform.pipelines,low,2,suppressed_dedupe
TRG001485,2026-07-14T14:49:00,2026-07,SRC001,annotation,source_freshness_ownership,OBJ0117,stg_admissions,models/input_layer/stg_admissions.sql,surescripts_rx,platform.pipelines,low,4,suppressed_dedupe
TRG001486,2026-07-14T11:39:00,2026-07,SRC001,annotation,source_freshness_ownership,OBJ0089,stg_numerators,models/input_layer/stg_numerators.sql,epic_caboodle,platform.pipelines,low,6,suppressed_dedupe
TRG001487,2026-07-20T15:23:00,2026-07,SRC001,annotation,source_freshness_ownership,OBJ0098,stg_eligibility,models/input_layer/stg_eligibility.sql,availity_remits,platform.pipelines,high,34,suppressed_dedupe
TRG001488,2026-07-02T14:46:00,2026-07,SRC001,annotation,source_freshness_ownership,OBJ0099,stg_providers,models/input_layer/stg_providers.sql,press_ganey,platform.pipelines,medium,11,suppressed_dedupe
TRG001489,2026-07-29T12:03:00,2026-07,SRC001,annotation,source_freshness_ownership,OBJ0113,stg_procedures,models/input_layer/stg_procedures.sql,kronos_staffing,platform.pipelines,low,4,suppressed_dedupe
TRG001490,2026-07-10T17:32:00,2026-07,SRC001,annotation,source_freshness_ownership,OBJ0153,availity_remits,models/input_layer/_input_layer_sources.yml,lawson_gl,platform.pipelines,low,3,suppressed_dedupe
TRG001491,2026-07-28T10:16:00,2026-07,SRC001,annotation,source_freshness_ownership,OBJ0097,stg_facilities,models/input_layer/stg_facilities.sql,lawson_gl,platform.pipelines,low,3,suppressed_dedupe
TRG001492,2026-07-23T11:58:00,2026-07,SRC001,annotation,source_freshness_ownership,OBJ0159,redox_hl7,models/input_layer/_input_layer_sources.yml,epic_clarity,platform.pipelines,low,3,suppressed_dedupe
TRG001493,2026-07-07T09:57:00,2026-07,SRC001,annotation,source_freshness_ownership,OBJ0155,kronos_staffing,models/input_layer/_input_layer_sources.yml,salesforce_referrals,platform.pipelines,low,3,suppressed_dedupe
TRG001494,2026-07-10T18:01:00,2026-07,SRC001,annotation,source_freshness_ownership,OBJ0155,kronos_staffing,models/input_layer/_input_layer_sources.yml,twilio_outreach,platform.pipelines,low,3,suppressed_dedupe
TRG001495,2026-07-09T11:56:00,2026-07,SRC001,annotation,source_freshness_ownership,OBJ0093,stg_throughput,models/input_layer/stg_throughput.sql,redox_hl7,platform.pipelines,low,4,suppressed_dedupe
TRG001496,2026-07-01T16:41:00,2026-07,SRC001,annotation,source_freshness_ownership,OBJ0159,redox_hl7,models/input_layer/_input_layer_sources.yml,press_ganey,platform.pipelines,low,3,suppressed_dedupe
TRG001497,2026-07-31T10:55:00,2026-07,SRC001,annotation,source_freshness_ownership,OBJ0091,stg_adjustments,models/input_layer/stg_adjustments.sql,labcorp_results,platform.pipelines,low,3,suppressed_dedupe
TRG001498,2026-07-07T10:33:00,2026-07,SRC001,annotation,source_freshness_ownership,OBJ0102,stg_exclusions,models/input_layer/stg_exclusions.sql,quest_results,platform.pipelines,low,3,suppressed_dedupe
TRG001499,2026-07-24T11:20:00,2026-07,SRC001,annotation,source_freshness_ownership,OBJ0104,stg_appointments,models/input_layer/stg_appointments.sql,epic_caboodle,platform.pipelines,low,6,suppressed_dedupe
TRG001500,2026-07-20T18:50:00,2026-07,SRC001,annotation,source_freshness_ownership,OBJ0096,stg_diagnoses,models/input_layer/stg_diagnoses.sql,surescripts_rx,platform.pipelines,low,2,suppressed_dedupe
TRG001501,2026-07-15T12:52:00,2026-07,SRC001,annotation,source_freshness_ownership,OBJ0110,stg_census,models/input_layer/stg_census.sql,surescripts_rx,platform.pipelines,low,2,suppressed_dedupe
TRG001502,2026-07-28T15:03:00,2026-07,SRC001,annotation,source_freshness_ownership,OBJ0109,stg_coverage,models/input_layer/stg_coverage.sql,cms_qpp_feedback,platform.pipelines,low,6,suppressed_dedupe
TRG001503,2026-07-12T14:09:00,2026-07,SRC001,annotation,source_freshness_ownership,OBJ0107,stg_aging,models/input_layer/stg_aging.sql,epic_clarity,platform.pipelines,low,3,suppressed_dedupe
TRG001504,2026-07-22T15:47:00,2026-07,SRC001,annotation,source_freshness_ownership,OBJ0114,stg_departments,models/input_layer/stg_departments.sql,epic_clarity,platform.pipelines,low,0,suppressed_dedupe
TRG001505,2026-07-07T14:10:00,2026-07,SRC001,annotation,source_freshness_ownership,OBJ0161,quest_results,models/input_layer/_input_layer_sources.yml,epic_caboodle,platform.pipelines,medium,12,suppressed_dedupe
TRG001506,2026-07-16T15:37:00,2026-07,SRC001,annotation,source_freshness_ownership,OBJ0154,press_ganey,models/input_layer/_input_layer_sources.yml,waystar_claims,platform.pipelines,medium,12,suppressed_dedupe
TRG001507,2026-07-16T14:37:00,2026-07,SRC001,annotation,source_freshness_ownership,OBJ0096,stg_diagnoses,models/input_layer/stg_diagnoses.sql,epic_caboodle,platform.pipelines,low,2,suppressed_dedupe
TRG001508,2026-07-20T09:38:00,2026-07,SRC001,annotation,source_freshness_ownership,OBJ0102,stg_exclusions,models/input_layer/stg_exclusions.sql,availity_remits,platform.pipelines,low,3,suppressed_dedupe
TRG001509,2026-07-27T13:37:00,2026-07,SRC001,annotation,source_freshness_ownership,OBJ0113,stg_procedures,models/input_layer/stg_procedures.sql,press_ganey,platform.pipelines,low,4,suppressed_dedupe
TRG001510,2026-07-28T13:05:00,2026-07,SRC001,annotation,source_freshness_ownership,OBJ0158,twilio_outreach,models/input_layer/_input_layer_sources.yml,kronos_staffing,platform.pipelines,low,9,suppressed_dedupe
TRG001511,2026-07-15T15:36:00,2026-07,SRC001,annotation,source_freshness_ownership,OBJ0110,stg_census,models/input_layer/stg_census.sql,lawson_gl,platform.pipelines,low,2,suppressed_dedupe
TRG001512,2026-07-06T08:19:00,2026-07,SRC001,annotation,source_freshness_ownership,OBJ0105,stg_authorizations,models/input_layer/stg_authorizations.sql,salesforce_referrals,platform.pipelines,high,34,suppressed_dedupe
TRG001513,2026-07-13T16:46:00,2026-07,SRC001,annotation,source_freshness_ownership,OBJ0158,twilio_outreach,models/input_layer/_input_layer_sources.yml,twilio_outreach,platform.pipelines,low,9,suppressed_dedupe
TRG001514,2026-07-30T12:55:00,2026-07,SRC001,annotation,source_freshness_ownership,OBJ0105,stg_authorizations,models/input_layer/stg_authorizations.sql,redox_hl7,platform.pipelines,high,34,suppressed_dedupe
TRG001515,2026-07-15T11:42:00,2026-07,SRC001,annotation,source_freshness_ownership,OBJ0117,stg_admissions,models/input_layer/stg_admissions.sql,kronos_staffing,platform.pipelines,low,4,suppressed_dedupe
TRG001516,2026-07-28T14:25:00,2026-07,SRC001,annotation,source_freshness_ownership,OBJ0097,stg_facilities,models/input_layer/stg_facilities.sql,labcorp_results,platform.pipelines,low,3,suppressed_dedupe
TRG001517,2026-07-10T13:26:00,2026-07,SRC001,anomaly,metric_deprecation,OBJ0136,avg_length_of_stay,models/marts/core/_core_schema.yml,ed_left_without_being_seen,clinical.quality,medium,12,suppressed_dedupe
TRG001518,2026-07-16T08:18:00,2026-07,SRC001,anomaly,metric_deprecation,OBJ0143,referral_conversion,models/marts/core/_core_schema.yml,avg_length_of_stay,growth.acquisition,low,4,tap_generated
TRG001519,2026-07-21T13:57:00,2026-07,SRC001,anomaly,metric_deprecation,OBJ0013,fct_encounters,models/marts/core/fct_encounters.sql,bed_occupancy_rate,finance.revenue,low,1,tap_generated
TRG001520,2026-07-26T08:54:00,2026-07,SRC001,anomaly,metric_deprecation,OBJ0146,write_off_pct,models/marts/core/_core_schema.yml,hedis_bcs_compliance,rcm.coding,low,4,tap_generated
TRG001521,2026-07-28T14:34:00,2026-07,SRC001,anomaly,metric_deprecation,OBJ0015,fct_authorizations,models/marts/core/fct_authorizations.sql,first_pass_yield,finance.revenue,low,4,suppressed_dedupe
TRG001522,2026-07-20T14:02:00,2026-07,SRC001,anomaly,metric_deprecation,OBJ0144,charge_lag_days,models/marts/core/_core_schema.yml,hedis_cbp_compliance,rcm.coding,low,2,tap_generated
TRG001523,2026-08-01T18:39:00,2026-08,SRC001,anomaly,denial_reason_classification,OBJ0034,fct_writeoffs,models/marts/rcm/fct_writeoffs.sql,Molina|PR-1,rcm.denials,high,34,suppressed_dedupe
TRG001524,2026-08-01T15:49:00,2026-08,SRC001,anomaly,denial_reason_classification,OBJ0032,fct_remittances,models/marts/rcm/fct_remittances.sql,Medicaid MI|CO-B7,rcm.denials,medium,11,suppressed_dedupe
TRG001525,2026-08-03T15:41:00,2026-08,SRC001,anomaly,denial_reason_classification,OBJ0041,fct_service_lines,models/marts/rcm/fct_service_lines.sql,Tricare|PR-1,rcm.denials,medium,19,suppressed_dedupe
TRG001526,2026-08-01T11:47:00,2026-08,SRC001,anomaly,denial_reason_classification,OBJ0029,fct_numerators,models/marts/rcm/fct_numerators.sql,Cigna|CO-197,rcm.denials,low,4,suppressed_dedupe
TRG001527,2026-08-03T08:40:00,2026-08,SRC001,anomaly,denial_reason_classification,OBJ0047,fct_aging,models/marts/rcm/fct_aging.sql,Molina|PR-1,rcm.denials,high,34,suppressed_dedupe
TRG001528,2026-08-03T07:07:00,2026-08,SRC001,anomaly,denial_reason_classification,OBJ0047,fct_aging,models/marts/rcm/fct_aging.sql,Aetna|PR-204,rcm.denials,high,34,suppressed_dedupe
TRG001529,2026-08-02T14:41:00,2026-08,SRC001,anomaly,denial_reason_classification,OBJ0032,fct_remittances,models/marts/rcm/fct_remittances.sql,Humana|CO-B7,rcm.denials,medium,11,suppressed_dedupe
TRG001530,2026-08-02T13:17:00,2026-08,SRC001,anomaly,denial_reason_classification,OBJ0029,fct_numerators,models/marts/rcm/fct_numerators.sql,UnitedHealthcare|CO-97,rcm.denials,low,4,tap_generated
TRG001531,2026-08-02T15:55:00,2026-08,SRC001,anomaly,encounter_type_mapping,OBJ0071,fct_service_lines,models/marts/clinical/fct_service_lines.sql,VT-633,clinical.encounters,low,8,tap_generated
TRG001532,2026-08-03T12:16:00,2026-08,SRC001,code_change,phi_column_classification,OBJ0011,fct_service_lines,models/marts/core/fct_service_lines.sql,stg_writeoffs.insurance_group_id_472,compliance.phi,low,4,tap_generated
TRG001533,2026-08-03T09:31:00,2026-08,SRC001,code_change,phi_column_classification,OBJ0110,stg_census,models/input_layer/stg_census.sql,fct_balances.guarantor_dob_361,compliance.phi,low,2,tap_generated
TRG001534,2026-08-03T08:26:00,2026-08,SRC001,code_change,phi_column_classification,OBJ0029,fct_numerators,models/marts/rcm/fct_numerators.sql,fct_writeoffs.legal_guardian_name_473,compliance.phi,low,4,tap_generated
TRG001535,2026-08-03T10:32:00,2026-08,SRC001,code_change,phi_column_classification,OBJ0083,fct_procedures,models/marts/quality/fct_procedures.sql,fct_procedures.dob_year_only_474,compliance.phi,low,8,tap_generated
TRG001536,2026-08-01T15:16:00,2026-08,SRC001,code_change,phi_column_classification,OBJ0122,stg_legacy_extract_4,models/input_layer/stg_legacy_extract_4.sql,stg_providers.geo_lat_rounded_475,compliance.phi,low,0,tap_generated
TRG001537,2026-08-02T11:30:00,2026-08,SRC001,code_change,phi_column_classification,OBJ0020,fct_census,models/marts/core/fct_census.sql,fct_service_lines.account_alias_476,compliance.phi,low,1,tap_generated
TRG001538,2026-08-01T09:22:00,2026-08,SRC001,code_change,phi_column_classification,OBJ0060,fct_claims,models/marts/clinical/fct_claims.sql,fct_aging.prior_auth_number_477,compliance.phi,low,3,tap_generated
TRG001539,2026-08-02T14:03:00,2026-08,SRC001,code_change,phi_column_classification,OBJ0008,fct_eligibility,models/marts/core/fct_eligibility.sql,fct_claims.guarantor_dob_121,compliance.phi,medium,15,tap_generated
TRG001540,2026-08-03T15:27:00,2026-08,SRC001,code_change,phi_column_classification,OBJ0016,fct_measures,models/marts/core/fct_measures.sql,fct_payers.claim_note_text_478,compliance.phi,medium,11,tap_generated
TRG001541,2026-08-03T16:42:00,2026-08,SRC001,code_change,phi_column_classification,OBJ0113,stg_procedures,models/input_layer/stg_procedures.sql,fct_eligibility.employer_name_479,compliance.phi,low,4,tap_generated
TRG001542,2026-08-03T09:33:00,2026-08,SRC001,code_change,phi_column_classification,OBJ0119,stg_legacy_extract_1,models/input_layer/stg_legacy_extract_1.sql,fct_appointments.mrn_alt_480,compliance.phi,low,1,tap_generated
TRG001543,2026-08-03T14:56:00,2026-08,SRC001,code_change,phi_column_classification,OBJ0148,encounters_per_provider_day,models/marts/core/_core_schema.yml,fct_claims.guarantor_dob_481,compliance.phi,high,31,tap_generated
TRG001544,2026-08-01T08:25:00,2026-08,SRC001,code_change,phi_column_classification,OBJ0057,fct_admissions,models/marts/clinical/fct_admissions.sql,fct_diagnoses.subscriber_ssn_last4_482,compliance.phi,low,4,tap_generated
TRG001545,2026-08-01T09:27:00,2026-08,SRC001,code_change,phi_column_classification,OBJ0030,fct_claims,models/marts/rcm/fct_claims.sql,fct_remittances.prior_auth_number_477,compliance.phi,low,3,tap_generated
TRG001546,2026-08-01T10:58:00,2026-08,SRC001,code_change,phi_column_classification,OBJ0028,fct_referrals,models/marts/core/fct_referrals.sql,stg_admissions.account_alias_216,compliance.phi,low,0,tap_generated
TRG001547,2026-08-03T07:07:00,2026-08,SRC001,code_change,phi_column_classification,OBJ0159,redox_hl7,models/input_layer/_input_layer_sources.yml,fct_adjustments.home_phone_e164_483,compliance.phi,low,3,tap_generated
TRG001548,2026-08-02T12:54:00,2026-08,SRC001,code_change,phi_column_classification,OBJ0123,stg_legacy_extract_5,models/input_layer/stg_legacy_extract_5.sql,fct_referrals.referring_npi_484,compliance.phi,low,4,tap_generated
TRG001549,2026-08-03T15:14:00,2026-08,SRC001,code_change,phi_column_classification,OBJ0160,labcorp_results,models/input_layer/_input_layer_sources.yml,fct_facilities.mrn_alt_380,compliance.phi,medium,21,tap_generated
TRG001550,2026-08-03T13:12:00,2026-08,SRC001,code_change,phi_column_classification,OBJ0130,denial_rate,models/marts/core/_core_schema.yml,stg_measures.patient_email_hash_485,compliance.phi,high,31,suppressed_rate_limit
TRG001551,2026-08-03T15:52:00,2026-08,SRC001,code_change,phi_column_classification,OBJ0027,fct_admissions,models/marts/core/fct_admissions.sql,fct_denials.zip_plus_four_486,compliance.phi,low,1,tap_generated
TRG001552,2026-08-01T11:35:00,2026-08,SRC001,code_change,phi_column_classification,OBJ0032,fct_remittances,models/marts/rcm/fct_remittances.sql,stg_referrals.subscriber_ssn_last4_382,compliance.phi,medium,11,tap_generated
TRG001553,2026-08-02T12:46:00,2026-08,SRC001,code_change,phi_column_classification,OBJ0108,stg_denials,models/input_layer/stg_denials.sql,fct_numerators.chart_note_excerpt_131,compliance.phi,low,6,tap_generated
TRG001554,2026-08-01T13:28:00,2026-08,SRC001,code_change,phi_column_classification,OBJ0140,cms_sep1_compliance,models/marts/core/_core_schema.yml,stg_legacy_extract_1.member_id_raw_487,compliance.phi,low,3,tap_generated
TRG001555,2026-08-02T15:06:00,2026-08,SRC001,code_change,revenue_definition_change,OBJ0025,fct_cohorts,models/marts/core/fct_cohorts.sql,denial_rate|2,finance.revenue,low,0,tap_generated
TRG001556,2026-08-04T08:30:00,2026-08,SRC001,code_change,quality_measure_criteria,OBJ0136,avg_length_of_stay,models/marts/core/_core_schema.yml,readmission_rate_30d,clinical.quality,medium,12,suppressed_dedupe
TRG001557,2026-08-01T09:07:00,2026-08,SRC001,code_change,quality_measure_criteria,OBJ0135,ed_left_without_being_seen,models/marts/core/_core_schema.yml,avg_length_of_stay,clinical.quality,high,31,suppressed_dedupe
TRG001558,2026-08-02T11:40:00,2026-08,SRC001,code_change,quality_measure_criteria,OBJ0084,fct_departments,models/marts/quality/fct_departments.sql,hedis_bcs_compliance,clinical.quality,high,34,suppressed_dedupe
TRG001559,2026-08-01T16:07:00,2026-08,SRC001,code_change,quality_measure_criteria,OBJ0077,fct_aging,models/marts/quality/fct_aging.sql,avg_length_of_stay,clinical.quality,low,3,suppressed_dedupe
TRG001560,2026-08-02T11:57:00,2026-08,SRC001,code_change,quality_measure_criteria,OBJ0137,bed_occupancy_rate,models/marts/core/_core_schema.yml,hedis_cbp_compliance,clinical.quality,low,4,suppressed_dedupe
TRG001561,2026-08-02T07:31:00,2026-08,SRC001,code_change,quality_measure_criteria,OBJ0084,fct_departments,models/marts/quality/fct_departments.sql,avg_length_of_stay,clinical.quality,high,34,suppressed_dedupe
TRG001562,2026-08-01T13:43:00,2026-08,SRC001,code_change,quality_measure_criteria,OBJ0077,fct_aging,models/marts/quality/fct_aging.sql,cms_sep1_compliance,clinical.quality,low,3,suppressed_dedupe
TRG001563,2026-08-03T12:35:00,2026-08,SRC001,code_change,quality_measure_criteria,OBJ0084,fct_departments,models/marts/quality/fct_departments.sql,hedis_cbp_compliance,clinical.quality,high,34,suppressed_dedupe
TRG001564,2026-08-02T10:41:00,2026-08,SRC001,code_change,quality_measure_criteria,OBJ0080,fct_census,models/marts/quality/fct_census.sql,readmission_rate_30d,clinical.quality,medium,15,suppressed_dedupe
TRG001565,2026-08-03T10:30:00,2026-08,SRC001,code_change,quality_measure_criteria,OBJ0086,fct_payers,models/marts/quality/fct_payers.sql,cms_sep1_compliance,clinical.quality,low,3,suppressed_dedupe
TRG001566,2026-08-04T08:58:00,2026-08,SRC001,annotation,source_freshness_ownership,OBJ0104,stg_appointments,models/input_layer/stg_appointments.sql,epic_caboodle,platform.pipelines,low,6,tap_generated
TRG001567,2026-08-01T11:52:00,2026-08,SRC001,anomaly,metric_deprecation,OBJ0006,fct_diagnoses,models/marts/core/fct_diagnoses.sql,cms_sep1_compliance,finance.revenue,low,1,tap_generated
