writeback_id,tap_id,tap_type_id,tap_class,target,artifact_ref,status,created_at,landed_at,reviewer_email,batched
WBK000001,TAP000001,denial_reason_classification,tactical,override_table,tapiq_overrides.denial_reason_category,applied,2026-02-08T16:04:00,2026-02-08T16:04:00,,true
WBK000002,TAP000002,denial_reason_classification,tactical,override_table,tapiq_overrides.denial_reason_category,applied,2026-02-03T10:06:00,2026-02-03T10:06:00,,true
WBK000003,TAP000003,denial_reason_classification,tactical,override_table,tapiq_overrides.denial_reason_category,applied,2026-02-12T14:52:00,2026-02-12T14:52:00,,true
WBK000004,TAP000004,denial_reason_classification,tactical,override_table,tapiq_overrides.denial_reason_category,applied,2026-02-22T12:12:00,2026-02-22T12:12:00,,true
WBK000005,TAP000005,denial_reason_classification,tactical,override_table,tapiq_overrides.denial_reason_category,applied,2026-02-02T16:23:00,2026-02-02T16:23:00,,true
WBK000006,TAP000006,denial_reason_classification,tactical,override_table,tapiq_overrides.denial_reason_category,applied,2026-02-04T14:54:00,2026-02-04T14:54:00,,true
WBK000007,TAP000007,denial_reason_classification,tactical,override_table,tapiq_overrides.denial_reason_category,applied,2026-02-10T13:50:00,2026-02-10T13:50:00,,true
WBK000008,TAP000009,denial_reason_classification,tactical,override_table,tapiq_overrides.denial_reason_category,applied,2026-02-10T19:23:00,2026-02-10T19:23:00,,true
WBK000009,TAP000010,denial_reason_classification,tactical,override_table,tapiq_overrides.denial_reason_category,applied,2026-02-14T13:22:00,2026-02-14T13:22:00,,true
WBK000010,TAP000011,denial_reason_classification,tactical,override_table,tapiq_overrides.denial_reason_category,applied,2026-02-27T17:58:00,2026-02-27T17:58:00,,true
WBK000011,TAP000012,denial_reason_classification,tactical,override_table,tapiq_overrides.denial_reason_category,applied,2026-02-01T15:06:00,2026-02-01T15:06:00,,true
WBK000012,TAP000013,denial_reason_classification,tactical,override_table,tapiq_overrides.denial_reason_category,applied,2026-02-26T18:48:00,2026-02-26T18:48:00,,true
WBK000013,TAP000014,denial_reason_classification,tactical,override_table,tapiq_overrides.denial_reason_category,applied,2026-02-16T15:20:00,2026-02-16T15:20:00,,true
WBK000014,TAP000015,denial_reason_classification,tactical,override_table,tapiq_overrides.denial_reason_category,applied,2026-02-28T16:02:00,2026-02-28T16:02:00,,true
WBK000015,TAP000016,denial_reason_classification,tactical,override_table,tapiq_overrides.denial_reason_category,applied,2026-02-04T13:24:00,2026-02-04T13:24:00,,true
WBK000016,TAP000017,denial_reason_classification,tactical,override_table,tapiq_overrides.denial_reason_category,applied,2026-02-06T11:51:00,2026-02-06T11:51:00,,true
WBK000017,TAP000018,denial_reason_classification,tactical,override_table,tapiq_overrides.denial_reason_category,applied,2026-02-17T12:02:00,2026-02-17T12:02:00,,true
WBK000018,TAP000020,denial_reason_classification,tactical,override_table,tapiq_overrides.denial_reason_category,applied,2026-02-18T19:48:00,2026-02-18T19:48:00,,true
WBK000019,TAP000022,denial_reason_classification,tactical,override_table,tapiq_overrides.denial_reason_category,applied,2026-02-07T17:42:00,2026-02-07T17:42:00,,true
WBK000020,TAP000023,denial_reason_classification,tactical,override_table,tapiq_overrides.denial_reason_category,applied,2026-02-06T15:36:00,2026-02-06T15:36:00,,true
WBK000021,TAP000024,denial_reason_classification,tactical,override_table,tapiq_overrides.denial_reason_category,applied,2026-02-09T19:05:00,2026-02-09T19:05:00,,true
WBK000022,TAP000025,denial_reason_classification,tactical,override_table,tapiq_overrides.denial_reason_category,applied,2026-02-05T15:13:00,2026-02-05T15:13:00,,true
WBK000023,TAP000027,denial_reason_classification,tactical,override_table,tapiq_overrides.denial_reason_category,applied,2026-02-19T10:00:00,2026-02-19T10:00:00,,true
WBK000024,TAP000029,denial_reason_classification,tactical,override_table,tapiq_overrides.denial_reason_category,applied,2026-02-05T17:03:00,2026-02-05T17:03:00,,true
WBK000025,TAP000030,denial_reason_classification,tactical,override_table,tapiq_overrides.denial_reason_category,applied,2026-02-15T16:56:00,2026-02-15T16:56:00,,true
WBK000026,TAP000031,denial_reason_classification,tactical,override_table,tapiq_overrides.denial_reason_category,applied,2026-02-12T13:03:00,2026-02-12T13:03:00,,true
WBK000027,TAP000032,denial_reason_classification,tactical,override_table,tapiq_overrides.denial_reason_category,applied,2026-02-22T17:28:00,2026-02-22T17:28:00,,true
WBK000028,TAP000033,denial_reason_classification,tactical,override_table,tapiq_overrides.denial_reason_category,applied,2026-02-24T13:39:00,2026-02-24T13:39:00,,true
WBK000029,TAP000035,denial_reason_classification,tactical,override_table,tapiq_overrides.denial_reason_category,applied,2026-02-06T15:27:00,2026-02-06T15:27:00,,true
WBK000030,TAP000036,denial_reason_classification,tactical,override_table,tapiq_overrides.denial_reason_category,applied,2026-02-05T18:05:00,2026-02-05T18:05:00,,true
WBK000031,TAP000037,denial_reason_classification,tactical,override_table,tapiq_overrides.denial_reason_category,applied,2026-02-06T09:56:00,2026-02-06T09:56:00,,true
WBK000032,TAP000038,denial_reason_classification,tactical,override_table,tapiq_overrides.denial_reason_category,applied,2026-02-26T18:10:00,2026-02-26T18:10:00,,true
WBK000033,TAP000039,denial_reason_classification,tactical,override_table,tapiq_overrides.denial_reason_category,applied,2026-02-25T19:08:00,2026-02-25T19:08:00,,true
WBK000034,TAP000040,denial_reason_classification,tactical,override_table,tapiq_overrides.denial_reason_category,applied,2026-02-05T13:45:00,2026-02-05T13:45:00,,true
WBK000035,TAP000041,denial_reason_classification,tactical,override_table,tapiq_overrides.denial_reason_category,applied,2026-02-06T18:11:00,2026-02-06T18:11:00,,true
WBK000036,TAP000044,charge_capture_variance,tactical,override_table,tapiq_overrides.charge_variance_notes,applied,2026-02-23T20:35:00,2026-02-23T20:35:00,,true
WBK000037,TAP000047,charge_capture_variance,tactical,override_table,tapiq_overrides.charge_variance_notes,applied,2026-02-14T19:07:00,2026-02-14T19:07:00,,true
WBK000038,TAP000049,charge_capture_variance,tactical,override_table,tapiq_overrides.charge_variance_notes,applied,2026-02-03T14:23:00,2026-02-03T14:23:00,,true
WBK000039,TAP000050,charge_capture_variance,tactical,override_table,tapiq_overrides.charge_variance_notes,applied,2026-02-17T14:07:00,2026-02-17T14:07:00,,true
WBK000040,TAP000051,charge_capture_variance,tactical,override_table,tapiq_overrides.charge_variance_notes,applied,2026-02-18T10:32:00,2026-02-18T10:32:00,,true
WBK000041,TAP000058,charge_capture_variance,tactical,override_table,tapiq_overrides.charge_variance_notes,applied,2026-02-19T14:13:00,2026-02-19T14:13:00,,true
WBK000042,TAP000059,charge_capture_variance,tactical,override_table,tapiq_overrides.charge_variance_notes,applied,2026-02-20T03:46:00,2026-02-20T03:46:00,,true
WBK000043,TAP000061,charge_capture_variance,tactical,override_table,tapiq_overrides.charge_variance_notes,applied,2026-02-24T23:07:00,2026-02-24T23:07:00,,true
WBK000044,TAP000063,charge_capture_variance,tactical,override_table,tapiq_overrides.charge_variance_notes,applied,2026-02-11T00:30:00,2026-02-11T00:30:00,,true
WBK000045,TAP000065,charge_capture_variance,tactical,override_table,tapiq_overrides.charge_variance_notes,applied,2026-02-09T13:51:00,2026-02-09T13:51:00,,true
WBK000046,TAP000066,charge_capture_variance,tactical,override_table,tapiq_overrides.charge_variance_notes,applied,2026-02-07T22:09:00,2026-02-07T22:09:00,,true
WBK000047,TAP000070,charge_capture_variance,tactical,override_table,tapiq_overrides.charge_variance_notes,applied,2026-02-18T19:17:00,2026-02-18T19:17:00,,true
WBK000048,TAP000072,charge_capture_variance,tactical,override_table,tapiq_overrides.charge_variance_notes,applied,2026-02-15T22:38:00,2026-02-15T22:38:00,,true
WBK000049,TAP000073,charge_capture_variance,tactical,override_table,tapiq_overrides.charge_variance_notes,applied,2026-02-07T10:50:00,2026-02-07T10:50:00,,true
WBK000050,TAP000074,charge_capture_variance,tactical,override_table,tapiq_overrides.charge_variance_notes,applied,2026-03-01T10:31:00,2026-03-01T10:31:00,,true
WBK000051,TAP000076,charge_capture_variance,tactical,override_table,tapiq_overrides.charge_variance_notes,applied,2026-02-17T18:44:00,2026-02-17T18:44:00,,true
WBK000052,TAP000078,charge_capture_variance,tactical,override_table,tapiq_overrides.charge_variance_notes,applied,2026-02-03T18:18:00,2026-02-03T18:18:00,,true
WBK000053,TAP000080,charge_capture_variance,tactical,override_table,tapiq_overrides.charge_variance_notes,applied,2026-02-09T14:49:00,2026-02-09T14:49:00,,true
WBK000054,TAP000083,charge_capture_variance,tactical,override_table,tapiq_overrides.charge_variance_notes,applied,2026-02-04T14:35:00,2026-02-04T14:35:00,,true
WBK000055,TAP000085,charge_capture_variance,tactical,override_table,tapiq_overrides.charge_variance_notes,applied,2026-02-04T00:21:00,2026-02-04T00:21:00,,true
WBK000056,TAP000088,charge_capture_variance,tactical,override_table,tapiq_overrides.charge_variance_notes,applied,2026-02-27T16:12:00,2026-02-27T16:12:00,,true
WBK000057,TAP000089,charge_capture_variance,tactical,override_table,tapiq_overrides.charge_variance_notes,applied,2026-02-28T17:21:00,2026-02-28T17:21:00,,true
WBK000058,TAP000090,charge_capture_variance,tactical,override_table,tapiq_overrides.charge_variance_notes,applied,2026-02-25T19:24:00,2026-02-25T19:24:00,,true
WBK000059,TAP000091,denial_reason_classification,tactical,override_table,tapiq_overrides.denial_reason_category,applied,2026-03-21T15:39:00,2026-03-21T15:39:00,,true
WBK000060,TAP000093,denial_reason_classification,tactical,override_table,tapiq_overrides.denial_reason_category,applied,2026-03-06T09:05:00,2026-03-06T09:05:00,,true
WBK000061,TAP000096,denial_reason_classification,tactical,override_table,tapiq_overrides.denial_reason_category,applied,2026-03-13T19:25:00,2026-03-13T19:25:00,,true
WBK000062,TAP000097,denial_reason_classification,tactical,override_table,tapiq_overrides.denial_reason_category,applied,2026-03-15T17:50:00,2026-03-15T17:50:00,,true
WBK000063,TAP000098,denial_reason_classification,tactical,override_table,tapiq_overrides.denial_reason_category,applied,2026-03-20T10:13:00,2026-03-20T10:13:00,,true
WBK000064,TAP000100,denial_reason_classification,tactical,override_table,tapiq_overrides.denial_reason_category,applied,2026-03-10T13:36:00,2026-03-10T13:36:00,,true
WBK000065,TAP000101,denial_reason_classification,tactical,override_table,tapiq_overrides.denial_reason_category,applied,2026-03-16T10:29:00,2026-03-16T10:29:00,,true
WBK000066,TAP000102,denial_reason_classification,tactical,override_table,tapiq_overrides.denial_reason_category,applied,2026-03-15T18:02:00,2026-03-15T18:02:00,,true
WBK000067,TAP000103,denial_reason_classification,tactical,override_table,tapiq_overrides.denial_reason_category,applied,2026-03-24T18:04:00,2026-03-24T18:04:00,,true
WBK000068,TAP000104,denial_reason_classification,tactical,override_table,tapiq_overrides.denial_reason_category,applied,2026-03-20T15:19:00,2026-03-20T15:19:00,,true
WBK000069,TAP000105,denial_reason_classification,tactical,override_table,tapiq_overrides.denial_reason_category,applied,2026-03-09T15:46:00,2026-03-09T15:46:00,,true
WBK000070,TAP000106,denial_reason_classification,tactical,override_table,tapiq_overrides.denial_reason_category,applied,2026-03-08T10:18:00,2026-03-08T10:18:00,,true
WBK000071,TAP000107,denial_reason_classification,tactical,override_table,tapiq_overrides.denial_reason_category,applied,2026-03-17T15:07:00,2026-03-17T15:07:00,,true
WBK000072,TAP000108,denial_reason_classification,tactical,override_table,tapiq_overrides.denial_reason_category,applied,2026-03-04T13:15:00,2026-03-04T13:15:00,,true
WBK000073,TAP000109,denial_reason_classification,tactical,override_table,tapiq_overrides.denial_reason_category,applied,2026-03-05T17:48:00,2026-03-05T17:48:00,,true
WBK000074,TAP000111,denial_reason_classification,tactical,override_table,tapiq_overrides.denial_reason_category,applied,2026-03-28T16:49:00,2026-03-28T16:49:00,,true
WBK000075,TAP000114,denial_reason_classification,tactical,override_table,tapiq_overrides.denial_reason_category,applied,2026-03-14T11:01:00,2026-03-14T11:01:00,,true
WBK000076,TAP000115,denial_reason_classification,tactical,override_table,tapiq_overrides.denial_reason_category,applied,2026-03-25T16:07:00,2026-03-25T16:07:00,,true
WBK000077,TAP000117,denial_reason_classification,tactical,override_table,tapiq_overrides.denial_reason_category,applied,2026-03-13T19:22:00,2026-03-13T19:22:00,,true
WBK000078,TAP000118,denial_reason_classification,tactical,override_table,tapiq_overrides.denial_reason_category,applied,2026-03-02T16:04:00,2026-03-02T16:04:00,,true
WBK000079,TAP000120,charge_capture_variance,tactical,override_table,tapiq_overrides.charge_variance_notes,applied,2026-03-24T20:16:00,2026-03-24T20:16:00,,true
WBK000080,TAP000123,charge_capture_variance,tactical,override_table,tapiq_overrides.charge_variance_notes,applied,2026-03-28T17:59:00,2026-03-28T17:59:00,,true
WBK000081,TAP000124,charge_capture_variance,tactical,override_table,tapiq_overrides.charge_variance_notes,applied,2026-03-08T21:26:00,2026-03-08T21:26:00,,true
WBK000082,TAP000126,charge_capture_variance,tactical,override_table,tapiq_overrides.charge_variance_notes,applied,2026-03-31T14:48:00,2026-03-31T14:48:00,,true
WBK000083,TAP000127,charge_capture_variance,tactical,override_table,tapiq_overrides.charge_variance_notes,applied,2026-03-23T12:11:00,2026-03-23T12:11:00,,true
WBK000084,TAP000128,charge_capture_variance,tactical,override_table,tapiq_overrides.charge_variance_notes,applied,2026-03-27T12:56:00,2026-03-27T12:56:00,,true
WBK000085,TAP000129,charge_capture_variance,tactical,override_table,tapiq_overrides.charge_variance_notes,applied,2026-03-14T12:31:00,2026-03-14T12:31:00,,true
WBK000086,TAP000130,charge_capture_variance,tactical,override_table,tapiq_overrides.charge_variance_notes,applied,2026-03-12T23:31:00,2026-03-12T23:31:00,,true
WBK000087,TAP000131,charge_capture_variance,tactical,override_table,tapiq_overrides.charge_variance_notes,applied,2026-03-03T09:32:00,2026-03-03T09:32:00,,true
WBK000088,TAP000133,charge_capture_variance,tactical,override_table,tapiq_overrides.charge_variance_notes,applied,2026-03-16T19:09:00,2026-03-16T19:09:00,,true
WBK000089,TAP000134,charge_capture_variance,tactical,override_table,tapiq_overrides.charge_variance_notes,applied,2026-03-08T20:31:00,2026-03-08T20:31:00,,true
WBK000090,TAP000135,charge_capture_variance,tactical,override_table,tapiq_overrides.charge_variance_notes,applied,2026-03-19T02:23:00,2026-03-19T02:23:00,,true
WBK000091,TAP000137,charge_capture_variance,tactical,override_table,tapiq_overrides.charge_variance_notes,applied,2026-03-26T14:18:00,2026-03-26T14:18:00,,true
WBK000092,TAP000138,charge_capture_variance,tactical,override_table,tapiq_overrides.charge_variance_notes,applied,2026-03-22T15:41:00,2026-03-22T15:41:00,,true
WBK000093,TAP000144,charge_capture_variance,tactical,override_table,tapiq_overrides.charge_variance_notes,applied,2026-03-06T20:59:00,2026-03-06T20:59:00,,true
WBK000094,TAP000146,charge_capture_variance,tactical,override_table,tapiq_overrides.charge_variance_notes,applied,2026-03-01T15:35:00,2026-03-01T15:35:00,,true
WBK000095,TAP000154,charge_capture_variance,tactical,override_table,tapiq_overrides.charge_variance_notes,applied,2026-03-24T14:52:00,2026-03-24T14:52:00,,true
WBK000096,TAP000157,charge_capture_variance,tactical,override_table,tapiq_overrides.charge_variance_notes,applied,2026-03-28T18:47:00,2026-03-28T18:47:00,,true
WBK000097,TAP000158,charge_capture_variance,tactical,override_table,tapiq_overrides.charge_variance_notes,applied,2026-03-02T12:35:00,2026-03-02T12:35:00,,true
WBK000098,TAP000159,charge_capture_variance,tactical,override_table,tapiq_overrides.charge_variance_notes,applied,2026-03-17T18:14:00,2026-03-17T18:14:00,,true
WBK000099,TAP000161,encounter_type_mapping,tactical,override_table,tapiq_overrides.visit_type_map,applied,2026-03-16T13:55:00,2026-03-16T13:55:00,,true
WBK000100,TAP000162,encounter_type_mapping,tactical,override_table,tapiq_overrides.visit_type_map,applied,2026-03-16T18:46:00,2026-03-16T18:46:00,,true
WBK000101,TAP000164,encounter_type_mapping,tactical,override_table,tapiq_overrides.visit_type_map,applied,2026-03-30T12:59:00,2026-03-30T12:59:00,,true
WBK000102,TAP000166,encounter_type_mapping,tactical,override_table,tapiq_overrides.visit_type_map,applied,2026-03-06T14:36:00,2026-03-06T14:36:00,,true
WBK000103,TAP000167,encounter_type_mapping,tactical,override_table,tapiq_overrides.visit_type_map,applied,2026-03-16T16:01:00,2026-03-16T16:01:00,,true
WBK000104,TAP000168,encounter_type_mapping,tactical,override_table,tapiq_overrides.visit_type_map,applied,2026-03-06T20:26:00,2026-03-06T20:26:00,,true
WBK000105,TAP000169,encounter_type_mapping,tactical,override_table,tapiq_overrides.visit_type_map,applied,2026-03-23T19:36:00,2026-03-23T19:36:00,,true
WBK000106,TAP000170,encounter_type_mapping,tactical,override_table,tapiq_overrides.visit_type_map,applied,2026-03-17T10:03:00,2026-03-17T10:03:00,,true
WBK000107,TAP000171,encounter_type_mapping,tactical,override_table,tapiq_overrides.visit_type_map,applied,2026-03-20T13:51:00,2026-03-20T13:51:00,,true
WBK000108,TAP000172,encounter_type_mapping,tactical,override_table,tapiq_overrides.visit_type_map,applied,2026-03-23T10:13:00,2026-03-23T10:13:00,,true
WBK000109,TAP000173,encounter_type_mapping,tactical,override_table,tapiq_overrides.visit_type_map,applied,2026-03-19T18:37:00,2026-03-19T18:37:00,,true
WBK000110,TAP000174,encounter_type_mapping,tactical,override_table,tapiq_overrides.visit_type_map,applied,2026-03-01T18:44:00,2026-03-01T18:44:00,,true
WBK000111,TAP000175,encounter_type_mapping,tactical,override_table,tapiq_overrides.visit_type_map,applied,2026-03-14T12:16:00,2026-03-14T12:16:00,,true
WBK000112,TAP000176,encounter_type_mapping,tactical,override_table,tapiq_overrides.visit_type_map,applied,2026-03-29T12:28:00,2026-03-29T12:28:00,,true
WBK000113,TAP000177,encounter_type_mapping,tactical,override_table,tapiq_overrides.visit_type_map,applied,2026-03-22T17:17:00,2026-03-22T17:17:00,,true
WBK000114,TAP000178,encounter_type_mapping,tactical,override_table,tapiq_overrides.visit_type_map,applied,2026-03-22T17:34:00,2026-03-22T17:34:00,,true
WBK000115,TAP000179,denial_reason_classification,tactical,override_table,tapiq_overrides.denial_reason_category,applied,2026-04-13T16:04:00,2026-04-13T16:04:00,,true
WBK000116,TAP000180,denial_reason_classification,tactical,override_table,tapiq_overrides.denial_reason_category,applied,2026-04-02T09:09:00,2026-04-02T09:09:00,,true
WBK000117,TAP000181,denial_reason_classification,tactical,override_table,tapiq_overrides.denial_reason_category,applied,2026-04-04T16:29:00,2026-04-04T16:29:00,,true
WBK000118,TAP000182,denial_reason_classification,tactical,override_table,tapiq_overrides.denial_reason_category,applied,2026-04-08T15:40:00,2026-04-08T15:40:00,,true
WBK000119,TAP000183,denial_reason_classification,tactical,override_table,tapiq_overrides.denial_reason_category,applied,2026-04-29T13:00:00,2026-04-29T13:00:00,,true
WBK000120,TAP000185,denial_reason_classification,tactical,override_table,tapiq_overrides.denial_reason_category,applied,2026-04-02T09:55:00,2026-04-02T09:55:00,,true
WBK000121,TAP000186,denial_reason_classification,tactical,override_table,tapiq_overrides.denial_reason_category,applied,2026-04-09T13:54:00,2026-04-09T13:54:00,,true
WBK000122,TAP000187,denial_reason_classification,tactical,override_table,tapiq_overrides.denial_reason_category,applied,2026-04-18T17:46:00,2026-04-18T17:46:00,,true
WBK000123,TAP000188,denial_reason_classification,tactical,override_table,tapiq_overrides.denial_reason_category,applied,2026-04-19T12:49:00,2026-04-19T12:49:00,,true
WBK000124,TAP000189,denial_reason_classification,tactical,override_table,tapiq_overrides.denial_reason_category,applied,2026-04-18T08:49:00,2026-04-18T08:49:00,,true
WBK000125,TAP000191,denial_reason_classification,tactical,override_table,tapiq_overrides.denial_reason_category,applied,2026-04-08T15:59:00,2026-04-08T15:59:00,,true
WBK000126,TAP000192,denial_reason_classification,tactical,override_table,tapiq_overrides.denial_reason_category,applied,2026-04-10T16:26:00,2026-04-10T16:26:00,,true
WBK000127,TAP000193,denial_reason_classification,tactical,override_table,tapiq_overrides.denial_reason_category,applied,2026-04-17T13:32:00,2026-04-17T13:32:00,,true
WBK000128,TAP000194,denial_reason_classification,tactical,override_table,tapiq_overrides.denial_reason_category,applied,2026-04-27T14:42:00,2026-04-27T14:42:00,,true
WBK000129,TAP000196,encounter_type_mapping,tactical,override_table,tapiq_overrides.visit_type_map,applied,2026-04-27T08:58:00,2026-04-27T08:58:00,,true
WBK000130,TAP000197,encounter_type_mapping,tactical,override_table,tapiq_overrides.visit_type_map,applied,2026-04-15T15:35:00,2026-04-15T15:35:00,,true
WBK000131,TAP000198,encounter_type_mapping,tactical,override_table,tapiq_overrides.visit_type_map,applied,2026-04-25T15:42:00,2026-04-25T15:42:00,,true
WBK000132,TAP000199,encounter_type_mapping,tactical,override_table,tapiq_overrides.visit_type_map,applied,2026-04-01T11:37:00,2026-04-01T11:37:00,,true
WBK000133,TAP000200,encounter_type_mapping,tactical,override_table,tapiq_overrides.visit_type_map,applied,2026-04-21T12:52:00,2026-04-21T12:52:00,,true
WBK000134,TAP000204,phi_column_classification,tactical,metadata_patch,northharbor/dbt-healthcare-analytics#1334,merged,2026-04-09T10:51:00,2026-04-10T06:14:00,dpalmer@northharbor.health,true
WBK000135,TAP000205,phi_column_classification,tactical,metadata_patch,northharbor/dbt-healthcare-analytics#1335,merged,2026-04-18T19:20:00,2026-04-20T03:16:00,dpalmer@northharbor.health,true
WBK000136,TAP000207,phi_column_classification,tactical,metadata_patch,northharbor/dbt-healthcare-analytics#1336,merged,2026-04-30T14:09:00,2026-04-30T22:39:00,egarrido@northharbor.health,true
WBK000137,TAP000210,phi_column_classification,tactical,metadata_patch,northharbor/dbt-healthcare-analytics#1337,merged,2026-04-20T17:54:00,2026-04-21T03:03:00,swhitaker@northharbor.health,true
WBK000138,TAP000211,phi_column_classification,tactical,metadata_patch,northharbor/dbt-healthcare-analytics#1338,merged,2026-04-07T23:15:00,2026-04-09T12:09:00,egarrido@northharbor.health,true
WBK000139,TAP000213,phi_column_classification,tactical,metadata_patch,northharbor/dbt-healthcare-analytics#1339,merged,2026-04-01T22:57:00,2026-04-03T11:37:00,hyusuf@northharbor.health,true
WBK000140,TAP000214,phi_column_classification,tactical,metadata_patch,northharbor/dbt-healthcare-analytics#1340,merged,2026-04-21T15:05:00,2026-04-23T08:06:00,swhitaker@northharbor.health,true
WBK000141,TAP000215,phi_column_classification,tactical,metadata_patch,northharbor/dbt-healthcare-analytics#1341,merged,2026-04-02T11:39:00,2026-04-03T14:46:00,dpalmer@northharbor.health,true
WBK000142,TAP000216,phi_column_classification,tactical,metadata_patch,northharbor/dbt-healthcare-analytics#1342,open,2026-04-20T12:49:00,,dpalmer@northharbor.health,true
WBK000143,TAP000218,phi_column_classification,tactical,metadata_patch,northharbor/dbt-healthcare-analytics#1343,merged,2026-04-11T18:22:00,2026-04-12T05:43:00,hyusuf@northharbor.health,true
WBK000144,TAP000220,phi_column_classification,tactical,metadata_patch,northharbor/dbt-healthcare-analytics#1344,merged,2026-04-14T06:42:00,2026-04-14T16:45:00,egarrido@northharbor.health,true
WBK000145,TAP000221,phi_column_classification,tactical,metadata_patch,northharbor/dbt-healthcare-analytics#1345,merged,2026-04-16T18:11:00,2026-04-17T13:33:00,swhitaker@northharbor.health,true
WBK000146,TAP000225,phi_column_classification,tactical,metadata_patch,northharbor/dbt-healthcare-analytics#1346,merged,2026-04-05T13:05:00,2026-04-06T18:24:00,hyusuf@northharbor.health,true
WBK000147,TAP000227,phi_column_classification,tactical,metadata_patch,northharbor/dbt-healthcare-analytics#1347,merged,2026-04-19T16:54:00,2026-04-20T13:42:00,mkeller@northharbor.health,true
WBK000148,TAP000228,phi_column_classification,tactical,metadata_patch,northharbor/dbt-healthcare-analytics#1348,merged,2026-04-21T18:56:00,2026-04-22T09:31:00,mkeller@northharbor.health,true
WBK000149,TAP000232,phi_column_classification,tactical,metadata_patch,northharbor/dbt-healthcare-analytics#1349,merged,2026-04-16T12:10:00,2026-04-18T02:41:00,hyusuf@northharbor.health,true
WBK000150,TAP000233,phi_column_classification,tactical,metadata_patch,northharbor/dbt-healthcare-analytics#1350,merged,2026-04-01T21:56:00,2026-04-02T11:49:00,dpalmer@northharbor.health,true
WBK000151,TAP000235,phi_column_classification,tactical,metadata_patch,northharbor/dbt-healthcare-analytics#1351,merged,2026-04-27T20:03:00,2026-04-29T00:58:00,mkeller@northharbor.health,true
WBK000152,TAP000237,phi_column_classification,tactical,metadata_patch,northharbor/dbt-healthcare-analytics#1352,merged,2026-04-17T19:06:00,2026-04-18T15:21:00,hyusuf@northharbor.health,true
WBK000153,TAP000238,phi_column_classification,tactical,metadata_patch,northharbor/dbt-healthcare-analytics#1353,merged,2026-04-05T16:02:00,2026-04-06T01:24:00,hyusuf@northharbor.health,true
WBK000154,TAP000239,phi_column_classification,tactical,metadata_patch,northharbor/dbt-healthcare-analytics#1354,merged,2026-04-25T16:12:00,2026-04-26T11:03:00,egarrido@northharbor.health,true
WBK000155,TAP000240,phi_column_classification,tactical,metadata_patch,northharbor/dbt-healthcare-analytics#1355,merged,2026-04-28T13:02:00,2026-04-30T05:35:00,dpalmer@northharbor.health,true
WBK000156,TAP000241,phi_column_classification,tactical,metadata_patch,northharbor/dbt-healthcare-analytics#1356,merged,2026-04-21T12:45:00,2026-04-22T19:33:00,ptran@northharbor.health,true
WBK000157,TAP000243,phi_column_classification,tactical,metadata_patch,northharbor/dbt-healthcare-analytics#1357,merged,2026-04-15T12:18:00,2026-04-16T01:15:00,dpalmer@northharbor.health,true
WBK000158,TAP000244,phi_column_classification,tactical,metadata_patch,northharbor/dbt-healthcare-analytics#1358,merged,2026-04-16T16:50:00,2026-04-17T22:31:00,ptran@northharbor.health,true
WBK000159,TAP000249,phi_column_classification,tactical,metadata_patch,northharbor/dbt-healthcare-analytics#1359,merged,2026-04-25T12:57:00,2026-04-26T05:50:00,mkeller@northharbor.health,true
WBK000160,TAP000250,phi_column_classification,tactical,metadata_patch,northharbor/dbt-healthcare-analytics#1360,open,2026-04-03T18:09:00,,hyusuf@northharbor.health,true
WBK000161,TAP000251,phi_column_classification,tactical,metadata_patch,northharbor/dbt-healthcare-analytics#1361,merged,2026-04-09T03:16:00,2026-04-09T07:56:00,ptran@northharbor.health,true
WBK000162,TAP000253,phi_column_classification,tactical,metadata_patch,northharbor/dbt-healthcare-analytics#1362,closed,2026-04-09T15:50:00,,ptran@northharbor.health,true
WBK000163,TAP000254,phi_column_classification,tactical,metadata_patch,northharbor/dbt-healthcare-analytics#1363,merged,2026-04-08T12:09:00,2026-04-09T21:13:00,hyusuf@northharbor.health,true
WBK000164,TAP000256,phi_column_classification,tactical,metadata_patch,northharbor/dbt-healthcare-analytics#1364,merged,2026-04-02T15:17:00,2026-04-04T07:27:00,dpalmer@northharbor.health,true
WBK000165,TAP000257,phi_column_classification,tactical,metadata_patch,northharbor/dbt-healthcare-analytics#1365,open,2026-04-13T11:05:00,,hyusuf@northharbor.health,true
WBK000166,TAP000258,phi_column_classification,tactical,metadata_patch,northharbor/dbt-healthcare-analytics#1366,merged,2026-04-26T16:01:00,2026-04-28T08:10:00,ptran@northharbor.health,true
WBK000167,TAP000259,phi_column_classification,tactical,metadata_patch,northharbor/dbt-healthcare-analytics#1367,closed,2026-04-30T11:46:00,,swhitaker@northharbor.health,true
WBK000168,TAP000260,phi_column_classification,tactical,metadata_patch,northharbor/dbt-healthcare-analytics#1368,merged,2026-04-10T19:07:00,2026-04-10T22:10:00,dpalmer@northharbor.health,true
WBK000169,TAP000261,phi_column_classification,tactical,metadata_patch,northharbor/dbt-healthcare-analytics#1369,merged,2026-04-27T14:33:00,2026-04-28T10:19:00,mkeller@northharbor.health,true
WBK000170,TAP000264,phi_column_classification,tactical,metadata_patch,northharbor/dbt-healthcare-analytics#1370,merged,2026-04-16T22:11:00,2026-04-17T06:09:00,hyusuf@northharbor.health,true
WBK000171,TAP000265,phi_column_classification,tactical,metadata_patch,northharbor/dbt-healthcare-analytics#1371,merged,2026-04-07T11:18:00,2026-04-08T20:49:00,ptran@northharbor.health,true
WBK000172,TAP000268,phi_column_classification,tactical,metadata_patch,northharbor/dbt-healthcare-analytics#1372,merged,2026-04-23T10:09:00,2026-04-24T01:12:00,dpalmer@northharbor.health,true
WBK000173,TAP000271,phi_column_classification,tactical,metadata_patch,northharbor/dbt-healthcare-analytics#1373,merged,2026-04-10T12:46:00,2026-04-10T19:44:00,ptran@northharbor.health,true
WBK000174,TAP000274,phi_column_classification,tactical,metadata_patch,northharbor/dbt-healthcare-analytics#1374,merged,2026-04-20T15:57:00,2026-04-20T21:01:00,dpalmer@northharbor.health,true
WBK000175,TAP000275,phi_column_classification,tactical,metadata_patch,northharbor/dbt-healthcare-analytics#1375,open,2026-04-01T11:35:00,,egarrido@northharbor.health,true
WBK000176,TAP000276,phi_column_classification,tactical,metadata_patch,northharbor/dbt-healthcare-analytics#1376,merged,2026-04-30T15:21:00,2026-04-30T17:47:00,hyusuf@northharbor.health,true
WBK000177,TAP000279,phi_column_classification,tactical,metadata_patch,northharbor/dbt-healthcare-analytics#1377,merged,2026-04-09T16:11:00,2026-04-11T11:16:00,ptran@northharbor.health,true
WBK000178,TAP000281,phi_column_classification,tactical,metadata_patch,northharbor/dbt-healthcare-analytics#1378,merged,2026-04-25T20:05:00,2026-04-26T21:10:00,dpalmer@northharbor.health,true
WBK000179,TAP000282,phi_column_classification,tactical,metadata_patch,northharbor/dbt-healthcare-analytics#1379,merged,2026-04-10T16:42:00,2026-04-11T23:16:00,ptran@northharbor.health,true
WBK000180,TAP000283,phi_column_classification,tactical,metadata_patch,northharbor/dbt-healthcare-analytics#1380,merged,2026-04-23T02:08:00,2026-04-23T19:26:00,egarrido@northharbor.health,true
WBK000181,TAP000286,phi_column_classification,tactical,metadata_patch,northharbor/dbt-healthcare-analytics#1381,merged,2026-04-22T11:47:00,2026-04-23T08:08:00,swhitaker@northharbor.health,true
WBK000182,TAP000287,phi_column_classification,tactical,metadata_patch,northharbor/dbt-healthcare-analytics#1382,open,2026-04-21T11:09:00,,dpalmer@northharbor.health,true
WBK000183,TAP000288,phi_column_classification,tactical,metadata_patch,northharbor/dbt-healthcare-analytics#1383,merged,2026-04-04T08:52:00,2026-04-06T02:50:00,hyusuf@northharbor.health,true
WBK000184,TAP000291,phi_column_classification,tactical,metadata_patch,northharbor/dbt-healthcare-analytics#1384,merged,2026-04-15T17:38:00,2026-04-17T12:31:00,egarrido@northharbor.health,true
WBK000185,TAP000297,phi_column_classification,tactical,metadata_patch,northharbor/dbt-healthcare-analytics#1385,merged,2026-04-20T15:18:00,2026-04-20T22:05:00,egarrido@northharbor.health,true
WBK000186,TAP000298,phi_column_classification,tactical,metadata_patch,northharbor/dbt-healthcare-analytics#1386,merged,2026-04-23T12:06:00,2026-04-25T04:28:00,hyusuf@northharbor.health,true
WBK000187,TAP000299,phi_column_classification,tactical,metadata_patch,northharbor/dbt-healthcare-analytics#1387,closed,2026-04-28T12:34:00,,hyusuf@northharbor.health,true
WBK000188,TAP000303,phi_column_classification,tactical,metadata_patch,northharbor/dbt-healthcare-analytics#1388,merged,2026-04-20T09:25:00,2026-04-21T01:05:00,hyusuf@northharbor.health,true
WBK000189,TAP000304,phi_column_classification,tactical,metadata_patch,northharbor/dbt-healthcare-analytics#1389,merged,2026-04-20T00:04:00,2026-04-21T00:02:00,dpalmer@northharbor.health,true
WBK000190,TAP000307,phi_column_classification,tactical,metadata_patch,northharbor/dbt-healthcare-analytics#1390,merged,2026-04-18T21:20:00,2026-04-20T05:53:00,hyusuf@northharbor.health,true
WBK000191,TAP000308,phi_column_classification,tactical,metadata_patch,northharbor/dbt-healthcare-analytics#1391,merged,2026-04-15T14:15:00,2026-04-17T00:29:00,swhitaker@northharbor.health,true
WBK000192,TAP000309,phi_column_classification,tactical,metadata_patch,northharbor/dbt-healthcare-analytics#1392,merged,2026-04-25T10:31:00,2026-04-25T12:02:00,hyusuf@northharbor.health,true
WBK000193,TAP000310,phi_column_classification,tactical,metadata_patch,northharbor/dbt-healthcare-analytics#1393,merged,2026-04-03T11:06:00,2026-04-04T11:21:00,swhitaker@northharbor.health,true
WBK000194,TAP000311,phi_column_classification,tactical,metadata_patch,northharbor/dbt-healthcare-analytics#1394,merged,2026-04-28T20:33:00,2026-04-29T11:36:00,dpalmer@northharbor.health,true
WBK000195,TAP000312,phi_column_classification,tactical,metadata_patch,northharbor/dbt-healthcare-analytics#1395,merged,2026-04-04T14:55:00,2026-04-05T01:36:00,mkeller@northharbor.health,true
WBK000196,TAP000314,phi_column_classification,tactical,metadata_patch,northharbor/dbt-healthcare-analytics#1396,merged,2026-04-04T10:36:00,2026-04-05T12:23:00,dpalmer@northharbor.health,true
WBK000197,TAP000315,phi_column_classification,tactical,metadata_patch,northharbor/dbt-healthcare-analytics#1397,merged,2026-04-13T19:20:00,2026-04-15T13:34:00,mkeller@northharbor.health,true
WBK000198,TAP000316,phi_column_classification,tactical,metadata_patch,northharbor/dbt-healthcare-analytics#1398,merged,2026-04-15T12:08:00,2026-04-16T23:13:00,ptran@northharbor.health,true
WBK000199,TAP000318,phi_column_classification,tactical,metadata_patch,northharbor/dbt-healthcare-analytics#1399,merged,2026-04-06T16:09:00,2026-04-08T05:50:00,dpalmer@northharbor.health,true
WBK000200,TAP000319,phi_column_classification,tactical,metadata_patch,northharbor/dbt-healthcare-analytics#1400,merged,2026-04-18T12:57:00,2026-04-19T13:10:00,egarrido@northharbor.health,true
WBK000201,TAP000320,phi_column_classification,tactical,metadata_patch,northharbor/dbt-healthcare-analytics#1401,merged,2026-04-09T14:00:00,2026-04-09T22:52:00,hyusuf@northharbor.health,true
WBK000202,TAP000321,phi_column_classification,tactical,metadata_patch,northharbor/dbt-healthcare-analytics#1402,merged,2026-04-28T13:01:00,2026-04-30T02:30:00,ptran@northharbor.health,true
WBK000203,TAP000322,phi_column_classification,tactical,metadata_patch,northharbor/dbt-healthcare-analytics#1403,merged,2026-04-03T00:35:00,2026-04-04T12:06:00,swhitaker@northharbor.health,true
WBK000204,TAP000324,phi_column_classification,tactical,metadata_patch,northharbor/dbt-healthcare-analytics#1404,merged,2026-04-05T15:18:00,2026-04-06T08:55:00,hyusuf@northharbor.health,true
WBK000205,TAP000325,phi_column_classification,tactical,metadata_patch,northharbor/dbt-healthcare-analytics#1405,merged,2026-04-11T14:01:00,2026-04-12T13:45:00,dpalmer@northharbor.health,true
WBK000206,TAP000326,phi_column_classification,tactical,metadata_patch,northharbor/dbt-healthcare-analytics#1406,merged,2026-04-06T05:46:00,2026-04-07T15:36:00,egarrido@northharbor.health,true
WBK000207,TAP000327,phi_column_classification,tactical,metadata_patch,northharbor/dbt-healthcare-analytics#1407,merged,2026-04-06T16:08:00,2026-04-07T02:13:00,swhitaker@northharbor.health,true
WBK000208,TAP000328,phi_column_classification,tactical,metadata_patch,northharbor/dbt-healthcare-analytics#1408,merged,2026-04-11T14:59:00,2026-04-11T18:44:00,egarrido@northharbor.health,true
WBK000209,TAP000330,phi_column_classification,tactical,metadata_patch,northharbor/dbt-healthcare-analytics#1409,merged,2026-04-23T13:55:00,2026-04-24T02:46:00,mkeller@northharbor.health,true
WBK000210,TAP000331,phi_column_classification,tactical,metadata_patch,northharbor/dbt-healthcare-analytics#1410,merged,2026-04-20T14:45:00,2026-04-22T09:47:00,mkeller@northharbor.health,true
WBK000211,TAP000333,phi_column_classification,tactical,metadata_patch,northharbor/dbt-healthcare-analytics#1411,merged,2026-04-26T13:11:00,2026-04-26T14:55:00,hyusuf@northharbor.health,true
WBK000212,TAP000334,phi_column_classification,tactical,metadata_patch,northharbor/dbt-healthcare-analytics#1412,merged,2026-04-06T18:32:00,2026-04-06T22:54:00,dpalmer@northharbor.health,true
WBK000213,TAP000335,phi_column_classification,tactical,metadata_patch,northharbor/dbt-healthcare-analytics#1413,merged,2026-04-09T21:14:00,2026-04-09T22:01:00,dpalmer@northharbor.health,true
WBK000214,TAP000337,phi_column_classification,tactical,metadata_patch,northharbor/dbt-healthcare-analytics#1414,merged,2026-04-30T10:39:00,2026-05-01T02:48:00,swhitaker@northharbor.health,true
WBK000215,TAP000338,phi_column_classification,tactical,metadata_patch,northharbor/dbt-healthcare-analytics#1415,merged,2026-04-27T12:27:00,2026-04-29T02:26:00,ptran@northharbor.health,true
WBK000216,TAP000339,phi_column_classification,tactical,metadata_patch,northharbor/dbt-healthcare-analytics#1416,open,2026-04-28T11:53:00,,mkeller@northharbor.health,true
WBK000217,TAP000341,phi_column_classification,tactical,metadata_patch,northharbor/dbt-healthcare-analytics#1417,merged,2026-04-21T22:24:00,2026-04-23T01:38:00,hyusuf@northharbor.health,true
WBK000218,TAP000342,phi_column_classification,tactical,metadata_patch,northharbor/dbt-healthcare-analytics#1418,merged,2026-04-20T22:51:00,2026-04-21T23:37:00,egarrido@northharbor.health,true
WBK000219,TAP000343,phi_column_classification,tactical,metadata_patch,northharbor/dbt-healthcare-analytics#1419,merged,2026-04-18T12:11:00,2026-04-19T13:04:00,swhitaker@northharbor.health,true
WBK000220,TAP000345,phi_column_classification,tactical,metadata_patch,northharbor/dbt-healthcare-analytics#1420,merged,2026-04-04T15:04:00,2026-04-05T17:57:00,mkeller@northharbor.health,true
WBK000221,TAP000346,phi_column_classification,tactical,metadata_patch,northharbor/dbt-healthcare-analytics#1421,merged,2026-04-15T17:18:00,2026-04-16T21:04:00,swhitaker@northharbor.health,true
WBK000222,TAP000347,phi_column_classification,tactical,metadata_patch,northharbor/dbt-healthcare-analytics#1422,merged,2026-04-07T14:31:00,2026-04-08T04:01:00,ptran@northharbor.health,true
WBK000223,TAP000348,phi_column_classification,tactical,metadata_patch,northharbor/dbt-healthcare-analytics#1423,merged,2026-04-11T06:15:00,2026-04-11T10:47:00,ptran@northharbor.health,true
WBK000224,TAP000350,phi_column_classification,tactical,metadata_patch,northharbor/dbt-healthcare-analytics#1424,merged,2026-04-25T02:08:00,2026-04-26T03:34:00,swhitaker@northharbor.health,true
WBK000225,TAP000351,phi_column_classification,tactical,metadata_patch,northharbor/dbt-healthcare-analytics#1425,merged,2026-04-12T19:32:00,2026-04-14T12:09:00,ptran@northharbor.health,true
WBK000226,TAP000352,phi_column_classification,tactical,metadata_patch,northharbor/dbt-healthcare-analytics#1426,merged,2026-04-19T19:39:00,2026-04-20T14:12:00,mkeller@northharbor.health,true
WBK000227,TAP000353,phi_column_classification,tactical,metadata_patch,northharbor/dbt-healthcare-analytics#1427,merged,2026-04-01T17:03:00,2026-04-02T10:13:00,swhitaker@northharbor.health,true
WBK000228,TAP000356,phi_column_classification,tactical,metadata_patch,northharbor/dbt-healthcare-analytics#1428,merged,2026-04-11T13:37:00,2026-04-12T20:04:00,hyusuf@northharbor.health,true
WBK000229,TAP000357,phi_column_classification,tactical,metadata_patch,northharbor/dbt-healthcare-analytics#1429,merged,2026-04-14T20:24:00,2026-04-15T03:41:00,swhitaker@northharbor.health,true
WBK000230,TAP000358,phi_column_classification,tactical,metadata_patch,northharbor/dbt-healthcare-analytics#1430,merged,2026-04-17T00:13:00,2026-04-18T13:24:00,ptran@northharbor.health,true
WBK000231,TAP000359,phi_column_classification,tactical,metadata_patch,northharbor/dbt-healthcare-analytics#1431,merged,2026-04-20T16:55:00,2026-04-21T23:33:00,ptran@northharbor.health,true
WBK000232,TAP000360,phi_column_classification,tactical,metadata_patch,northharbor/dbt-healthcare-analytics#1432,merged,2026-04-15T14:27:00,2026-04-15T19:08:00,dpalmer@northharbor.health,true
WBK000233,TAP000361,phi_column_classification,tactical,metadata_patch,northharbor/dbt-healthcare-analytics#1433,merged,2026-04-18T14:41:00,2026-04-18T20:17:00,hyusuf@northharbor.health,true
WBK000234,TAP000362,phi_column_classification,tactical,metadata_patch,northharbor/dbt-healthcare-analytics#1434,open,2026-04-21T18:51:00,,ptran@northharbor.health,true
WBK000235,TAP000363,phi_column_classification,tactical,metadata_patch,northharbor/dbt-healthcare-analytics#1435,merged,2026-04-10T17:39:00,2026-04-11T11:14:00,swhitaker@northharbor.health,true
WBK000236,TAP000364,phi_column_classification,tactical,metadata_patch,northharbor/dbt-healthcare-analytics#1436,merged,2026-04-30T17:26:00,2026-05-01T06:12:00,hyusuf@northharbor.health,true
WBK000237,TAP000366,phi_column_classification,tactical,metadata_patch,northharbor/dbt-healthcare-analytics#1437,merged,2026-04-11T17:38:00,2026-04-12T14:26:00,mkeller@northharbor.health,true
WBK000238,TAP000367,phi_column_classification,tactical,metadata_patch,northharbor/dbt-healthcare-analytics#1438,merged,2026-04-11T15:52:00,2026-04-12T05:45:00,swhitaker@northharbor.health,true
WBK000239,TAP000369,phi_column_classification,tactical,metadata_patch,northharbor/dbt-healthcare-analytics#1439,merged,2026-04-11T18:56:00,2026-04-13T01:42:00,ptran@northharbor.health,true
WBK000240,TAP000370,phi_column_classification,tactical,metadata_patch,northharbor/dbt-healthcare-analytics#1440,merged,2026-04-19T11:05:00,2026-04-20T05:55:00,egarrido@northharbor.health,true
WBK000241,TAP000371,revenue_definition_change,strategic,pull_request,northharbor/dbt-healthcare-analytics#1441,merged,2026-04-20T07:02:00,2026-04-20T19:21:00,ptran@northharbor.health,false
WBK000242,TAP000372,revenue_definition_change,strategic,pull_request,northharbor/dbt-healthcare-analytics#1442,open,2026-04-24T08:10:00,,hyusuf@northharbor.health,false
WBK000243,TAP000373,revenue_definition_change,strategic,pull_request,northharbor/dbt-healthcare-analytics#1443,merged,2026-04-26T01:28:00,2026-04-27T00:14:00,mkeller@northharbor.health,false
WBK000244,TAP000374,revenue_definition_change,strategic,pull_request,northharbor/dbt-healthcare-analytics#1444,merged,2026-05-01T10:08:00,2026-05-02T16:15:00,dpalmer@northharbor.health,false
WBK000245,TAP000375,revenue_definition_change,strategic,pull_request,northharbor/dbt-healthcare-analytics#1445,merged,2026-04-05T20:00:00,2026-04-06T19:45:00,ptran@northharbor.health,false
WBK000246,TAP000376,denial_reason_classification,tactical,override_table,tapiq_overrides.denial_reason_category,applied,2026-05-27T11:54:00,2026-05-27T11:54:00,,true
WBK000247,TAP000377,denial_reason_classification,tactical,override_table,tapiq_overrides.denial_reason_category,applied,2026-05-25T09:29:00,2026-05-25T09:29:00,,true
WBK000248,TAP000378,denial_reason_classification,tactical,override_table,tapiq_overrides.denial_reason_category,applied,2026-05-28T14:06:00,2026-05-28T14:06:00,,true
WBK000249,TAP000379,denial_reason_classification,tactical,override_table,tapiq_overrides.denial_reason_category,applied,2026-05-01T18:15:00,2026-05-01T18:15:00,,true
WBK000250,TAP000380,denial_reason_classification,tactical,override_table,tapiq_overrides.denial_reason_category,applied,2026-05-05T12:29:00,2026-05-05T12:29:00,,true
WBK000251,TAP000381,denial_reason_classification,tactical,override_table,tapiq_overrides.denial_reason_category,applied,2026-05-07T16:22:00,2026-05-07T16:22:00,,true
WBK000252,TAP000385,denial_reason_classification,tactical,override_table,tapiq_overrides.denial_reason_category,applied,2026-05-26T16:14:00,2026-05-26T16:14:00,,true
WBK000253,TAP000386,denial_reason_classification,tactical,override_table,tapiq_overrides.denial_reason_category,applied,2026-05-11T13:11:00,2026-05-11T13:11:00,,true
WBK000254,TAP000387,denial_reason_classification,tactical,override_table,tapiq_overrides.denial_reason_category,applied,2026-05-02T15:55:00,2026-05-02T15:55:00,,true
WBK000255,TAP000390,encounter_type_mapping,tactical,override_table,tapiq_overrides.visit_type_map,applied,2026-05-16T16:28:00,2026-05-16T16:28:00,,true
WBK000256,TAP000391,encounter_type_mapping,tactical,override_table,tapiq_overrides.visit_type_map,applied,2026-05-17T01:13:00,2026-05-17T01:13:00,,true
WBK000257,TAP000392,encounter_type_mapping,tactical,override_table,tapiq_overrides.visit_type_map,applied,2026-05-04T15:27:00,2026-05-04T15:27:00,,true
WBK000258,TAP000393,phi_column_classification,tactical,metadata_patch,northharbor/dbt-healthcare-analytics#1458,merged,2026-05-03T20:32:00,2026-05-04T15:15:00,hyusuf@northharbor.health,true
WBK000259,TAP000395,phi_column_classification,tactical,metadata_patch,northharbor/dbt-healthcare-analytics#1459,closed,2026-05-24T18:51:00,,mkeller@northharbor.health,true
WBK000260,TAP000397,phi_column_classification,tactical,metadata_patch,northharbor/dbt-healthcare-analytics#1460,merged,2026-05-26T17:03:00,2026-05-27T11:02:00,hyusuf@northharbor.health,true
WBK000261,TAP000398,phi_column_classification,tactical,metadata_patch,northharbor/dbt-healthcare-analytics#1461,merged,2026-05-29T15:33:00,2026-05-30T18:56:00,hyusuf@northharbor.health,true
WBK000262,TAP000399,phi_column_classification,tactical,metadata_patch,northharbor/dbt-healthcare-analytics#1462,merged,2026-05-21T18:00:00,2026-05-22T12:37:00,ptran@northharbor.health,true
WBK000263,TAP000400,phi_column_classification,tactical,metadata_patch,northharbor/dbt-healthcare-analytics#1463,merged,2026-05-08T13:52:00,2026-05-09T14:16:00,ptran@northharbor.health,true
WBK000264,TAP000403,phi_column_classification,tactical,metadata_patch,northharbor/dbt-healthcare-analytics#1464,merged,2026-05-14T02:37:00,2026-05-14T07:29:00,ptran@northharbor.health,true
WBK000265,TAP000405,phi_column_classification,tactical,metadata_patch,northharbor/dbt-healthcare-analytics#1465,merged,2026-05-28T13:39:00,2026-05-29T12:44:00,hyusuf@northharbor.health,true
WBK000266,TAP000406,phi_column_classification,tactical,metadata_patch,northharbor/dbt-healthcare-analytics#1466,open,2026-05-08T18:44:00,,swhitaker@northharbor.health,true
WBK000267,TAP000407,phi_column_classification,tactical,metadata_patch,northharbor/dbt-healthcare-analytics#1467,merged,2026-05-20T17:53:00,2026-05-21T06:24:00,swhitaker@northharbor.health,true
WBK000268,TAP000409,phi_column_classification,tactical,metadata_patch,northharbor/dbt-healthcare-analytics#1468,merged,2026-05-23T11:51:00,2026-05-24T19:06:00,ptran@northharbor.health,true
WBK000269,TAP000410,phi_column_classification,tactical,metadata_patch,northharbor/dbt-healthcare-analytics#1469,merged,2026-05-23T00:03:00,2026-05-24T06:39:00,swhitaker@northharbor.health,true
WBK000270,TAP000413,phi_column_classification,tactical,metadata_patch,northharbor/dbt-healthcare-analytics#1470,merged,2026-05-24T13:42:00,2026-05-26T06:03:00,ptran@northharbor.health,true
WBK000271,TAP000414,phi_column_classification,tactical,metadata_patch,northharbor/dbt-healthcare-analytics#1471,merged,2026-05-23T15:25:00,2026-05-25T08:37:00,egarrido@northharbor.health,true
WBK000272,TAP000415,phi_column_classification,tactical,metadata_patch,northharbor/dbt-healthcare-analytics#1472,merged,2026-05-21T12:39:00,2026-05-21T15:23:00,mkeller@northharbor.health,true
WBK000273,TAP000416,phi_column_classification,tactical,metadata_patch,northharbor/dbt-healthcare-analytics#1473,merged,2026-05-13T15:05:00,2026-05-15T07:59:00,swhitaker@northharbor.health,true
WBK000274,TAP000417,phi_column_classification,tactical,metadata_patch,northharbor/dbt-healthcare-analytics#1474,closed,2026-05-30T00:55:00,,hyusuf@northharbor.health,true
WBK000275,TAP000418,phi_column_classification,tactical,metadata_patch,northharbor/dbt-healthcare-analytics#1475,merged,2026-05-05T19:29:00,2026-05-07T04:11:00,ptran@northharbor.health,true
WBK000276,TAP000420,phi_column_classification,tactical,metadata_patch,northharbor/dbt-healthcare-analytics#1476,merged,2026-05-07T17:24:00,2026-05-07T23:50:00,mkeller@northharbor.health,true
WBK000277,TAP000421,phi_column_classification,tactical,metadata_patch,northharbor/dbt-healthcare-analytics#1477,closed,2026-05-27T17:34:00,,dpalmer@northharbor.health,true
WBK000278,TAP000423,phi_column_classification,tactical,metadata_patch,northharbor/dbt-healthcare-analytics#1478,merged,2026-05-28T15:01:00,2026-05-29T18:54:00,egarrido@northharbor.health,true
WBK000279,TAP000424,phi_column_classification,tactical,metadata_patch,northharbor/dbt-healthcare-analytics#1479,merged,2026-05-31T13:52:00,2026-06-01T20:30:00,swhitaker@northharbor.health,true
WBK000280,TAP000427,phi_column_classification,tactical,metadata_patch,northharbor/dbt-healthcare-analytics#1480,merged,2026-05-15T14:36:00,2026-05-16T10:18:00,ptran@northharbor.health,true
WBK000281,TAP000432,phi_column_classification,tactical,metadata_patch,northharbor/dbt-healthcare-analytics#1481,closed,2026-05-15T15:30:00,,egarrido@northharbor.health,true
WBK000282,TAP000433,phi_column_classification,tactical,metadata_patch,northharbor/dbt-healthcare-analytics#1482,open,2026-05-26T12:30:00,,mkeller@northharbor.health,true
WBK000283,TAP000434,phi_column_classification,tactical,metadata_patch,northharbor/dbt-healthcare-analytics#1483,merged,2026-05-11T20:12:00,2026-05-12T07:51:00,egarrido@northharbor.health,true
WBK000284,TAP000435,phi_column_classification,tactical,metadata_patch,northharbor/dbt-healthcare-analytics#1484,merged,2026-05-08T14:53:00,2026-05-09T16:47:00,egarrido@northharbor.health,true
WBK000285,TAP000436,phi_column_classification,tactical,metadata_patch,northharbor/dbt-healthcare-analytics#1485,merged,2026-05-15T15:32:00,2026-05-16T03:22:00,mkeller@northharbor.health,true
WBK000286,TAP000437,phi_column_classification,tactical,metadata_patch,northharbor/dbt-healthcare-analytics#1486,merged,2026-05-15T15:02:00,2026-05-16T04:07:00,dpalmer@northharbor.health,true
WBK000287,TAP000438,phi_column_classification,tactical,metadata_patch,northharbor/dbt-healthcare-analytics#1487,merged,2026-05-22T17:33:00,2026-05-23T01:12:00,dpalmer@northharbor.health,true
WBK000288,TAP000439,phi_column_classification,tactical,metadata_patch,northharbor/dbt-healthcare-analytics#1488,merged,2026-05-14T12:41:00,2026-05-15T17:38:00,hyusuf@northharbor.health,true
WBK000289,TAP000440,phi_column_classification,tactical,metadata_patch,northharbor/dbt-healthcare-analytics#1489,closed,2026-05-27T18:27:00,,dpalmer@northharbor.health,true
WBK000290,TAP000442,phi_column_classification,tactical,metadata_patch,northharbor/dbt-healthcare-analytics#1490,merged,2026-05-22T18:24:00,2026-05-22T23:20:00,ptran@northharbor.health,true
WBK000291,TAP000443,phi_column_classification,tactical,metadata_patch,northharbor/dbt-healthcare-analytics#1491,merged,2026-05-07T16:13:00,2026-05-09T10:46:00,egarrido@northharbor.health,true
WBK000292,TAP000444,phi_column_classification,tactical,metadata_patch,northharbor/dbt-healthcare-analytics#1492,merged,2026-05-15T12:11:00,2026-05-15T16:54:00,egarrido@northharbor.health,true
WBK000293,TAP000445,phi_column_classification,tactical,metadata_patch,northharbor/dbt-healthcare-analytics#1493,merged,2026-05-15T05:22:00,2026-05-16T06:58:00,dpalmer@northharbor.health,true
WBK000294,TAP000446,phi_column_classification,tactical,metadata_patch,northharbor/dbt-healthcare-analytics#1494,merged,2026-05-11T20:09:00,2026-05-13T03:16:00,ptran@northharbor.health,true
WBK000295,TAP000447,phi_column_classification,tactical,metadata_patch,northharbor/dbt-healthcare-analytics#1495,merged,2026-05-29T14:22:00,2026-05-30T09:29:00,egarrido@northharbor.health,true
WBK000296,TAP000448,phi_column_classification,tactical,metadata_patch,northharbor/dbt-healthcare-analytics#1496,merged,2026-05-22T23:36:00,2026-05-23T16:48:00,swhitaker@northharbor.health,true
WBK000297,TAP000449,phi_column_classification,tactical,metadata_patch,northharbor/dbt-healthcare-analytics#1497,merged,2026-05-16T13:51:00,2026-05-16T22:10:00,egarrido@northharbor.health,true
WBK000298,TAP000451,phi_column_classification,tactical,metadata_patch,northharbor/dbt-healthcare-analytics#1498,merged,2026-05-03T13:14:00,2026-05-04T07:31:00,mkeller@northharbor.health,true
WBK000299,TAP000452,phi_column_classification,tactical,metadata_patch,northharbor/dbt-healthcare-analytics#1499,merged,2026-05-27T10:14:00,2026-05-27T15:13:00,mkeller@northharbor.health,true
WBK000300,TAP000453,phi_column_classification,tactical,metadata_patch,northharbor/dbt-healthcare-analytics#1500,open,2026-05-03T02:24:00,,mkeller@northharbor.health,true
WBK000301,TAP000454,phi_column_classification,tactical,metadata_patch,northharbor/dbt-healthcare-analytics#1501,merged,2026-05-30T10:26:00,2026-05-31T00:25:00,dpalmer@northharbor.health,true
WBK000302,TAP000455,phi_column_classification,tactical,metadata_patch,northharbor/dbt-healthcare-analytics#1502,open,2026-05-10T19:32:00,,egarrido@northharbor.health,true
WBK000303,TAP000458,phi_column_classification,tactical,metadata_patch,northharbor/dbt-healthcare-analytics#1503,open,2026-05-15T16:38:00,,dpalmer@northharbor.health,true
WBK000304,TAP000459,phi_column_classification,tactical,metadata_patch,northharbor/dbt-healthcare-analytics#1504,merged,2026-05-14T11:11:00,2026-05-15T17:59:00,ptran@northharbor.health,true
WBK000305,TAP000460,phi_column_classification,tactical,metadata_patch,northharbor/dbt-healthcare-analytics#1505,merged,2026-05-13T20:06:00,2026-05-15T11:23:00,ptran@northharbor.health,true
WBK000306,TAP000461,phi_column_classification,tactical,metadata_patch,northharbor/dbt-healthcare-analytics#1506,merged,2026-05-03T12:14:00,2026-05-04T22:02:00,ptran@northharbor.health,true
WBK000307,TAP000462,phi_column_classification,tactical,metadata_patch,northharbor/dbt-healthcare-analytics#1507,merged,2026-05-29T20:24:00,2026-05-30T23:58:00,hyusuf@northharbor.health,true
WBK000308,TAP000463,phi_column_classification,tactical,metadata_patch,northharbor/dbt-healthcare-analytics#1508,merged,2026-05-18T17:30:00,2026-05-20T11:27:00,dpalmer@northharbor.health,true
WBK000309,TAP000464,phi_column_classification,tactical,metadata_patch,northharbor/dbt-healthcare-analytics#1509,merged,2026-05-03T23:14:00,2026-05-04T15:39:00,egarrido@northharbor.health,true
WBK000310,TAP000465,phi_column_classification,tactical,metadata_patch,northharbor/dbt-healthcare-analytics#1510,merged,2026-05-26T16:44:00,2026-05-27T16:00:00,swhitaker@northharbor.health,true
WBK000311,TAP000466,phi_column_classification,tactical,metadata_patch,northharbor/dbt-healthcare-analytics#1511,merged,2026-05-11T10:10:00,2026-05-11T14:12:00,swhitaker@northharbor.health,true
WBK000312,TAP000467,phi_column_classification,tactical,metadata_patch,northharbor/dbt-healthcare-analytics#1512,merged,2026-05-16T15:31:00,2026-05-17T18:57:00,swhitaker@northharbor.health,true
WBK000313,TAP000468,phi_column_classification,tactical,metadata_patch,northharbor/dbt-healthcare-analytics#1513,merged,2026-05-24T21:09:00,2026-05-26T02:23:00,hyusuf@northharbor.health,true
WBK000314,TAP000471,phi_column_classification,tactical,metadata_patch,northharbor/dbt-healthcare-analytics#1514,merged,2026-05-25T13:27:00,2026-05-27T04:26:00,swhitaker@northharbor.health,true
WBK000315,TAP000472,phi_column_classification,tactical,metadata_patch,northharbor/dbt-healthcare-analytics#1515,open,2026-05-15T15:19:00,,hyusuf@northharbor.health,true
WBK000316,TAP000473,phi_column_classification,tactical,metadata_patch,northharbor/dbt-healthcare-analytics#1516,merged,2026-05-17T12:37:00,2026-05-19T03:55:00,egarrido@northharbor.health,true
WBK000317,TAP000474,phi_column_classification,tactical,metadata_patch,northharbor/dbt-healthcare-analytics#1517,merged,2026-05-02T16:22:00,2026-05-03T17:58:00,mkeller@northharbor.health,true
WBK000318,TAP000475,phi_column_classification,tactical,metadata_patch,northharbor/dbt-healthcare-analytics#1518,closed,2026-05-10T06:46:00,,hyusuf@northharbor.health,true
WBK000319,TAP000476,phi_column_classification,tactical,metadata_patch,northharbor/dbt-healthcare-analytics#1519,merged,2026-05-20T12:27:00,2026-05-20T23:37:00,swhitaker@northharbor.health,true
WBK000320,TAP000477,phi_column_classification,tactical,metadata_patch,northharbor/dbt-healthcare-analytics#1520,open,2026-05-29T16:13:00,,ptran@northharbor.health,true
WBK000321,TAP000479,phi_column_classification,tactical,metadata_patch,northharbor/dbt-healthcare-analytics#1521,merged,2026-05-08T16:41:00,2026-05-10T05:57:00,mkeller@northharbor.health,true
WBK000322,TAP000480,phi_column_classification,tactical,metadata_patch,northharbor/dbt-healthcare-analytics#1522,merged,2026-05-24T12:14:00,2026-05-26T05:57:00,ptran@northharbor.health,true
WBK000323,TAP000481,phi_column_classification,tactical,metadata_patch,northharbor/dbt-healthcare-analytics#1523,merged,2026-05-21T18:00:00,2026-05-22T15:08:00,dpalmer@northharbor.health,true
WBK000324,TAP000482,phi_column_classification,tactical,metadata_patch,northharbor/dbt-healthcare-analytics#1524,open,2026-05-30T14:10:00,,dpalmer@northharbor.health,true
WBK000325,TAP000483,phi_column_classification,tactical,metadata_patch,northharbor/dbt-healthcare-analytics#1525,merged,2026-05-04T20:27:00,2026-05-05T00:47:00,mkeller@northharbor.health,true
WBK000326,TAP000484,phi_column_classification,tactical,metadata_patch,northharbor/dbt-healthcare-analytics#1526,merged,2026-05-31T15:16:00,2026-06-01T23:47:00,ptran@northharbor.health,true
WBK000327,TAP000485,phi_column_classification,tactical,metadata_patch,northharbor/dbt-healthcare-analytics#1527,merged,2026-05-07T11:50:00,2026-05-08T18:37:00,egarrido@northharbor.health,true
WBK000328,TAP000486,phi_column_classification,tactical,metadata_patch,northharbor/dbt-healthcare-analytics#1528,merged,2026-05-08T12:30:00,2026-05-09T05:50:00,mkeller@northharbor.health,true
WBK000329,TAP000487,phi_column_classification,tactical,metadata_patch,northharbor/dbt-healthcare-analytics#1529,merged,2026-05-13T14:21:00,2026-05-15T00:21:00,dpalmer@northharbor.health,true
WBK000330,TAP000488,phi_column_classification,tactical,metadata_patch,northharbor/dbt-healthcare-analytics#1530,merged,2026-05-30T15:04:00,2026-05-31T09:03:00,dpalmer@northharbor.health,true
WBK000331,TAP000489,phi_column_classification,tactical,metadata_patch,northharbor/dbt-healthcare-analytics#1531,merged,2026-05-11T13:21:00,2026-05-12T14:40:00,dpalmer@northharbor.health,true
WBK000332,TAP000490,phi_column_classification,tactical,metadata_patch,northharbor/dbt-healthcare-analytics#1532,merged,2026-05-03T12:46:00,2026-05-04T17:39:00,ptran@northharbor.health,true
WBK000333,TAP000491,phi_column_classification,tactical,metadata_patch,northharbor/dbt-healthcare-analytics#1533,open,2026-05-03T15:04:00,,hyusuf@northharbor.health,true
WBK000334,TAP000492,phi_column_classification,tactical,metadata_patch,northharbor/dbt-healthcare-analytics#1534,merged,2026-05-27T19:51:00,2026-05-29T14:25:00,mkeller@northharbor.health,true
WBK000335,TAP000494,phi_column_classification,tactical,metadata_patch,northharbor/dbt-healthcare-analytics#1535,merged,2026-05-23T19:19:00,2026-05-25T01:38:00,egarrido@northharbor.health,true
WBK000336,TAP000495,phi_column_classification,tactical,metadata_patch,northharbor/dbt-healthcare-analytics#1536,merged,2026-05-15T21:12:00,2026-05-16T22:54:00,hyusuf@northharbor.health,true
WBK000337,TAP000497,phi_column_classification,tactical,metadata_patch,northharbor/dbt-healthcare-analytics#1537,merged,2026-05-05T15:49:00,2026-05-06T09:37:00,egarrido@northharbor.health,true
WBK000338,TAP000499,phi_column_classification,tactical,metadata_patch,northharbor/dbt-healthcare-analytics#1538,merged,2026-05-25T13:25:00,2026-05-26T08:31:00,hyusuf@northharbor.health,true
WBK000339,TAP000500,phi_column_classification,tactical,metadata_patch,northharbor/dbt-healthcare-analytics#1539,merged,2026-05-10T16:27:00,2026-05-11T15:00:00,hyusuf@northharbor.health,true
WBK000340,TAP000501,phi_column_classification,tactical,metadata_patch,northharbor/dbt-healthcare-analytics#1540,merged,2026-05-13T17:23:00,2026-05-14T14:02:00,mkeller@northharbor.health,true
WBK000341,TAP000504,phi_column_classification,tactical,metadata_patch,northharbor/dbt-healthcare-analytics#1541,merged,2026-05-23T12:02:00,2026-05-23T23:03:00,hyusuf@northharbor.health,true
WBK000342,TAP000505,phi_column_classification,tactical,metadata_patch,northharbor/dbt-healthcare-analytics#1542,merged,2026-05-08T21:42:00,2026-05-09T17:30:00,egarrido@northharbor.health,true
WBK000343,TAP000506,phi_column_classification,tactical,metadata_patch,northharbor/dbt-healthcare-analytics#1543,merged,2026-05-19T22:06:00,2026-05-20T22:01:00,egarrido@northharbor.health,true
WBK000344,TAP000507,phi_column_classification,tactical,metadata_patch,northharbor/dbt-healthcare-analytics#1544,merged,2026-05-29T14:16:00,2026-05-30T13:09:00,mkeller@northharbor.health,true
WBK000345,TAP000508,phi_column_classification,tactical,metadata_patch,northharbor/dbt-healthcare-analytics#1545,open,2026-05-08T21:33:00,,dpalmer@northharbor.health,true
WBK000346,TAP000511,phi_column_classification,tactical,metadata_patch,northharbor/dbt-healthcare-analytics#1546,merged,2026-05-17T15:24:00,2026-05-17T19:05:00,ptran@northharbor.health,true
WBK000347,TAP000512,phi_column_classification,tactical,metadata_patch,northharbor/dbt-healthcare-analytics#1547,merged,2026-05-10T18:13:00,2026-05-10T22:47:00,ptran@northharbor.health,true
WBK000348,TAP000513,phi_column_classification,tactical,metadata_patch,northharbor/dbt-healthcare-analytics#1548,merged,2026-05-28T16:26:00,2026-05-30T05:11:00,ptran@northharbor.health,true
WBK000349,TAP000514,phi_column_classification,tactical,metadata_patch,northharbor/dbt-healthcare-analytics#1549,merged,2026-05-17T15:47:00,2026-05-19T08:49:00,egarrido@northharbor.health,true
WBK000350,TAP000515,phi_column_classification,tactical,metadata_patch,northharbor/dbt-healthcare-analytics#1550,merged,2026-05-12T20:52:00,2026-05-13T05:01:00,mkeller@northharbor.health,true
WBK000351,TAP000516,phi_column_classification,tactical,metadata_patch,northharbor/dbt-healthcare-analytics#1551,merged,2026-05-04T22:05:00,2026-05-06T04:41:00,ptran@northharbor.health,true
WBK000352,TAP000517,phi_column_classification,tactical,metadata_patch,northharbor/dbt-healthcare-analytics#1552,merged,2026-05-26T02:12:00,2026-05-26T19:23:00,swhitaker@northharbor.health,true
WBK000353,TAP000518,phi_column_classification,tactical,metadata_patch,northharbor/dbt-healthcare-analytics#1553,merged,2026-05-13T11:30:00,2026-05-15T03:12:00,mkeller@northharbor.health,true
WBK000354,TAP000519,phi_column_classification,tactical,metadata_patch,northharbor/dbt-healthcare-analytics#1554,merged,2026-05-31T13:34:00,2026-06-02T04:52:00,ptran@northharbor.health,true
WBK000355,TAP000521,phi_column_classification,tactical,metadata_patch,northharbor/dbt-healthcare-analytics#1555,merged,2026-05-26T16:16:00,2026-05-27T18:24:00,swhitaker@northharbor.health,true
WBK000356,TAP000524,phi_column_classification,tactical,metadata_patch,northharbor/dbt-healthcare-analytics#1556,merged,2026-05-24T12:16:00,2026-05-26T07:32:00,dpalmer@northharbor.health,true
WBK000357,TAP000525,phi_column_classification,tactical,metadata_patch,northharbor/dbt-healthcare-analytics#1557,merged,2026-05-13T14:35:00,2026-05-14T16:00:00,mkeller@northharbor.health,true
WBK000358,TAP000526,phi_column_classification,tactical,metadata_patch,northharbor/dbt-healthcare-analytics#1558,closed,2026-05-07T13:16:00,,ptran@northharbor.health,true
WBK000359,TAP000527,phi_column_classification,tactical,metadata_patch,northharbor/dbt-healthcare-analytics#1559,merged,2026-05-20T17:40:00,2026-05-22T11:30:00,ptran@northharbor.health,true
WBK000360,TAP000528,phi_column_classification,tactical,metadata_patch,northharbor/dbt-healthcare-analytics#1560,merged,2026-05-05T14:21:00,2026-05-06T09:14:00,egarrido@northharbor.health,true
WBK000361,TAP000531,phi_column_classification,tactical,metadata_patch,northharbor/dbt-healthcare-analytics#1561,merged,2026-05-22T17:17:00,2026-05-23T10:33:00,hyusuf@northharbor.health,true
WBK000362,TAP000532,phi_column_classification,tactical,metadata_patch,northharbor/dbt-healthcare-analytics#1562,merged,2026-05-21T01:04:00,2026-05-22T12:50:00,hyusuf@northharbor.health,true
WBK000363,TAP000533,phi_column_classification,tactical,metadata_patch,northharbor/dbt-healthcare-analytics#1563,merged,2026-05-26T11:02:00,2026-05-26T15:01:00,egarrido@northharbor.health,true
WBK000364,TAP000537,phi_column_classification,tactical,metadata_patch,northharbor/dbt-healthcare-analytics#1564,open,2026-05-29T20:44:00,,ptran@northharbor.health,true
WBK000365,TAP000538,phi_column_classification,tactical,metadata_patch,northharbor/dbt-healthcare-analytics#1565,merged,2026-05-19T12:58:00,2026-05-21T03:34:00,hyusuf@northharbor.health,true
WBK000366,TAP000539,phi_column_classification,tactical,metadata_patch,northharbor/dbt-healthcare-analytics#1566,merged,2026-05-11T18:39:00,2026-05-13T09:12:00,mkeller@northharbor.health,true
WBK000367,TAP000540,phi_column_classification,tactical,metadata_patch,northharbor/dbt-healthcare-analytics#1567,merged,2026-05-05T12:47:00,2026-05-06T09:18:00,dpalmer@northharbor.health,true
WBK000368,TAP000541,phi_column_classification,tactical,metadata_patch,northharbor/dbt-healthcare-analytics#1568,open,2026-05-01T14:36:00,,hyusuf@northharbor.health,true
WBK000369,TAP000543,phi_column_classification,tactical,metadata_patch,northharbor/dbt-healthcare-analytics#1569,merged,2026-05-20T01:20:00,2026-05-20T22:54:00,swhitaker@northharbor.health,true
WBK000370,TAP000544,phi_column_classification,tactical,metadata_patch,northharbor/dbt-healthcare-analytics#1570,merged,2026-05-06T21:38:00,2026-05-07T00:18:00,egarrido@northharbor.health,true
WBK000371,TAP000546,phi_column_classification,tactical,metadata_patch,northharbor/dbt-healthcare-analytics#1571,merged,2026-05-25T19:47:00,2026-05-27T00:00:00,dpalmer@northharbor.health,true
WBK000372,TAP000547,phi_column_classification,tactical,metadata_patch,northharbor/dbt-healthcare-analytics#1572,merged,2026-05-09T17:27:00,2026-05-10T07:11:00,mkeller@northharbor.health,true
WBK000373,TAP000548,phi_column_classification,tactical,metadata_patch,northharbor/dbt-healthcare-analytics#1573,merged,2026-05-06T19:55:00,2026-05-06T20:31:00,mkeller@northharbor.health,true
WBK000374,TAP000551,phi_column_classification,tactical,metadata_patch,northharbor/dbt-healthcare-analytics#1574,merged,2026-05-27T14:18:00,2026-05-27T16:55:00,mkeller@northharbor.health,true
WBK000375,TAP000552,phi_column_classification,tactical,metadata_patch,northharbor/dbt-healthcare-analytics#1575,merged,2026-05-22T17:23:00,2026-05-23T16:24:00,dpalmer@northharbor.health,true
WBK000376,TAP000553,phi_column_classification,tactical,metadata_patch,northharbor/dbt-healthcare-analytics#1576,merged,2026-05-03T13:27:00,2026-05-04T14:51:00,egarrido@northharbor.health,true
WBK000377,TAP000555,phi_column_classification,tactical,metadata_patch,northharbor/dbt-healthcare-analytics#1577,merged,2026-05-23T17:53:00,2026-05-24T15:04:00,mkeller@northharbor.health,true
WBK000378,TAP000556,phi_column_classification,tactical,metadata_patch,northharbor/dbt-healthcare-analytics#1578,merged,2026-05-18T18:12:00,2026-05-20T12:47:00,dpalmer@northharbor.health,true
WBK000379,TAP000559,phi_column_classification,tactical,metadata_patch,northharbor/dbt-healthcare-analytics#1579,merged,2026-05-26T13:18:00,2026-05-28T00:31:00,egarrido@northharbor.health,true
WBK000380,TAP000562,phi_column_classification,tactical,metadata_patch,northharbor/dbt-healthcare-analytics#1580,merged,2026-05-12T12:26:00,2026-05-13T01:23:00,dpalmer@northharbor.health,true
WBK000381,TAP000564,phi_column_classification,tactical,metadata_patch,northharbor/dbt-healthcare-analytics#1581,merged,2026-05-29T21:29:00,2026-05-31T13:02:00,egarrido@northharbor.health,true
WBK000382,TAP000565,revenue_definition_change,strategic,pull_request,northharbor/dbt-healthcare-analytics#1582,merged,2026-05-21T00:57:00,2026-05-21T11:04:00,mkeller@northharbor.health,false
WBK000383,TAP000566,revenue_definition_change,strategic,pull_request,northharbor/dbt-healthcare-analytics#1583,merged,2026-05-28T02:12:00,2026-05-29T17:36:00,egarrido@northharbor.health,false
WBK000384,TAP000567,revenue_definition_change,strategic,pull_request,northharbor/dbt-healthcare-analytics#1584,merged,2026-05-12T05:34:00,2026-05-13T21:14:00,mkeller@northharbor.health,false
WBK000385,TAP000568,revenue_definition_change,strategic,pull_request,northharbor/dbt-healthcare-analytics#1585,merged,2026-05-14T13:35:00,2026-05-15T21:28:00,dpalmer@northharbor.health,false
WBK000386,TAP000569,revenue_definition_change,strategic,pull_request,northharbor/dbt-healthcare-analytics#1586,open,2026-05-08T08:03:00,,swhitaker@northharbor.health,false
WBK000387,TAP000570,revenue_definition_change,strategic,pull_request,northharbor/dbt-healthcare-analytics#1587,merged,2026-06-01T09:44:00,2026-06-01T18:52:00,egarrido@northharbor.health,false
WBK000388,TAP000572,quality_measure_criteria,strategic,pull_request,northharbor/dbt-healthcare-analytics#1588,merged,2026-05-11T17:45:00,2026-05-13T04:14:00,dpalmer@northharbor.health,false
WBK000389,TAP000573,quality_measure_criteria,strategic,pull_request,northharbor/dbt-healthcare-analytics#1589,merged,2026-05-25T17:29:00,2026-05-26T13:10:00,mkeller@northharbor.health,false
WBK000390,TAP000574,quality_measure_criteria,strategic,pull_request,northharbor/dbt-healthcare-analytics#1590,merged,2026-05-16T17:42:00,2026-05-18T12:43:00,ptran@northharbor.health,false
WBK000391,TAP000575,quality_measure_criteria,strategic,pull_request,northharbor/dbt-healthcare-analytics#1591,merged,2026-05-13T15:35:00,2026-05-14T02:16:00,ptran@northharbor.health,false
WBK000392,TAP000576,denial_reason_classification,tactical,override_table,tapiq_overrides.denial_reason_category,applied,2026-06-13T11:56:00,2026-06-13T11:56:00,,true
WBK000393,TAP000577,denial_reason_classification,tactical,override_table,tapiq_overrides.denial_reason_category,applied,2026-06-01T10:50:00,2026-06-01T10:50:00,,true
WBK000394,TAP000578,denial_reason_classification,tactical,override_table,tapiq_overrides.denial_reason_category,applied,2026-06-17T13:57:00,2026-06-17T13:57:00,,true
WBK000395,TAP000580,denial_reason_classification,tactical,override_table,tapiq_overrides.denial_reason_category,applied,2026-06-28T15:54:00,2026-06-28T15:54:00,,true
WBK000396,TAP000582,denial_reason_classification,tactical,override_table,tapiq_overrides.denial_reason_category,applied,2026-06-28T13:23:00,2026-06-28T13:23:00,,true
WBK000397,TAP000583,denial_reason_classification,tactical,override_table,tapiq_overrides.denial_reason_category,applied,2026-06-20T14:18:00,2026-06-20T14:18:00,,true
WBK000398,TAP000585,denial_reason_classification,tactical,override_table,tapiq_overrides.denial_reason_category,applied,2026-06-20T15:06:00,2026-06-20T15:06:00,,true
WBK000399,TAP000586,encounter_type_mapping,tactical,override_table,tapiq_overrides.visit_type_map,applied,2026-06-24T16:09:00,2026-06-24T16:09:00,,true
WBK000400,TAP000587,encounter_type_mapping,tactical,override_table,tapiq_overrides.visit_type_map,applied,2026-06-12T13:43:00,2026-06-12T13:43:00,,true
WBK000401,TAP000588,encounter_type_mapping,tactical,override_table,tapiq_overrides.visit_type_map,applied,2026-06-29T15:31:00,2026-06-29T15:31:00,,true
WBK000402,TAP000589,encounter_type_mapping,tactical,override_table,tapiq_overrides.visit_type_map,applied,2026-06-09T17:07:00,2026-06-09T17:07:00,,true
WBK000403,TAP000592,phi_column_classification,tactical,metadata_patch,northharbor/dbt-healthcare-analytics#1603,closed,2026-06-09T17:37:00,,swhitaker@northharbor.health,true
WBK000404,TAP000596,phi_column_classification,tactical,metadata_patch,northharbor/dbt-healthcare-analytics#1604,merged,2026-06-24T07:47:00,2026-06-25T05:30:00,ptran@northharbor.health,true
WBK000405,TAP000598,phi_column_classification,tactical,metadata_patch,northharbor/dbt-healthcare-analytics#1605,merged,2026-06-06T18:49:00,2026-06-08T14:03:00,hyusuf@northharbor.health,true
WBK000406,TAP000601,phi_column_classification,tactical,metadata_patch,northharbor/dbt-healthcare-analytics#1606,closed,2026-06-27T20:56:00,,hyusuf@northharbor.health,true
WBK000407,TAP000602,phi_column_classification,tactical,metadata_patch,northharbor/dbt-healthcare-analytics#1607,merged,2026-06-27T12:45:00,2026-06-29T07:05:00,egarrido@northharbor.health,true
WBK000408,TAP000604,phi_column_classification,tactical,metadata_patch,northharbor/dbt-healthcare-analytics#1608,merged,2026-06-05T16:31:00,2026-06-05T22:49:00,swhitaker@northharbor.health,true
WBK000409,TAP000605,phi_column_classification,tactical,metadata_patch,northharbor/dbt-healthcare-analytics#1609,merged,2026-06-15T12:28:00,2026-06-16T14:43:00,dpalmer@northharbor.health,true
WBK000410,TAP000606,phi_column_classification,tactical,metadata_patch,northharbor/dbt-healthcare-analytics#1610,merged,2026-06-23T12:41:00,2026-06-23T15:12:00,egarrido@northharbor.health,true
WBK000411,TAP000609,phi_column_classification,tactical,metadata_patch,northharbor/dbt-healthcare-analytics#1611,merged,2026-06-15T13:52:00,2026-06-17T03:56:00,mkeller@northharbor.health,true
WBK000412,TAP000610,phi_column_classification,tactical,metadata_patch,northharbor/dbt-healthcare-analytics#1612,merged,2026-06-17T16:11:00,2026-06-19T01:17:00,mkeller@northharbor.health,true
WBK000413,TAP000611,phi_column_classification,tactical,metadata_patch,northharbor/dbt-healthcare-analytics#1613,merged,2026-06-01T20:43:00,2026-06-03T05:15:00,mkeller@northharbor.health,true
WBK000414,TAP000613,phi_column_classification,tactical,metadata_patch,northharbor/dbt-healthcare-analytics#1614,merged,2026-06-09T15:43:00,2026-06-10T08:46:00,hyusuf@northharbor.health,true
WBK000415,TAP000614,phi_column_classification,tactical,metadata_patch,northharbor/dbt-healthcare-analytics#1615,merged,2026-06-29T09:29:00,2026-06-30T14:32:00,dpalmer@northharbor.health,true
WBK000416,TAP000615,phi_column_classification,tactical,metadata_patch,northharbor/dbt-healthcare-analytics#1616,merged,2026-06-29T15:07:00,2026-06-30T12:14:00,hyusuf@northharbor.health,true
WBK000417,TAP000616,phi_column_classification,tactical,metadata_patch,northharbor/dbt-healthcare-analytics#1617,merged,2026-06-13T18:18:00,2026-06-15T07:25:00,swhitaker@northharbor.health,true
WBK000418,TAP000617,phi_column_classification,tactical,metadata_patch,northharbor/dbt-healthcare-analytics#1618,merged,2026-06-04T10:24:00,2026-06-04T20:39:00,dpalmer@northharbor.health,true
WBK000419,TAP000618,phi_column_classification,tactical,metadata_patch,northharbor/dbt-healthcare-analytics#1619,merged,2026-06-09T17:50:00,2026-06-10T12:25:00,swhitaker@northharbor.health,true
WBK000420,TAP000619,phi_column_classification,tactical,metadata_patch,northharbor/dbt-healthcare-analytics#1620,merged,2026-06-24T16:32:00,2026-06-26T09:30:00,mkeller@northharbor.health,true
WBK000421,TAP000620,phi_column_classification,tactical,metadata_patch,northharbor/dbt-healthcare-analytics#1621,merged,2026-06-25T23:00:00,2026-06-26T01:39:00,dpalmer@northharbor.health,true
WBK000422,TAP000621,phi_column_classification,tactical,metadata_patch,northharbor/dbt-healthcare-analytics#1622,merged,2026-06-27T15:57:00,2026-06-29T00:34:00,dpalmer@northharbor.health,true
WBK000423,TAP000622,phi_column_classification,tactical,metadata_patch,northharbor/dbt-healthcare-analytics#1623,merged,2026-06-26T19:40:00,2026-06-27T02:10:00,egarrido@northharbor.health,true
WBK000424,TAP000623,phi_column_classification,tactical,metadata_patch,northharbor/dbt-healthcare-analytics#1624,open,2026-06-29T12:30:00,,ptran@northharbor.health,true
WBK000425,TAP000624,phi_column_classification,tactical,metadata_patch,northharbor/dbt-healthcare-analytics#1625,closed,2026-06-30T21:05:00,,mkeller@northharbor.health,true
WBK000426,TAP000625,phi_column_classification,tactical,metadata_patch,northharbor/dbt-healthcare-analytics#1626,open,2026-06-21T14:41:00,,mkeller@northharbor.health,true
WBK000427,TAP000626,phi_column_classification,tactical,metadata_patch,northharbor/dbt-healthcare-analytics#1627,merged,2026-06-22T17:18:00,2026-06-23T07:38:00,mkeller@northharbor.health,true
WBK000428,TAP000628,phi_column_classification,tactical,metadata_patch,northharbor/dbt-healthcare-analytics#1628,merged,2026-06-07T17:20:00,2026-06-07T20:17:00,egarrido@northharbor.health,true
WBK000429,TAP000629,phi_column_classification,tactical,metadata_patch,northharbor/dbt-healthcare-analytics#1629,merged,2026-06-20T19:15:00,2026-06-21T10:26:00,hyusuf@northharbor.health,true
WBK000430,TAP000631,phi_column_classification,tactical,metadata_patch,northharbor/dbt-healthcare-analytics#1630,merged,2026-06-01T12:49:00,2026-06-02T23:28:00,mkeller@northharbor.health,true
WBK000431,TAP000633,phi_column_classification,tactical,metadata_patch,northharbor/dbt-healthcare-analytics#1631,open,2026-06-07T09:42:00,,swhitaker@northharbor.health,true
WBK000432,TAP000634,phi_column_classification,tactical,metadata_patch,northharbor/dbt-healthcare-analytics#1632,merged,2026-06-12T21:52:00,2026-06-13T05:19:00,egarrido@northharbor.health,true
WBK000433,TAP000635,phi_column_classification,tactical,metadata_patch,northharbor/dbt-healthcare-analytics#1633,open,2026-06-14T01:17:00,,egarrido@northharbor.health,true
WBK000434,TAP000636,phi_column_classification,tactical,metadata_patch,northharbor/dbt-healthcare-analytics#1634,merged,2026-06-08T16:29:00,2026-06-09T08:37:00,ptran@northharbor.health,true
WBK000435,TAP000638,phi_column_classification,tactical,metadata_patch,northharbor/dbt-healthcare-analytics#1635,merged,2026-06-14T16:50:00,2026-06-16T09:05:00,mkeller@northharbor.health,true
WBK000436,TAP000639,phi_column_classification,tactical,metadata_patch,northharbor/dbt-healthcare-analytics#1636,merged,2026-06-18T17:57:00,2026-06-19T00:54:00,swhitaker@northharbor.health,true
WBK000437,TAP000640,phi_column_classification,tactical,metadata_patch,northharbor/dbt-healthcare-analytics#1637,merged,2026-06-20T15:02:00,2026-06-21T08:37:00,ptran@northharbor.health,true
WBK000438,TAP000641,phi_column_classification,tactical,metadata_patch,northharbor/dbt-healthcare-analytics#1638,merged,2026-06-12T19:46:00,2026-06-13T03:25:00,mkeller@northharbor.health,true
WBK000439,TAP000642,phi_column_classification,tactical,metadata_patch,northharbor/dbt-healthcare-analytics#1639,merged,2026-06-23T19:00:00,2026-06-24T21:17:00,egarrido@northharbor.health,true
WBK000440,TAP000644,phi_column_classification,tactical,metadata_patch,northharbor/dbt-healthcare-analytics#1640,merged,2026-06-25T22:44:00,2026-06-26T21:17:00,ptran@northharbor.health,true
WBK000441,TAP000645,phi_column_classification,tactical,metadata_patch,northharbor/dbt-healthcare-analytics#1641,merged,2026-06-16T18:19:00,2026-06-17T18:12:00,hyusuf@northharbor.health,true
WBK000442,TAP000647,phi_column_classification,tactical,metadata_patch,northharbor/dbt-healthcare-analytics#1642,merged,2026-06-04T16:24:00,2026-06-06T10:09:00,egarrido@northharbor.health,true
WBK000443,TAP000649,phi_column_classification,tactical,metadata_patch,northharbor/dbt-healthcare-analytics#1643,merged,2026-06-23T12:50:00,2026-06-23T23:19:00,hyusuf@northharbor.health,true
WBK000444,TAP000650,phi_column_classification,tactical,metadata_patch,northharbor/dbt-healthcare-analytics#1644,merged,2026-06-19T18:26:00,2026-06-21T11:24:00,swhitaker@northharbor.health,true
WBK000445,TAP000651,phi_column_classification,tactical,metadata_patch,northharbor/dbt-healthcare-analytics#1645,merged,2026-06-18T14:03:00,2026-06-19T07:50:00,egarrido@northharbor.health,true
WBK000446,TAP000652,phi_column_classification,tactical,metadata_patch,northharbor/dbt-healthcare-analytics#1646,merged,2026-06-17T00:05:00,2026-06-18T00:42:00,dpalmer@northharbor.health,true
WBK000447,TAP000653,phi_column_classification,tactical,metadata_patch,northharbor/dbt-healthcare-analytics#1647,closed,2026-06-05T10:27:00,,dpalmer@northharbor.health,true
WBK000448,TAP000654,phi_column_classification,tactical,metadata_patch,northharbor/dbt-healthcare-analytics#1648,merged,2026-06-08T13:33:00,2026-06-09T02:33:00,egarrido@northharbor.health,true
WBK000449,TAP000655,phi_column_classification,tactical,metadata_patch,northharbor/dbt-healthcare-analytics#1649,merged,2026-06-17T11:16:00,2026-06-19T03:34:00,egarrido@northharbor.health,true
WBK000450,TAP000656,phi_column_classification,tactical,metadata_patch,northharbor/dbt-healthcare-analytics#1650,merged,2026-06-05T21:19:00,2026-06-05T23:30:00,ptran@northharbor.health,true
WBK000451,TAP000658,phi_column_classification,tactical,metadata_patch,northharbor/dbt-healthcare-analytics#1651,merged,2026-06-19T17:20:00,2026-06-21T08:55:00,hyusuf@northharbor.health,true
WBK000452,TAP000659,phi_column_classification,tactical,metadata_patch,northharbor/dbt-healthcare-analytics#1652,merged,2026-06-01T18:51:00,2026-06-02T22:05:00,swhitaker@northharbor.health,true
WBK000453,TAP000662,phi_column_classification,tactical,metadata_patch,northharbor/dbt-healthcare-analytics#1653,merged,2026-06-09T03:58:00,2026-06-10T10:09:00,swhitaker@northharbor.health,true
WBK000454,TAP000664,phi_column_classification,tactical,metadata_patch,northharbor/dbt-healthcare-analytics#1654,merged,2026-06-02T15:36:00,2026-06-04T03:01:00,ptran@northharbor.health,true
WBK000455,TAP000665,phi_column_classification,tactical,metadata_patch,northharbor/dbt-healthcare-analytics#1655,merged,2026-06-25T19:11:00,2026-06-26T13:59:00,hyusuf@northharbor.health,true
WBK000456,TAP000666,phi_column_classification,tactical,metadata_patch,northharbor/dbt-healthcare-analytics#1656,merged,2026-06-24T08:47:00,2026-06-25T11:40:00,dpalmer@northharbor.health,true
WBK000457,TAP000669,phi_column_classification,tactical,metadata_patch,northharbor/dbt-healthcare-analytics#1657,merged,2026-06-25T17:30:00,2026-06-27T09:34:00,ptran@northharbor.health,true
WBK000458,TAP000670,phi_column_classification,tactical,metadata_patch,northharbor/dbt-healthcare-analytics#1658,open,2026-06-22T16:39:00,,ptran@northharbor.health,true
WBK000459,TAP000671,phi_column_classification,tactical,metadata_patch,northharbor/dbt-healthcare-analytics#1659,merged,2026-06-03T19:23:00,2026-06-04T18:18:00,egarrido@northharbor.health,true
WBK000460,TAP000672,phi_column_classification,tactical,metadata_patch,northharbor/dbt-healthcare-analytics#1660,merged,2026-06-24T15:57:00,2026-06-26T05:45:00,dpalmer@northharbor.health,true
WBK000461,TAP000674,phi_column_classification,tactical,metadata_patch,northharbor/dbt-healthcare-analytics#1661,merged,2026-06-18T23:00:00,2026-06-20T07:44:00,egarrido@northharbor.health,true
WBK000462,TAP000675,phi_column_classification,tactical,metadata_patch,northharbor/dbt-healthcare-analytics#1662,merged,2026-06-17T13:21:00,2026-06-18T04:06:00,mkeller@northharbor.health,true
WBK000463,TAP000676,phi_column_classification,tactical,metadata_patch,northharbor/dbt-healthcare-analytics#1663,merged,2026-06-17T03:12:00,2026-06-17T10:38:00,egarrido@northharbor.health,true
WBK000464,TAP000677,phi_column_classification,tactical,metadata_patch,northharbor/dbt-healthcare-analytics#1664,open,2026-06-06T23:13:00,,swhitaker@northharbor.health,true
WBK000465,TAP000678,phi_column_classification,tactical,metadata_patch,northharbor/dbt-healthcare-analytics#1665,merged,2026-06-22T22:42:00,2026-06-24T06:44:00,swhitaker@northharbor.health,true
WBK000466,TAP000679,phi_column_classification,tactical,metadata_patch,northharbor/dbt-healthcare-analytics#1666,merged,2026-06-26T12:44:00,2026-06-27T10:00:00,hyusuf@northharbor.health,true
WBK000467,TAP000680,phi_column_classification,tactical,metadata_patch,northharbor/dbt-healthcare-analytics#1667,open,2026-06-11T16:45:00,,hyusuf@northharbor.health,true
WBK000468,TAP000681,phi_column_classification,tactical,metadata_patch,northharbor/dbt-healthcare-analytics#1668,merged,2026-06-14T16:05:00,2026-06-15T23:05:00,dpalmer@northharbor.health,true
WBK000469,TAP000682,phi_column_classification,tactical,metadata_patch,northharbor/dbt-healthcare-analytics#1669,merged,2026-06-26T20:21:00,2026-06-28T15:11:00,swhitaker@northharbor.health,true
WBK000470,TAP000683,phi_column_classification,tactical,metadata_patch,northharbor/dbt-healthcare-analytics#1670,merged,2026-06-25T12:03:00,2026-06-25T14:03:00,dpalmer@northharbor.health,true
WBK000471,TAP000685,phi_column_classification,tactical,metadata_patch,northharbor/dbt-healthcare-analytics#1671,merged,2026-06-12T14:34:00,2026-06-13T17:01:00,egarrido@northharbor.health,true
WBK000472,TAP000686,phi_column_classification,tactical,metadata_patch,northharbor/dbt-healthcare-analytics#1672,closed,2026-06-02T14:25:00,,mkeller@northharbor.health,true
WBK000473,TAP000687,phi_column_classification,tactical,metadata_patch,northharbor/dbt-healthcare-analytics#1673,merged,2026-06-08T20:57:00,2026-06-09T20:05:00,ptran@northharbor.health,true
WBK000474,TAP000689,phi_column_classification,tactical,metadata_patch,northharbor/dbt-healthcare-analytics#1674,merged,2026-06-15T16:23:00,2026-06-16T22:50:00,hyusuf@northharbor.health,true
WBK000475,TAP000691,phi_column_classification,tactical,metadata_patch,northharbor/dbt-healthcare-analytics#1675,merged,2026-06-06T11:51:00,2026-06-07T19:18:00,egarrido@northharbor.health,true
WBK000476,TAP000692,phi_column_classification,tactical,metadata_patch,northharbor/dbt-healthcare-analytics#1676,merged,2026-06-21T17:34:00,2026-06-22T07:57:00,dpalmer@northharbor.health,true
WBK000477,TAP000693,phi_column_classification,tactical,metadata_patch,northharbor/dbt-healthcare-analytics#1677,closed,2026-06-29T11:54:00,,hyusuf@northharbor.health,true
WBK000478,TAP000695,phi_column_classification,tactical,metadata_patch,northharbor/dbt-healthcare-analytics#1678,merged,2026-06-22T18:17:00,2026-06-22T23:28:00,swhitaker@northharbor.health,true
WBK000479,TAP000696,phi_column_classification,tactical,metadata_patch,northharbor/dbt-healthcare-analytics#1679,closed,2026-06-19T14:53:00,,dpalmer@northharbor.health,true
WBK000480,TAP000697,phi_column_classification,tactical,metadata_patch,northharbor/dbt-healthcare-analytics#1680,merged,2026-06-27T17:02:00,2026-06-29T00:53:00,hyusuf@northharbor.health,true
WBK000481,TAP000700,phi_column_classification,tactical,metadata_patch,northharbor/dbt-healthcare-analytics#1681,merged,2026-06-20T22:41:00,2026-06-21T10:49:00,ptran@northharbor.health,true
WBK000482,TAP000701,phi_column_classification,tactical,metadata_patch,northharbor/dbt-healthcare-analytics#1682,merged,2026-06-07T12:54:00,2026-06-07T14:08:00,hyusuf@northharbor.health,true
WBK000483,TAP000702,phi_column_classification,tactical,metadata_patch,northharbor/dbt-healthcare-analytics#1683,merged,2026-06-22T13:52:00,2026-06-23T20:56:00,hyusuf@northharbor.health,true
WBK000484,TAP000703,phi_column_classification,tactical,metadata_patch,northharbor/dbt-healthcare-analytics#1684,merged,2026-06-04T14:33:00,2026-06-06T04:05:00,mkeller@northharbor.health,true
WBK000485,TAP000704,phi_column_classification,tactical,metadata_patch,northharbor/dbt-healthcare-analytics#1685,merged,2026-06-07T18:57:00,2026-06-08T01:21:00,dpalmer@northharbor.health,true
WBK000486,TAP000706,phi_column_classification,tactical,metadata_patch,northharbor/dbt-healthcare-analytics#1686,merged,2026-06-19T13:35:00,2026-06-19T16:56:00,mkeller@northharbor.health,true
WBK000487,TAP000707,phi_column_classification,tactical,metadata_patch,northharbor/dbt-healthcare-analytics#1687,merged,2026-06-11T14:33:00,2026-06-12T14:45:00,mkeller@northharbor.health,true
WBK000488,TAP000709,phi_column_classification,tactical,metadata_patch,northharbor/dbt-healthcare-analytics#1688,merged,2026-06-12T12:37:00,2026-06-12T15:57:00,ptran@northharbor.health,true
WBK000489,TAP000711,phi_column_classification,tactical,metadata_patch,northharbor/dbt-healthcare-analytics#1689,merged,2026-06-02T14:46:00,2026-06-03T00:08:00,mkeller@northharbor.health,true
WBK000490,TAP000712,phi_column_classification,tactical,metadata_patch,northharbor/dbt-healthcare-analytics#1690,merged,2026-06-10T17:52:00,2026-06-12T02:57:00,hyusuf@northharbor.health,true
WBK000491,TAP000713,phi_column_classification,tactical,metadata_patch,northharbor/dbt-healthcare-analytics#1691,merged,2026-06-29T14:33:00,2026-06-30T15:15:00,hyusuf@northharbor.health,true
WBK000492,TAP000715,phi_column_classification,tactical,metadata_patch,northharbor/dbt-healthcare-analytics#1692,merged,2026-06-06T12:43:00,2026-06-06T15:20:00,egarrido@northharbor.health,true
WBK000493,TAP000717,phi_column_classification,tactical,metadata_patch,northharbor/dbt-healthcare-analytics#1693,merged,2026-06-11T01:48:00,2026-06-11T10:58:00,egarrido@northharbor.health,true
WBK000494,TAP000718,phi_column_classification,tactical,metadata_patch,northharbor/dbt-healthcare-analytics#1694,open,2026-06-01T18:17:00,,egarrido@northharbor.health,true
WBK000495,TAP000720,phi_column_classification,tactical,metadata_patch,northharbor/dbt-healthcare-analytics#1695,merged,2026-06-03T22:09:00,2026-06-04T22:04:00,dpalmer@northharbor.health,true
WBK000496,TAP000721,phi_column_classification,tactical,metadata_patch,northharbor/dbt-healthcare-analytics#1696,closed,2026-06-29T10:34:00,,egarrido@northharbor.health,true
WBK000497,TAP000722,phi_column_classification,tactical,metadata_patch,northharbor/dbt-healthcare-analytics#1697,merged,2026-06-29T13:05:00,2026-06-30T02:41:00,egarrido@northharbor.health,true
WBK000498,TAP000723,phi_column_classification,tactical,metadata_patch,northharbor/dbt-healthcare-analytics#1698,merged,2026-06-28T05:26:00,2026-06-28T23:54:00,hyusuf@northharbor.health,true
WBK000499,TAP000725,phi_column_classification,tactical,metadata_patch,northharbor/dbt-healthcare-analytics#1699,merged,2026-06-06T22:37:00,2026-06-08T03:20:00,egarrido@northharbor.health,true
WBK000500,TAP000727,phi_column_classification,tactical,metadata_patch,northharbor/dbt-healthcare-analytics#1700,merged,2026-06-21T17:51:00,2026-06-22T04:03:00,mkeller@northharbor.health,true
WBK000501,TAP000729,phi_column_classification,tactical,metadata_patch,northharbor/dbt-healthcare-analytics#1701,open,2026-06-03T13:22:00,,swhitaker@northharbor.health,true
WBK000502,TAP000731,phi_column_classification,tactical,metadata_patch,northharbor/dbt-healthcare-analytics#1702,merged,2026-06-07T16:27:00,2026-06-08T22:22:00,mkeller@northharbor.health,true
WBK000503,TAP000732,phi_column_classification,tactical,metadata_patch,northharbor/dbt-healthcare-analytics#1703,closed,2026-06-19T17:39:00,,hyusuf@northharbor.health,true
WBK000504,TAP000733,phi_column_classification,tactical,metadata_patch,northharbor/dbt-healthcare-analytics#1704,merged,2026-06-07T14:01:00,2026-06-08T19:44:00,hyusuf@northharbor.health,true
WBK000505,TAP000734,phi_column_classification,tactical,metadata_patch,northharbor/dbt-healthcare-analytics#1705,merged,2026-06-14T12:24:00,2026-06-14T14:36:00,swhitaker@northharbor.health,true
WBK000506,TAP000735,phi_column_classification,tactical,metadata_patch,northharbor/dbt-healthcare-analytics#1706,merged,2026-06-05T17:51:00,2026-06-06T08:07:00,egarrido@northharbor.health,true
WBK000507,TAP000737,phi_column_classification,tactical,metadata_patch,northharbor/dbt-healthcare-analytics#1707,merged,2026-06-21T01:26:00,2026-06-21T07:04:00,dpalmer@northharbor.health,true
WBK000508,TAP000738,phi_column_classification,tactical,metadata_patch,northharbor/dbt-healthcare-analytics#1708,merged,2026-06-26T02:38:00,2026-06-26T21:50:00,hyusuf@northharbor.health,true
WBK000509,TAP000739,phi_column_classification,tactical,metadata_patch,northharbor/dbt-healthcare-analytics#1709,merged,2026-06-19T16:42:00,2026-06-20T06:03:00,ptran@northharbor.health,true
WBK000510,TAP000740,phi_column_classification,tactical,metadata_patch,northharbor/dbt-healthcare-analytics#1710,merged,2026-06-04T03:11:00,2026-06-05T02:34:00,hyusuf@northharbor.health,true
WBK000511,TAP000741,phi_column_classification,tactical,metadata_patch,northharbor/dbt-healthcare-analytics#1711,merged,2026-06-21T12:20:00,2026-06-22T21:01:00,ptran@northharbor.health,true
WBK000512,TAP000742,phi_column_classification,tactical,metadata_patch,northharbor/dbt-healthcare-analytics#1712,merged,2026-06-11T13:39:00,2026-06-12T16:54:00,egarrido@northharbor.health,true
WBK000513,TAP000743,phi_column_classification,tactical,metadata_patch,northharbor/dbt-healthcare-analytics#1713,merged,2026-06-27T16:27:00,2026-06-28T23:32:00,hyusuf@northharbor.health,true
WBK000514,TAP000744,phi_column_classification,tactical,metadata_patch,northharbor/dbt-healthcare-analytics#1714,merged,2026-06-21T15:27:00,2026-06-22T04:36:00,hyusuf@northharbor.health,true
WBK000515,TAP000745,phi_column_classification,tactical,metadata_patch,northharbor/dbt-healthcare-analytics#1715,merged,2026-06-23T10:58:00,2026-06-24T09:28:00,swhitaker@northharbor.health,true
WBK000516,TAP000746,phi_column_classification,tactical,metadata_patch,northharbor/dbt-healthcare-analytics#1716,merged,2026-06-30T10:53:00,2026-07-02T05:14:00,ptran@northharbor.health,true
WBK000517,TAP000747,phi_column_classification,tactical,metadata_patch,northharbor/dbt-healthcare-analytics#1717,merged,2026-06-19T13:58:00,2026-06-20T19:57:00,dpalmer@northharbor.health,true
WBK000518,TAP000748,phi_column_classification,tactical,metadata_patch,northharbor/dbt-healthcare-analytics#1718,merged,2026-06-02T11:25:00,2026-06-03T09:55:00,egarrido@northharbor.health,true
WBK000519,TAP000749,phi_column_classification,tactical,metadata_patch,northharbor/dbt-healthcare-analytics#1719,merged,2026-06-25T13:32:00,2026-06-27T07:19:00,swhitaker@northharbor.health,true
WBK000520,TAP000751,phi_column_classification,tactical,metadata_patch,northharbor/dbt-healthcare-analytics#1720,merged,2026-06-25T12:42:00,2026-06-26T20:36:00,hyusuf@northharbor.health,true
WBK000521,TAP000752,phi_column_classification,tactical,metadata_patch,northharbor/dbt-healthcare-analytics#1721,merged,2026-06-19T18:23:00,2026-06-21T11:19:00,swhitaker@northharbor.health,true
WBK000522,TAP000753,phi_column_classification,tactical,metadata_patch,northharbor/dbt-healthcare-analytics#1722,merged,2026-06-23T22:38:00,2026-06-25T00:17:00,egarrido@northharbor.health,true
WBK000523,TAP000754,phi_column_classification,tactical,metadata_patch,northharbor/dbt-healthcare-analytics#1723,merged,2026-06-17T09:44:00,2026-06-18T10:47:00,ptran@northharbor.health,true
WBK000524,TAP000755,phi_column_classification,tactical,metadata_patch,northharbor/dbt-healthcare-analytics#1724,merged,2026-06-24T16:16:00,2026-06-26T05:17:00,swhitaker@northharbor.health,true
WBK000525,TAP000756,phi_column_classification,tactical,metadata_patch,northharbor/dbt-healthcare-analytics#1725,merged,2026-06-01T16:06:00,2026-06-03T10:27:00,mkeller@northharbor.health,true
WBK000526,TAP000757,phi_column_classification,tactical,metadata_patch,northharbor/dbt-healthcare-analytics#1726,merged,2026-06-03T19:15:00,2026-06-04T07:41:00,mkeller@northharbor.health,true
WBK000527,TAP000759,phi_column_classification,tactical,metadata_patch,northharbor/dbt-healthcare-analytics#1727,merged,2026-06-06T19:03:00,2026-06-07T18:50:00,mkeller@northharbor.health,true
WBK000528,TAP000760,phi_column_classification,tactical,metadata_patch,northharbor/dbt-healthcare-analytics#1728,open,2026-06-22T14:13:00,,swhitaker@northharbor.health,true
WBK000529,TAP000761,phi_column_classification,tactical,metadata_patch,northharbor/dbt-healthcare-analytics#1729,merged,2026-06-16T01:45:00,2026-06-16T05:00:00,dpalmer@northharbor.health,true
WBK000530,TAP000762,phi_column_classification,tactical,metadata_patch,northharbor/dbt-healthcare-analytics#1730,merged,2026-06-25T19:37:00,2026-06-25T22:14:00,dpalmer@northharbor.health,true
WBK000531,TAP000763,phi_column_classification,tactical,metadata_patch,northharbor/dbt-healthcare-analytics#1731,merged,2026-06-09T13:44:00,2026-06-10T17:49:00,hyusuf@northharbor.health,true
WBK000532,TAP000765,phi_column_classification,tactical,metadata_patch,northharbor/dbt-healthcare-analytics#1732,merged,2026-06-20T11:51:00,2026-06-21T06:46:00,swhitaker@northharbor.health,true
WBK000533,TAP000766,revenue_definition_change,strategic,pull_request,northharbor/dbt-healthcare-analytics#1733,merged,2026-06-29T01:50:00,2026-06-29T19:47:00,mkeller@northharbor.health,false
WBK000534,TAP000767,revenue_definition_change,strategic,pull_request,northharbor/dbt-healthcare-analytics#1734,merged,2026-06-13T09:36:00,2026-06-14T12:59:00,swhitaker@northharbor.health,false
WBK000535,TAP000768,revenue_definition_change,strategic,pull_request,northharbor/dbt-healthcare-analytics#1735,merged,2026-06-07T09:26:00,2026-06-08T12:00:00,swhitaker@northharbor.health,false
WBK000536,TAP000769,revenue_definition_change,strategic,pull_request,northharbor/dbt-healthcare-analytics#1736,closed,2026-06-03T18:14:00,,hyusuf@northharbor.health,false
WBK000537,TAP000770,revenue_definition_change,strategic,pull_request,northharbor/dbt-healthcare-analytics#1737,merged,2026-06-24T12:06:00,2026-06-25T02:28:00,ptran@northharbor.health,false
WBK000538,TAP000771,quality_measure_criteria,strategic,pull_request,northharbor/dbt-healthcare-analytics#1738,merged,2026-06-29T05:10:00,2026-06-30T16:28:00,swhitaker@northharbor.health,false
WBK000539,TAP000772,quality_measure_criteria,strategic,pull_request,northharbor/dbt-healthcare-analytics#1739,merged,2026-06-20T05:32:00,2026-06-20T06:59:00,swhitaker@northharbor.health,false
WBK000540,TAP000773,quality_measure_criteria,strategic,pull_request,northharbor/dbt-healthcare-analytics#1740,merged,2026-06-29T18:59:00,2026-06-30T15:48:00,mkeller@northharbor.health,false
WBK000541,TAP000774,source_freshness_ownership,tactical,pull_request,northharbor/dbt-healthcare-analytics#1741,merged,2026-06-02T15:13:00,2026-06-03T15:29:00,swhitaker@northharbor.health,true
WBK000542,TAP000775,source_freshness_ownership,tactical,pull_request,northharbor/dbt-healthcare-analytics#1742,merged,2026-06-01T12:03:00,2026-06-01T14:42:00,dpalmer@northharbor.health,true
WBK000543,TAP000776,source_freshness_ownership,tactical,pull_request,northharbor/dbt-healthcare-analytics#1743,closed,2026-06-23T16:31:00,,dpalmer@northharbor.health,true
WBK000544,TAP000777,source_freshness_ownership,tactical,pull_request,northharbor/dbt-healthcare-analytics#1744,open,2026-06-23T18:27:00,,swhitaker@northharbor.health,true
WBK000545,TAP000778,source_freshness_ownership,tactical,pull_request,northharbor/dbt-healthcare-analytics#1745,merged,2026-06-08T15:00:00,2026-06-10T04:08:00,ptran@northharbor.health,true
WBK000546,TAP000779,source_freshness_ownership,tactical,pull_request,northharbor/dbt-healthcare-analytics#1746,merged,2026-06-16T14:20:00,2026-06-17T20:18:00,swhitaker@northharbor.health,true
WBK000547,TAP000780,source_freshness_ownership,tactical,pull_request,northharbor/dbt-healthcare-analytics#1747,open,2026-06-29T14:19:00,,mkeller@northharbor.health,true
WBK000548,TAP000781,source_freshness_ownership,tactical,pull_request,northharbor/dbt-healthcare-analytics#1748,closed,2026-06-05T17:06:00,,swhitaker@northharbor.health,true
WBK000549,TAP000782,source_freshness_ownership,tactical,pull_request,northharbor/dbt-healthcare-analytics#1749,open,2026-06-28T15:27:00,,dpalmer@northharbor.health,true
WBK000550,TAP000784,metric_deprecation,strategic,pull_request,northharbor/dbt-healthcare-analytics#1750,merged,2026-06-21T02:09:00,2026-06-22T00:40:00,swhitaker@northharbor.health,false
WBK000551,TAP000785,metric_deprecation,strategic,pull_request,northharbor/dbt-healthcare-analytics#1751,merged,2026-06-24T14:12:00,2026-06-26T01:14:00,egarrido@northharbor.health,false
WBK000552,TAP000786,metric_deprecation,strategic,pull_request,northharbor/dbt-healthcare-analytics#1752,open,2026-06-24T03:28:00,,egarrido@northharbor.health,false
WBK000553,TAP000787,metric_deprecation,strategic,pull_request,northharbor/dbt-healthcare-analytics#1753,open,2026-06-28T21:12:00,,ptran@northharbor.health,false
WBK000554,TAP000788,metric_deprecation,strategic,pull_request,northharbor/dbt-healthcare-analytics#1754,merged,2026-06-21T02:40:00,2026-06-22T10:14:00,swhitaker@northharbor.health,false
WBK000555,TAP000789,metric_deprecation,strategic,pull_request,northharbor/dbt-healthcare-analytics#1755,merged,2026-06-07T19:20:00,2026-06-08T09:16:00,hyusuf@northharbor.health,false
WBK000556,TAP000790,metric_deprecation,strategic,pull_request,northharbor/dbt-healthcare-analytics#1756,merged,2026-06-14T11:23:00,2026-06-15T19:13:00,dpalmer@northharbor.health,false
WBK000557,TAP000792,metric_deprecation,strategic,pull_request,northharbor/dbt-healthcare-analytics#1757,merged,2026-06-16T01:09:00,2026-06-17T02:27:00,ptran@northharbor.health,false
WBK000558,TAP000793,denial_reason_classification,tactical,override_table,tapiq_overrides.denial_reason_category,applied,2026-07-02T13:27:00,2026-07-02T13:27:00,,true
WBK000559,TAP000794,denial_reason_classification,tactical,override_table,tapiq_overrides.denial_reason_category,applied,2026-07-12T14:22:00,2026-07-12T14:22:00,,true
WBK000560,TAP000795,denial_reason_classification,tactical,override_table,tapiq_overrides.denial_reason_category,applied,2026-07-16T16:28:00,2026-07-16T16:28:00,,true
WBK000561,TAP000796,denial_reason_classification,tactical,override_table,tapiq_overrides.denial_reason_category,applied,2026-07-05T17:52:00,2026-07-05T17:52:00,,true
WBK000562,TAP000797,denial_reason_classification,tactical,override_table,tapiq_overrides.denial_reason_category,applied,2026-07-17T11:13:00,2026-07-17T11:13:00,,true
WBK000563,TAP000798,denial_reason_classification,tactical,override_table,tapiq_overrides.denial_reason_category,applied,2026-07-25T12:23:00,2026-07-25T12:23:00,,true
WBK000564,TAP000799,denial_reason_classification,tactical,override_table,tapiq_overrides.denial_reason_category,applied,2026-07-07T11:36:00,2026-07-07T11:36:00,,true
WBK000565,TAP000802,encounter_type_mapping,tactical,override_table,tapiq_overrides.visit_type_map,applied,2026-07-30T15:18:00,2026-07-30T15:18:00,,true
WBK000566,TAP000803,encounter_type_mapping,tactical,override_table,tapiq_overrides.visit_type_map,applied,2026-07-27T09:14:00,2026-07-27T09:14:00,,true
WBK000567,TAP000804,phi_column_classification,tactical,metadata_patch,northharbor/dbt-healthcare-analytics#1767,merged,2026-07-29T21:30:00,2026-07-30T14:49:00,hyusuf@northharbor.health,true
WBK000568,TAP000805,phi_column_classification,tactical,metadata_patch,northharbor/dbt-healthcare-analytics#1768,merged,2026-07-30T21:20:00,2026-07-31T19:35:00,ptran@northharbor.health,true
WBK000569,TAP000806,phi_column_classification,tactical,metadata_patch,northharbor/dbt-healthcare-analytics#1769,merged,2026-07-09T11:02:00,2026-07-10T00:52:00,dpalmer@northharbor.health,true
WBK000570,TAP000809,phi_column_classification,tactical,metadata_patch,northharbor/dbt-healthcare-analytics#1770,merged,2026-07-10T16:03:00,2026-07-12T05:36:00,mkeller@northharbor.health,true
WBK000571,TAP000810,phi_column_classification,tactical,metadata_patch,northharbor/dbt-healthcare-analytics#1771,open,2026-07-27T13:26:00,,dpalmer@northharbor.health,true
WBK000572,TAP000811,phi_column_classification,tactical,metadata_patch,northharbor/dbt-healthcare-analytics#1772,closed,2026-07-30T15:28:00,,dpalmer@northharbor.health,true
WBK000573,TAP000812,phi_column_classification,tactical,metadata_patch,northharbor/dbt-healthcare-analytics#1773,merged,2026-07-27T12:56:00,2026-07-28T17:40:00,dpalmer@northharbor.health,true
WBK000574,TAP000813,phi_column_classification,tactical,metadata_patch,northharbor/dbt-healthcare-analytics#1774,merged,2026-07-21T15:01:00,2026-07-22T13:24:00,hyusuf@northharbor.health,true
WBK000575,TAP000814,phi_column_classification,tactical,metadata_patch,northharbor/dbt-healthcare-analytics#1775,closed,2026-07-24T02:29:00,,ptran@northharbor.health,true
WBK000576,TAP000815,phi_column_classification,tactical,metadata_patch,northharbor/dbt-healthcare-analytics#1776,merged,2026-07-13T11:21:00,2026-07-15T03:10:00,mkeller@northharbor.health,true
WBK000577,TAP000817,phi_column_classification,tactical,metadata_patch,northharbor/dbt-healthcare-analytics#1777,merged,2026-07-09T21:07:00,2026-07-11T07:05:00,egarrido@northharbor.health,true
WBK000578,TAP000818,phi_column_classification,tactical,metadata_patch,northharbor/dbt-healthcare-analytics#1778,merged,2026-07-21T11:56:00,2026-07-22T12:56:00,ptran@northharbor.health,true
WBK000579,TAP000819,phi_column_classification,tactical,metadata_patch,northharbor/dbt-healthcare-analytics#1779,merged,2026-07-18T10:41:00,2026-07-19T19:09:00,dpalmer@northharbor.health,true
WBK000580,TAP000821,phi_column_classification,tactical,metadata_patch,northharbor/dbt-healthcare-analytics#1780,merged,2026-07-04T19:44:00,2026-07-06T07:09:00,swhitaker@northharbor.health,true
WBK000581,TAP000822,phi_column_classification,tactical,metadata_patch,northharbor/dbt-healthcare-analytics#1781,merged,2026-07-02T21:12:00,2026-07-03T11:59:00,dpalmer@northharbor.health,true
WBK000582,TAP000823,phi_column_classification,tactical,metadata_patch,northharbor/dbt-healthcare-analytics#1782,merged,2026-07-21T16:46:00,2026-07-22T00:53:00,hyusuf@northharbor.health,true
WBK000583,TAP000827,phi_column_classification,tactical,metadata_patch,northharbor/dbt-healthcare-analytics#1783,merged,2026-07-03T16:50:00,2026-07-04T01:54:00,ptran@northharbor.health,true
WBK000584,TAP000829,phi_column_classification,tactical,metadata_patch,northharbor/dbt-healthcare-analytics#1784,merged,2026-07-22T11:36:00,2026-07-22T23:00:00,ptran@northharbor.health,true
WBK000585,TAP000830,phi_column_classification,tactical,metadata_patch,northharbor/dbt-healthcare-analytics#1785,open,2026-07-27T18:02:00,,mkeller@northharbor.health,true
WBK000586,TAP000832,phi_column_classification,tactical,metadata_patch,northharbor/dbt-healthcare-analytics#1786,merged,2026-07-24T19:20:00,2026-07-26T09:57:00,hyusuf@northharbor.health,true
WBK000587,TAP000833,phi_column_classification,tactical,metadata_patch,northharbor/dbt-healthcare-analytics#1787,merged,2026-07-14T18:21:00,2026-07-15T02:08:00,dpalmer@northharbor.health,true
WBK000588,TAP000836,phi_column_classification,tactical,metadata_patch,northharbor/dbt-healthcare-analytics#1788,merged,2026-07-27T18:26:00,2026-07-28T09:14:00,dpalmer@northharbor.health,true
WBK000589,TAP000839,phi_column_classification,tactical,metadata_patch,northharbor/dbt-healthcare-analytics#1789,open,2026-07-18T19:40:00,,dpalmer@northharbor.health,true
WBK000590,TAP000840,phi_column_classification,tactical,metadata_patch,northharbor/dbt-healthcare-analytics#1790,merged,2026-07-10T20:41:00,2026-07-10T22:35:00,egarrido@northharbor.health,true
WBK000591,TAP000842,phi_column_classification,tactical,metadata_patch,northharbor/dbt-healthcare-analytics#1791,open,2026-07-21T18:11:00,,hyusuf@northharbor.health,true
WBK000592,TAP000843,phi_column_classification,tactical,metadata_patch,northharbor/dbt-healthcare-analytics#1792,merged,2026-07-15T13:25:00,2026-07-17T05:53:00,ptran@northharbor.health,true
WBK000593,TAP000845,phi_column_classification,tactical,metadata_patch,northharbor/dbt-healthcare-analytics#1793,merged,2026-07-11T17:52:00,2026-07-13T03:03:00,ptran@northharbor.health,true
WBK000594,TAP000846,phi_column_classification,tactical,metadata_patch,northharbor/dbt-healthcare-analytics#1794,merged,2026-07-25T16:51:00,2026-07-26T15:07:00,egarrido@northharbor.health,true
WBK000595,TAP000847,phi_column_classification,tactical,metadata_patch,northharbor/dbt-healthcare-analytics#1795,merged,2026-07-20T18:24:00,2026-07-21T14:45:00,egarrido@northharbor.health,true
WBK000596,TAP000848,phi_column_classification,tactical,metadata_patch,northharbor/dbt-healthcare-analytics#1796,merged,2026-07-31T15:42:00,2026-07-31T19:07:00,egarrido@northharbor.health,true
WBK000597,TAP000850,phi_column_classification,tactical,metadata_patch,northharbor/dbt-healthcare-analytics#1797,merged,2026-07-20T13:32:00,2026-07-21T14:52:00,swhitaker@northharbor.health,true
WBK000598,TAP000851,phi_column_classification,tactical,metadata_patch,northharbor/dbt-healthcare-analytics#1798,merged,2026-07-06T00:26:00,2026-07-06T07:21:00,ptran@northharbor.health,true
WBK000599,TAP000852,phi_column_classification,tactical,metadata_patch,northharbor/dbt-healthcare-analytics#1799,merged,2026-07-07T17:58:00,2026-07-07T22:05:00,egarrido@northharbor.health,true
WBK000600,TAP000853,phi_column_classification,tactical,metadata_patch,northharbor/dbt-healthcare-analytics#1800,merged,2026-07-28T14:24:00,2026-07-29T04:11:00,hyusuf@northharbor.health,true
WBK000601,TAP000855,phi_column_classification,tactical,metadata_patch,northharbor/dbt-healthcare-analytics#1801,merged,2026-07-25T11:46:00,2026-07-27T04:25:00,dpalmer@northharbor.health,true
WBK000602,TAP000856,phi_column_classification,tactical,metadata_patch,northharbor/dbt-healthcare-analytics#1802,closed,2026-07-01T12:03:00,,mkeller@northharbor.health,true
WBK000603,TAP000859,phi_column_classification,tactical,metadata_patch,northharbor/dbt-healthcare-analytics#1803,closed,2026-07-28T17:21:00,,ptran@northharbor.health,true
WBK000604,TAP000861,phi_column_classification,tactical,metadata_patch,northharbor/dbt-healthcare-analytics#1804,merged,2026-07-09T22:34:00,2026-07-10T08:29:00,ptran@northharbor.health,true
WBK000605,TAP000862,phi_column_classification,tactical,metadata_patch,northharbor/dbt-healthcare-analytics#1805,merged,2026-07-12T17:09:00,2026-07-13T05:22:00,ptran@northharbor.health,true
WBK000606,TAP000864,phi_column_classification,tactical,metadata_patch,northharbor/dbt-healthcare-analytics#1806,merged,2026-07-22T21:32:00,2026-07-23T23:34:00,swhitaker@northharbor.health,true
WBK000607,TAP000866,phi_column_classification,tactical,metadata_patch,northharbor/dbt-healthcare-analytics#1807,open,2026-07-22T12:33:00,,swhitaker@northharbor.health,true
WBK000608,TAP000868,phi_column_classification,tactical,metadata_patch,northharbor/dbt-healthcare-analytics#1808,merged,2026-07-11T23:18:00,2026-07-13T06:31:00,ptran@northharbor.health,true
WBK000609,TAP000869,phi_column_classification,tactical,metadata_patch,northharbor/dbt-healthcare-analytics#1809,merged,2026-07-11T19:35:00,2026-07-11T22:54:00,mkeller@northharbor.health,true
WBK000610,TAP000870,phi_column_classification,tactical,metadata_patch,northharbor/dbt-healthcare-analytics#1810,merged,2026-07-07T14:50:00,2026-07-08T09:54:00,swhitaker@northharbor.health,true
WBK000611,TAP000871,phi_column_classification,tactical,metadata_patch,northharbor/dbt-healthcare-analytics#1811,merged,2026-07-22T13:13:00,2026-07-24T05:17:00,ptran@northharbor.health,true
WBK000612,TAP000873,phi_column_classification,tactical,metadata_patch,northharbor/dbt-healthcare-analytics#1812,merged,2026-07-07T18:09:00,2026-07-07T22:16:00,egarrido@northharbor.health,true
WBK000613,TAP000875,phi_column_classification,tactical,metadata_patch,northharbor/dbt-healthcare-analytics#1813,merged,2026-07-13T18:12:00,2026-07-15T01:34:00,swhitaker@northharbor.health,true
WBK000614,TAP000877,phi_column_classification,tactical,metadata_patch,northharbor/dbt-healthcare-analytics#1814,merged,2026-07-07T15:12:00,2026-07-08T10:50:00,dpalmer@northharbor.health,true
WBK000615,TAP000879,phi_column_classification,tactical,metadata_patch,northharbor/dbt-healthcare-analytics#1815,merged,2026-07-16T15:25:00,2026-07-18T09:18:00,hyusuf@northharbor.health,true
WBK000616,TAP000880,phi_column_classification,tactical,metadata_patch,northharbor/dbt-healthcare-analytics#1816,merged,2026-07-24T13:30:00,2026-07-24T14:57:00,hyusuf@northharbor.health,true
WBK000617,TAP000881,phi_column_classification,tactical,metadata_patch,northharbor/dbt-healthcare-analytics#1817,open,2026-07-23T18:34:00,,ptran@northharbor.health,true
WBK000618,TAP000882,phi_column_classification,tactical,metadata_patch,northharbor/dbt-healthcare-analytics#1818,merged,2026-07-03T15:25:00,2026-07-03T22:53:00,hyusuf@northharbor.health,true
WBK000619,TAP000883,phi_column_classification,tactical,metadata_patch,northharbor/dbt-healthcare-analytics#1819,merged,2026-07-26T18:26:00,2026-07-27T04:03:00,hyusuf@northharbor.health,true
WBK000620,TAP000887,phi_column_classification,tactical,metadata_patch,northharbor/dbt-healthcare-analytics#1820,merged,2026-07-06T15:43:00,2026-07-07T12:22:00,ptran@northharbor.health,true
WBK000621,TAP000888,phi_column_classification,tactical,metadata_patch,northharbor/dbt-healthcare-analytics#1821,merged,2026-07-30T18:18:00,2026-07-31T07:28:00,mkeller@northharbor.health,true
WBK000622,TAP000891,phi_column_classification,tactical,metadata_patch,northharbor/dbt-healthcare-analytics#1822,merged,2026-07-17T18:30:00,2026-07-17T21:53:00,mkeller@northharbor.health,true
WBK000623,TAP000895,phi_column_classification,tactical,metadata_patch,northharbor/dbt-healthcare-analytics#1823,open,2026-07-30T19:43:00,,dpalmer@northharbor.health,true
WBK000624,TAP000896,phi_column_classification,tactical,metadata_patch,northharbor/dbt-healthcare-analytics#1824,merged,2026-07-27T18:55:00,2026-07-29T12:54:00,egarrido@northharbor.health,true
WBK000625,TAP000897,phi_column_classification,tactical,metadata_patch,northharbor/dbt-healthcare-analytics#1825,merged,2026-07-02T14:45:00,2026-07-04T03:05:00,egarrido@northharbor.health,true
WBK000626,TAP000898,phi_column_classification,tactical,metadata_patch,northharbor/dbt-healthcare-analytics#1826,closed,2026-07-08T19:16:00,,egarrido@northharbor.health,true
WBK000627,TAP000899,phi_column_classification,tactical,metadata_patch,northharbor/dbt-healthcare-analytics#1827,merged,2026-07-21T18:58:00,2026-07-21T23:31:00,dpalmer@northharbor.health,true
WBK000628,TAP000901,phi_column_classification,tactical,metadata_patch,northharbor/dbt-healthcare-analytics#1828,merged,2026-07-04T13:28:00,2026-07-06T03:59:00,mkeller@northharbor.health,true
WBK000629,TAP000902,phi_column_classification,tactical,metadata_patch,northharbor/dbt-healthcare-analytics#1829,merged,2026-07-13T13:37:00,2026-07-15T08:51:00,mkeller@northharbor.health,true
WBK000630,TAP000903,phi_column_classification,tactical,metadata_patch,northharbor/dbt-healthcare-analytics#1830,merged,2026-07-11T12:02:00,2026-07-11T15:24:00,swhitaker@northharbor.health,true
WBK000631,TAP000904,phi_column_classification,tactical,metadata_patch,northharbor/dbt-healthcare-analytics#1831,merged,2026-07-24T13:09:00,2026-07-25T21:13:00,hyusuf@northharbor.health,true
WBK000632,TAP000905,phi_column_classification,tactical,metadata_patch,northharbor/dbt-healthcare-analytics#1832,merged,2026-07-10T15:52:00,2026-07-10T20:55:00,mkeller@northharbor.health,true
WBK000633,TAP000908,phi_column_classification,tactical,metadata_patch,northharbor/dbt-healthcare-analytics#1833,merged,2026-07-10T14:39:00,2026-07-11T22:21:00,mkeller@northharbor.health,true
WBK000634,TAP000909,phi_column_classification,tactical,metadata_patch,northharbor/dbt-healthcare-analytics#1834,open,2026-07-01T21:01:00,,mkeller@northharbor.health,true
WBK000635,TAP000910,phi_column_classification,tactical,metadata_patch,northharbor/dbt-healthcare-analytics#1835,merged,2026-07-30T13:45:00,2026-07-31T05:40:00,mkeller@northharbor.health,true
WBK000636,TAP000911,phi_column_classification,tactical,metadata_patch,northharbor/dbt-healthcare-analytics#1836,closed,2026-07-02T13:43:00,,ptran@northharbor.health,true
WBK000637,TAP000912,phi_column_classification,tactical,metadata_patch,northharbor/dbt-healthcare-analytics#1837,merged,2026-07-15T10:48:00,2026-07-15T14:31:00,dpalmer@northharbor.health,true
WBK000638,TAP000913,phi_column_classification,tactical,metadata_patch,northharbor/dbt-healthcare-analytics#1838,closed,2026-07-02T14:31:00,,mkeller@northharbor.health,true
WBK000639,TAP000914,phi_column_classification,tactical,metadata_patch,northharbor/dbt-healthcare-analytics#1839,merged,2026-07-15T14:04:00,2026-07-16T20:10:00,mkeller@northharbor.health,true
WBK000640,TAP000916,phi_column_classification,tactical,metadata_patch,northharbor/dbt-healthcare-analytics#1840,merged,2026-07-12T10:26:00,2026-07-13T18:04:00,egarrido@northharbor.health,true
WBK000641,TAP000917,phi_column_classification,tactical,metadata_patch,northharbor/dbt-healthcare-analytics#1841,merged,2026-07-14T13:23:00,2026-07-15T09:34:00,dpalmer@northharbor.health,true
WBK000642,TAP000918,phi_column_classification,tactical,metadata_patch,northharbor/dbt-healthcare-analytics#1842,merged,2026-07-19T20:57:00,2026-07-20T12:42:00,mkeller@northharbor.health,true
WBK000643,TAP000920,phi_column_classification,tactical,metadata_patch,northharbor/dbt-healthcare-analytics#1843,merged,2026-07-03T08:44:00,2026-07-04T01:09:00,hyusuf@northharbor.health,true
WBK000644,TAP000922,phi_column_classification,tactical,metadata_patch,northharbor/dbt-healthcare-analytics#1844,merged,2026-07-01T19:19:00,2026-07-02T11:43:00,hyusuf@northharbor.health,true
WBK000645,TAP000923,phi_column_classification,tactical,metadata_patch,northharbor/dbt-healthcare-analytics#1845,merged,2026-07-28T17:41:00,2026-07-28T20:19:00,mkeller@northharbor.health,true
WBK000646,TAP000924,phi_column_classification,tactical,metadata_patch,northharbor/dbt-healthcare-analytics#1846,merged,2026-07-24T15:33:00,2026-07-25T14:02:00,dpalmer@northharbor.health,true
WBK000647,TAP000925,phi_column_classification,tactical,metadata_patch,northharbor/dbt-healthcare-analytics#1847,merged,2026-07-08T17:56:00,2026-07-09T03:06:00,ptran@northharbor.health,true
WBK000648,TAP000926,phi_column_classification,tactical,metadata_patch,northharbor/dbt-healthcare-analytics#1848,merged,2026-07-10T13:50:00,2026-07-10T14:46:00,ptran@northharbor.health,true
WBK000649,TAP000927,phi_column_classification,tactical,metadata_patch,northharbor/dbt-healthcare-analytics#1849,merged,2026-07-26T17:41:00,2026-07-27T14:30:00,mkeller@northharbor.health,true
WBK000650,TAP000928,phi_column_classification,tactical,metadata_patch,northharbor/dbt-healthcare-analytics#1850,merged,2026-07-11T14:24:00,2026-07-13T00:09:00,ptran@northharbor.health,true
WBK000651,TAP000930,phi_column_classification,tactical,metadata_patch,northharbor/dbt-healthcare-analytics#1851,merged,2026-07-02T15:19:00,2026-07-02T23:31:00,egarrido@northharbor.health,true
WBK000652,TAP000931,phi_column_classification,tactical,metadata_patch,northharbor/dbt-healthcare-analytics#1852,open,2026-07-08T13:26:00,,egarrido@northharbor.health,true
WBK000653,TAP000933,phi_column_classification,tactical,metadata_patch,northharbor/dbt-healthcare-analytics#1853,merged,2026-07-12T13:51:00,2026-07-13T18:56:00,swhitaker@northharbor.health,true
WBK000654,TAP000934,phi_column_classification,tactical,metadata_patch,northharbor/dbt-healthcare-analytics#1854,merged,2026-07-29T17:14:00,2026-07-31T08:35:00,mkeller@northharbor.health,true
WBK000655,TAP000936,phi_column_classification,tactical,metadata_patch,northharbor/dbt-healthcare-analytics#1855,merged,2026-07-12T12:54:00,2026-07-13T16:56:00,hyusuf@northharbor.health,true
WBK000656,TAP000937,phi_column_classification,tactical,metadata_patch,northharbor/dbt-healthcare-analytics#1856,merged,2026-07-24T17:53:00,2026-07-25T19:08:00,dpalmer@northharbor.health,true
WBK000657,TAP000938,phi_column_classification,tactical,metadata_patch,northharbor/dbt-healthcare-analytics#1857,merged,2026-07-18T16:02:00,2026-07-19T08:06:00,dpalmer@northharbor.health,true
WBK000658,TAP000939,phi_column_classification,tactical,metadata_patch,northharbor/dbt-healthcare-analytics#1858,merged,2026-07-22T19:12:00,2026-07-23T18:27:00,swhitaker@northharbor.health,true
WBK000659,TAP000940,phi_column_classification,tactical,metadata_patch,northharbor/dbt-healthcare-analytics#1859,merged,2026-07-01T17:12:00,2026-07-02T20:52:00,dpalmer@northharbor.health,true
WBK000660,TAP000941,phi_column_classification,tactical,metadata_patch,northharbor/dbt-healthcare-analytics#1860,merged,2026-07-20T13:22:00,2026-07-20T19:48:00,dpalmer@northharbor.health,true
WBK000661,TAP000943,phi_column_classification,tactical,metadata_patch,northharbor/dbt-healthcare-analytics#1861,merged,2026-07-17T09:22:00,2026-07-18T10:04:00,dpalmer@northharbor.health,true
WBK000662,TAP000944,phi_column_classification,tactical,metadata_patch,northharbor/dbt-healthcare-analytics#1862,merged,2026-07-01T23:20:00,2026-07-03T00:46:00,dpalmer@northharbor.health,true
WBK000663,TAP000946,phi_column_classification,tactical,metadata_patch,northharbor/dbt-healthcare-analytics#1863,merged,2026-07-27T19:13:00,2026-07-28T11:39:00,swhitaker@northharbor.health,true
WBK000664,TAP000947,phi_column_classification,tactical,metadata_patch,northharbor/dbt-healthcare-analytics#1864,merged,2026-07-15T16:20:00,2026-07-16T05:56:00,ptran@northharbor.health,true
WBK000665,TAP000950,phi_column_classification,tactical,metadata_patch,northharbor/dbt-healthcare-analytics#1865,merged,2026-07-17T15:10:00,2026-07-17T15:51:00,dpalmer@northharbor.health,true
WBK000666,TAP000951,phi_column_classification,tactical,metadata_patch,northharbor/dbt-healthcare-analytics#1866,merged,2026-07-27T14:17:00,2026-07-28T16:08:00,dpalmer@northharbor.health,true
WBK000667,TAP000952,phi_column_classification,tactical,metadata_patch,northharbor/dbt-healthcare-analytics#1867,merged,2026-07-14T16:19:00,2026-07-15T11:03:00,dpalmer@northharbor.health,true
WBK000668,TAP000954,phi_column_classification,tactical,metadata_patch,northharbor/dbt-healthcare-analytics#1868,open,2026-07-03T11:19:00,,swhitaker@northharbor.health,true
WBK000669,TAP000955,phi_column_classification,tactical,metadata_patch,northharbor/dbt-healthcare-analytics#1869,merged,2026-07-14T17:16:00,2026-07-15T15:21:00,swhitaker@northharbor.health,true
WBK000670,TAP000956,phi_column_classification,tactical,metadata_patch,northharbor/dbt-healthcare-analytics#1870,open,2026-07-09T12:16:00,,mkeller@northharbor.health,true
WBK000671,TAP000958,phi_column_classification,tactical,metadata_patch,northharbor/dbt-healthcare-analytics#1871,merged,2026-07-05T15:33:00,2026-07-05T21:11:00,mkeller@northharbor.health,true
WBK000672,TAP000959,phi_column_classification,tactical,metadata_patch,northharbor/dbt-healthcare-analytics#1872,merged,2026-07-13T23:49:00,2026-07-14T17:20:00,ptran@northharbor.health,true
WBK000673,TAP000960,phi_column_classification,tactical,metadata_patch,northharbor/dbt-healthcare-analytics#1873,merged,2026-07-09T18:14:00,2026-07-09T21:32:00,egarrido@northharbor.health,true
WBK000674,TAP000962,phi_column_classification,tactical,metadata_patch,northharbor/dbt-healthcare-analytics#1874,merged,2026-07-23T17:10:00,2026-07-24T19:25:00,mkeller@northharbor.health,true
WBK000675,TAP000963,phi_column_classification,tactical,metadata_patch,northharbor/dbt-healthcare-analytics#1875,merged,2026-07-07T13:06:00,2026-07-09T00:36:00,swhitaker@northharbor.health,true
WBK000676,TAP000964,phi_column_classification,tactical,metadata_patch,northharbor/dbt-healthcare-analytics#1876,merged,2026-07-17T18:00:00,2026-07-18T00:36:00,dpalmer@northharbor.health,true
WBK000677,TAP000966,phi_column_classification,tactical,metadata_patch,northharbor/dbt-healthcare-analytics#1877,merged,2026-07-10T13:48:00,2026-07-11T20:41:00,mkeller@northharbor.health,true
WBK000678,TAP000967,phi_column_classification,tactical,metadata_patch,northharbor/dbt-healthcare-analytics#1878,merged,2026-07-15T19:51:00,2026-07-17T01:59:00,mkeller@northharbor.health,true
WBK000679,TAP000968,phi_column_classification,tactical,metadata_patch,northharbor/dbt-healthcare-analytics#1879,merged,2026-07-19T20:44:00,2026-07-20T19:03:00,ptran@northharbor.health,true
WBK000680,TAP000970,phi_column_classification,tactical,metadata_patch,northharbor/dbt-healthcare-analytics#1880,open,2026-07-02T12:00:00,,egarrido@northharbor.health,true
WBK000681,TAP000972,phi_column_classification,tactical,metadata_patch,northharbor/dbt-healthcare-analytics#1881,merged,2026-07-18T18:59:00,2026-07-19T00:36:00,hyusuf@northharbor.health,true
WBK000682,TAP000973,phi_column_classification,tactical,metadata_patch,northharbor/dbt-healthcare-analytics#1882,closed,2026-07-30T14:27:00,,hyusuf@northharbor.health,true
WBK000683,TAP000974,phi_column_classification,tactical,metadata_patch,northharbor/dbt-healthcare-analytics#1883,merged,2026-07-26T12:46:00,2026-07-27T08:31:00,hyusuf@northharbor.health,true
WBK000684,TAP000975,phi_column_classification,tactical,metadata_patch,northharbor/dbt-healthcare-analytics#1884,open,2026-07-28T09:21:00,,ptran@northharbor.health,true
WBK000685,TAP000976,phi_column_classification,tactical,metadata_patch,northharbor/dbt-healthcare-analytics#1885,merged,2026-07-16T22:34:00,2026-07-18T00:08:00,mkeller@northharbor.health,true
WBK000686,TAP000978,phi_column_classification,tactical,metadata_patch,northharbor/dbt-healthcare-analytics#1886,closed,2026-07-08T19:04:00,,dpalmer@northharbor.health,true
WBK000687,TAP000979,phi_column_classification,tactical,metadata_patch,northharbor/dbt-healthcare-analytics#1887,merged,2026-07-25T15:43:00,2026-07-26T02:50:00,egarrido@northharbor.health,true
WBK000688,TAP000981,phi_column_classification,tactical,metadata_patch,northharbor/dbt-healthcare-analytics#1888,merged,2026-07-10T16:35:00,2026-07-10T21:17:00,dpalmer@northharbor.health,true
WBK000689,TAP000982,phi_column_classification,tactical,metadata_patch,northharbor/dbt-healthcare-analytics#1889,merged,2026-07-19T13:23:00,2026-07-19T14:23:00,mkeller@northharbor.health,true
WBK000690,TAP000983,phi_column_classification,tactical,metadata_patch,northharbor/dbt-healthcare-analytics#1890,open,2026-07-24T16:53:00,,hyusuf@northharbor.health,true
WBK000691,TAP000984,phi_column_classification,tactical,metadata_patch,northharbor/dbt-healthcare-analytics#1891,merged,2026-07-22T23:43:00,2026-07-23T15:32:00,dpalmer@northharbor.health,true
WBK000692,TAP000985,phi_column_classification,tactical,metadata_patch,northharbor/dbt-healthcare-analytics#1892,merged,2026-07-06T19:16:00,2026-07-08T06:53:00,dpalmer@northharbor.health,true
WBK000693,TAP000986,revenue_definition_change,strategic,pull_request,northharbor/dbt-healthcare-analytics#1893,merged,2026-07-08T19:51:00,2026-07-10T13:13:00,hyusuf@northharbor.health,false
WBK000694,TAP000987,revenue_definition_change,strategic,pull_request,northharbor/dbt-healthcare-analytics#1894,merged,2026-07-14T02:36:00,2026-07-14T05:43:00,mkeller@northharbor.health,false
WBK000695,TAP000988,revenue_definition_change,strategic,pull_request,northharbor/dbt-healthcare-analytics#1895,merged,2026-07-08T10:30:00,2026-07-09T14:20:00,dpalmer@northharbor.health,false
WBK000696,TAP000989,revenue_definition_change,strategic,pull_request,northharbor/dbt-healthcare-analytics#1896,merged,2026-07-13T19:52:00,2026-07-15T06:28:00,dpalmer@northharbor.health,false
WBK000697,TAP000990,revenue_definition_change,strategic,pull_request,northharbor/dbt-healthcare-analytics#1897,merged,2026-07-24T23:06:00,2026-07-25T05:06:00,ptran@northharbor.health,false
WBK000698,TAP000991,revenue_definition_change,strategic,pull_request,northharbor/dbt-healthcare-analytics#1898,merged,2026-07-14T04:23:00,2026-07-15T01:22:00,swhitaker@northharbor.health,false
WBK000699,TAP000992,quality_measure_criteria,strategic,pull_request,northharbor/dbt-healthcare-analytics#1899,closed,2026-07-22T06:45:00,,ptran@northharbor.health,false
WBK000700,TAP000993,quality_measure_criteria,strategic,pull_request,northharbor/dbt-healthcare-analytics#1900,merged,2026-07-07T00:28:00,2026-07-07T07:55:00,mkeller@northharbor.health,false
WBK000701,TAP000994,quality_measure_criteria,strategic,pull_request,northharbor/dbt-healthcare-analytics#1901,open,2026-07-09T16:46:00,,ptran@northharbor.health,false
WBK000702,TAP000995,source_freshness_ownership,tactical,pull_request,northharbor/dbt-healthcare-analytics#1902,merged,2026-07-30T15:59:00,2026-08-01T02:32:00,ptran@northharbor.health,true
WBK000703,TAP000996,source_freshness_ownership,tactical,pull_request,northharbor/dbt-healthcare-analytics#1903,merged,2026-07-28T17:18:00,2026-07-30T03:16:00,mkeller@northharbor.health,true
WBK000704,TAP000998,source_freshness_ownership,tactical,pull_request,northharbor/dbt-healthcare-analytics#1904,merged,2026-07-02T11:06:00,2026-07-02T22:07:00,dpalmer@northharbor.health,true
WBK000705,TAP000999,metric_deprecation,strategic,pull_request,northharbor/dbt-healthcare-analytics#1905,merged,2026-07-16T16:10:00,2026-07-17T06:28:00,ptran@northharbor.health,false
WBK000706,TAP001000,metric_deprecation,strategic,pull_request,northharbor/dbt-healthcare-analytics#1906,merged,2026-07-22T18:29:00,2026-07-23T17:21:00,dpalmer@northharbor.health,false
WBK000707,TAP001001,metric_deprecation,strategic,pull_request,northharbor/dbt-healthcare-analytics#1907,merged,2026-07-26T15:09:00,2026-07-27T23:36:00,ptran@northharbor.health,false
WBK000708,TAP001002,metric_deprecation,strategic,pull_request,northharbor/dbt-healthcare-analytics#1908,merged,2026-07-20T22:51:00,2026-07-21T06:49:00,swhitaker@northharbor.health,false
WBK000709,TAP001003,denial_reason_classification,tactical,override_table,tapiq_overrides.denial_reason_category,applied,2026-08-02T17:39:00,2026-08-02T17:39:00,,true
WBK000710,TAP001004,encounter_type_mapping,tactical,override_table,tapiq_overrides.visit_type_map,applied,2026-08-02T17:36:00,2026-08-02T17:36:00,,true
WBK000711,TAP001005,phi_column_classification,tactical,metadata_patch,northharbor/dbt-healthcare-analytics#1911,merged,2026-08-03T15:19:00,2026-08-04T08:39:00,egarrido@northharbor.health,true
WBK000712,TAP001006,phi_column_classification,tactical,metadata_patch,northharbor/dbt-healthcare-analytics#1912,merged,2026-08-03T12:10:00,2026-08-04T13:44:00,mkeller@northharbor.health,true
WBK000713,TAP001007,phi_column_classification,tactical,metadata_patch,northharbor/dbt-healthcare-analytics#1913,merged,2026-08-03T12:49:00,2026-08-04T19:50:00,hyusuf@northharbor.health,true
WBK000714,TAP001009,phi_column_classification,tactical,metadata_patch,northharbor/dbt-healthcare-analytics#1914,merged,2026-08-01T22:59:00,2026-08-02T00:54:00,mkeller@northharbor.health,true
WBK000715,TAP001010,phi_column_classification,tactical,metadata_patch,northharbor/dbt-healthcare-analytics#1915,merged,2026-08-02T13:18:00,2026-08-03T02:08:00,egarrido@northharbor.health,true
WBK000716,TAP001011,phi_column_classification,tactical,metadata_patch,northharbor/dbt-healthcare-analytics#1916,merged,2026-08-01T11:07:00,2026-08-02T01:05:00,mkeller@northharbor.health,true
WBK000717,TAP001013,phi_column_classification,tactical,metadata_patch,northharbor/dbt-healthcare-analytics#1917,merged,2026-08-03T20:34:00,2026-08-04T14:30:00,egarrido@northharbor.health,true
WBK000718,TAP001014,phi_column_classification,tactical,metadata_patch,northharbor/dbt-healthcare-analytics#1918,merged,2026-08-03T18:57:00,2026-08-04T15:07:00,swhitaker@northharbor.health,true
WBK000719,TAP001016,phi_column_classification,tactical,metadata_patch,northharbor/dbt-healthcare-analytics#1919,merged,2026-08-03T18:39:00,2026-08-04T04:07:00,mkeller@northharbor.health,true
WBK000720,TAP001017,phi_column_classification,tactical,metadata_patch,northharbor/dbt-healthcare-analytics#1920,merged,2026-08-01T13:06:00,2026-08-02T15:33:00,dpalmer@northharbor.health,true
WBK000721,TAP001018,phi_column_classification,tactical,metadata_patch,northharbor/dbt-healthcare-analytics#1921,merged,2026-08-01T15:21:00,2026-08-03T04:56:00,hyusuf@northharbor.health,true
WBK000722,TAP001019,phi_column_classification,tactical,metadata_patch,northharbor/dbt-healthcare-analytics#1922,merged,2026-08-01T13:14:00,2026-08-01T15:15:00,hyusuf@northharbor.health,true
WBK000723,TAP001021,phi_column_classification,tactical,metadata_patch,northharbor/dbt-healthcare-analytics#1923,merged,2026-08-02T17:34:00,2026-08-03T22:13:00,mkeller@northharbor.health,true
WBK000724,TAP001022,phi_column_classification,tactical,metadata_patch,northharbor/dbt-healthcare-analytics#1924,merged,2026-08-03T18:13:00,2026-08-04T15:13:00,hyusuf@northharbor.health,true
WBK000725,TAP001023,phi_column_classification,tactical,metadata_patch,northharbor/dbt-healthcare-analytics#1925,merged,2026-08-03T20:31:00,2026-08-05T13:57:00,ptran@northharbor.health,true
WBK000726,TAP001024,phi_column_classification,tactical,metadata_patch,northharbor/dbt-healthcare-analytics#1926,merged,2026-08-01T21:26:00,2026-08-02T21:40:00,egarrido@northharbor.health,true
WBK000727,TAP001025,phi_column_classification,tactical,metadata_patch,northharbor/dbt-healthcare-analytics#1927,open,2026-08-02T14:30:00,,dpalmer@northharbor.health,true
WBK000728,TAP001027,revenue_definition_change,strategic,pull_request,northharbor/dbt-healthcare-analytics#1928,merged,2026-08-03T02:20:00,2026-08-03T23:35:00,egarrido@northharbor.health,false
WBK000729,TAP001029,metric_deprecation,strategic,pull_request,northharbor/dbt-healthcare-analytics#1929,merged,2026-08-02T13:54:00,2026-08-03T04:08:00,swhitaker@northharbor.health,false
